# Wavefront Obj file
# 
# verts: 3404 uv-s: 3845
mtllib groot.mtl

g RetopoGroup1

v -100.808327 616.731384 74.895889
v -98.449280 647.902832 78.335419
v -100.245110 633.403625 75.408936
v -95.196884 623.152710 78.126617
v -80.031090 618.089539 85.331451
v -66.287964 622.614014 92.918411
v -60.305794 637.442200 95.137970
v -68.131966 649.756775 90.535400
v -83.577454 653.474792 84.621429
v -57.877663 662.456970 101.432648
v -107.105774 656.854614 76.044403
v -117.558174 633.226379 66.321289
v -107.097923 605.139954 69.176483
v -74.230415 603.473816 90.028214
v -49.812786 614.002319 104.445023
v -46.522247 641.663879 103.295441
v -85.079285 668.325623 88.630203
v -109.321213 632.925659 72.768799
v -103.793953 653.438171 77.441849
v -84.998169 662.140869 87.196793
v -78.021980 611.115173 88.039398
v -58.229717 618.519470 98.722977
v -53.932724 639.635437 99.772461
v -63.413082 657.467407 96.699692
v 3.712610 654.630127 95.993683
v -2.616726 641.705994 98.970917
v 3.129265 627.798401 94.662933
v 18.270828 622.233521 87.281616
v 31.905724 626.041626 81.722092
v 37.713554 638.391724 78.685684
v 34.492275 650.656067 81.830826
v 19.211927 657.068665 88.894363
v -9.175069 663.886230 103.067459
v -16.104031 642.887817 103.734360
v -11.478553 614.069214 104.617554
v 17.345905 605.398926 90.564377
v 42.900768 609.521606 74.761780
v 52.576225 635.482788 70.205536
v 46.354111 657.097595 74.805176
v 20.140732 669.300537 90.748886
v -2.435020 658.366577 99.651489
v -10.181602 642.526123 101.677658
v -3.150478 620.094727 99.051834
v 18.316034 613.451416 88.981491
v 37.259720 619.564636 80.122406
v 45.833286 636.935303 74.964096
v 40.358231 654.040894 79.036438
v 20.245113 664.061951 89.720505
v 19.140926 641.667236 92.259918
v -81.865311 637.013245 89.939529
v 18.852213 629.318542 91.361923
v 29.386681 629.996277 83.911255
v 32.097561 639.230225 83.042648
v 30.719765 648.729309 83.835678
v 19.624149 652.453186 90.367493
v 7.812603 651.960876 95.033569
v 4.052210 642.213684 96.835922
v 7.172029 631.438416 95.033890
v -69.233490 627.491577 92.006256
v -67.461288 637.079956 93.163086
v -71.202896 646.576050 90.572952
v -83.085457 649.213196 87.115997
v -94.347649 645.474060 82.389572
v -94.144653 634.405029 81.953110
v -91.202972 626.353333 82.130661
v -80.290009 624.201843 87.100967
v -41.181625 571.909729 106.875305
v -15.173328 572.496216 105.149673
v -0.692514 578.936401 101.322891
v 3.642447 574.354065 98.217499
v -10.271747 562.486023 101.101715
v -45.069729 562.105652 101.242035
v -59.115326 569.821106 96.884323
v -54.432705 578.753662 102.951599
v -43.172768 583.900085 109.664078
v -13.277745 585.781677 108.813293
v 5.167589 586.760925 98.500320
v 15.038416 570.280273 90.200516
v -2.216880 553.866028 93.240921
v -51.389286 554.300415 94.472427
v -68.512321 566.745850 89.454407
v -59.420364 583.996033 100.564255
v -10.711453 595.344971 107.629959
v -45.882912 592.977661 109.096329
v 9.710331 593.353149 95.792618
v 23.195215 566.810364 82.162979
v 2.402970 549.110413 86.422516
v -55.765564 547.982422 86.311966
v -80.427368 564.241821 79.301407
v -66.021355 590.745361 95.841080
v -41.193871 568.605957 103.176025
v -27.006863 593.706360 109.954697
v -27.569363 615.927002 107.663147
v -28.582457 642.824585 105.660934
v -13.407481 569.689331 100.159058
v -56.644600 575.125671 99.943573
v -27.177126 560.476868 101.383423
v -27.049974 567.918823 102.236328
v -0.372046 576.981628 100.319061
v -27.051310 584.929626 109.926010
v -27.052099 571.635925 108.364624
v -27.254391 550.311279 94.552673
v -26.915512 543.158447 88.050461
v 29.109085 585.992249 81.216293
v 14.637801 580.713013 91.676178
v -91.493454 586.773254 76.170334
v -70.921318 579.162109 90.565033
v -26.664375 518.421875 52.657375
v 57.395245 597.947632 58.450020
v -66.936607 714.797424 101.749924
v -24.969452 495.794098 54.828625
v 4.840066 520.610352 43.996056
v 8.670004 499.775055 45.513283
v -98.363815 702.918579 83.950363
v -66.491890 533.751831 2.020002
v 19.282814 535.172607 5.768405
v 24.351746 513.711426 7.932599
v 2.310705 533.506897 -26.065586
v 5.715143 511.780487 -39.695744
v -29.422976 533.650024 -35.570599
v -32.475666 511.466492 -46.918411
v -55.216919 533.702087 -24.683212
v -62.460705 510.324158 -35.331200
v -57.428581 521.331604 33.824718
v -58.427994 499.985992 37.305927
v -73.469116 513.101990 4.127139
v -63.511036 696.856873 102.308640
v -94.137993 689.233582 86.338486
v -87.105751 559.371948 69.104721
v -104.871635 581.393005 65.935944
v -140.660049 673.691650 27.754166
v -126.210197 665.715942 60.611439
v -130.534760 637.884338 22.225838
v -128.671936 636.374084 48.222454
v -125.312416 602.584595 23.532301
v -124.261215 601.865845 46.717010
v -115.010834 570.343933 25.446085
v -112.676163 575.577271 50.044930
v -89.353485 545.543274 41.082401
v -94.764915 554.777466 56.188400
v -60.412807 540.781128 69.370407
v -60.027351 535.266968 55.023781
v -25.891441 531.138611 64.456436
v -26.531244 534.273987 74.552078
v 9.367248 538.165222 58.767601
v 12.191500 543.208313 66.925751
v 33.782440 552.438232 42.116482
v 36.483047 562.333252 58.418068
v 73.236313 629.077271 37.977921
v 65.927048 629.691223 56.747601
v 60.835827 663.678101 65.102264
v 74.803520 665.050232 38.697517
v 47.749870 579.766541 61.026569
v 53.241768 572.945984 37.848045
v 29.443953 692.488647 88.512039
v 33.351002 704.479980 85.896698
v -30.276762 718.298279 107.699387
v -29.448463 698.960022 108.084335
v 2.274205 713.832458 102.234482
v 0.494122 697.273621 102.623856
v 65.215210 595.396057 37.631947
v -26.891991 537.669922 81.185028
v 7.111375 545.789673 78.717224
v 31.803013 563.892578 70.445374
v -28.700712 669.489990 106.765610
v -59.092964 543.997253 77.979401
v -117.580597 604.260559 58.559280
v -123.745766 634.584839 59.428005
v -116.602814 661.136414 70.174484
v -88.472397 677.836853 89.813782
v -58.863773 681.687988 104.020325
v -29.360113 683.259644 107.847733
v -5.375498 680.403137 104.819916
v 53.113480 659.475037 69.932968
v 25.684505 679.978577 91.844574
v 59.803043 632.199585 65.336990
v 50.565060 602.946960 66.664261
v 40.621628 583.760742 71.811005
v -240.515350 448.883545 22.400051
v -242.480881 444.011993 15.682798
v -242.439346 447.226105 6.038953
v -241.821152 446.381714 0.392746
v 322.144165 483.713837 -29.811571
v 275.321655 488.843994 -21.846321
v 246.730652 491.544250 -20.638737
v 209.403168 494.172791 -19.688692
v 165.440399 501.240051 -20.739408
v 248.711853 481.227814 4.693717
v 274.917725 479.401642 -0.264205
v 272.942261 464.079102 2.350783
v 247.276001 464.292938 3.525775
v 273.673096 453.036163 -26.798012
v 246.297852 449.493958 -25.285645
v 275.544617 487.579651 -28.203682
v 245.443527 487.854797 -25.045444
v 276.073425 487.757751 -10.925961
v 248.734650 490.824493 -9.630118
v 248.900482 472.705292 -39.847683
v 275.146912 474.063995 -35.441360
v 72.347809 495.140106 1.835162
v 82.194321 489.129761 22.434158
v 75.166885 501.794556 -28.093115
v 74.238335 477.576385 -51.617500
v 84.801338 436.599548 -24.123190
v 81.128426 462.942902 18.703926
v 52.231102 487.661285 29.419315
v 58.292976 458.098907 31.612225
v 66.440865 420.233765 -26.405060
v 36.564968 464.020660 -62.731926
v 45.169067 504.907806 -29.348660
v 45.630959 507.054108 6.693733
v 161.221130 486.610565 -3.492831
v 164.880219 480.280212 7.380775
v 167.441345 463.008606 11.106291
v 165.780518 447.137451 -23.313026
v 159.727615 472.152252 -38.251961
v 164.427307 498.926086 -27.168846
v 118.931435 462.298096 19.903854
v 120.907562 488.348846 13.866075
v 115.792366 493.292297 -0.478562
v 114.802986 499.949463 -27.945116
v 111.486488 478.501801 -47.702484
v 120.508102 443.604401 -23.534622
v 211.229752 480.820160 6.654880
v 212.663132 463.350098 9.975511
v 210.742371 444.264313 -24.899700
v 210.350845 475.250244 -40.069115
v 208.603043 489.448700 -24.419588
v 209.732224 489.810303 -7.116316
v 112.347961 495.027405 -17.050491
v 73.642738 502.691711 -16.971664
v 43.334480 507.977814 -16.116798
v 17.790436 514.170227 -20.957407
v 14.086164 533.344971 -10.998260
v 32.944118 564.436523 -36.747444
v 49.110626 594.908020 -48.544262
v -296.144592 483.330444 7.150996
v -274.539673 485.436859 6.489181
v -241.348480 452.940094 -9.439390
v -241.373932 457.489899 -13.999886
v 343.480896 458.180206 11.297836
v -244.218704 465.816254 -18.298994
v -90.916801 506.334351 -8.664780
v -71.100319 515.785400 -20.990074
v -60.908581 533.147827 -10.692088
v 342.975891 454.815063 5.252069
v 339.484863 457.376953 -2.690316
v 343.350281 464.561615 -3.801062
v 342.977600 470.107697 0.936866
v 343.751648 463.671600 13.977906
v -94.158241 565.879028 -41.840767
v 343.170532 469.602386 10.097176
v 396.870972 459.848236 19.342079
v -106.322266 595.869568 -57.866600
v 399.487732 460.867401 24.446957
v 395.211731 459.796814 26.666313
v 393.753113 456.961548 23.805387
v 394.464478 464.450012 25.151058
v -112.880447 632.500122 -68.597290
v 394.329285 464.691040 20.760201
v 393.664856 456.931946 19.165462
v -110.325478 666.980042 -71.658752
v -109.347900 696.584900 -73.365128
v 389.401489 458.101715 25.594738
v -110.594048 742.520874 -78.086319
v -103.797112 774.517517 -73.836105
v -85.410393 769.119324 -56.107224
v -71.208015 761.989014 -39.383442
v -34.987240 758.652771 -27.100676
v 343.397705 469.411011 -22.817318
v 319.688721 481.875793 -41.207054
v 323.916443 482.941956 -18.131334
v 325.009949 481.639252 -4.226357
v 290.486816 467.884399 7.377979
v 5.635471 759.904907 -25.185232
v 281.224609 460.713745 2.017678
v 21.741840 758.921753 -28.324640
v 288.612244 450.805756 -0.014984
v 46.029327 771.804871 -56.605564
v 306.499023 448.331207 -3.459169
v 315.277222 452.162262 2.054616
v 315.537659 455.174805 7.221972
v 302.569824 468.163361 8.983582
v 313.992615 461.272064 8.483332
v 334.145386 432.951599 22.440008
v 337.364868 431.878540 30.417500
v 338.792236 434.752411 34.427097
v 318.425659 454.741699 -37.608082
v 317.483826 472.870453 -57.148037
v 331.022400 431.347992 29.013884
v 335.489014 436.730896 23.703043
v 335.760132 438.362396 26.388741
v 333.092712 436.475952 20.465223
v 326.627197 430.878204 23.835743
v 330.050049 435.360809 31.919056
v 408.309631 463.381287 -12.376864
v 417.133911 466.917603 -16.936062
v 412.545654 466.180756 -21.895365
v 334.265930 473.830444 -42.958282
v 401.949829 469.343292 -49.559032
v 399.757141 470.013947 -57.309261
v 404.113098 469.498444 -56.285362
v 371.356812 462.530396 -79.056458
v 367.483459 462.540314 -82.974167
v 368.421387 468.298004 -85.649078
v 374.437378 469.745239 -80.878433
v 411.360840 468.546112 -16.173822
v 417.624451 462.927612 -18.384623
v 409.262695 468.098541 -21.196205
v 409.494690 461.363190 -20.484159
v 406.540039 459.898743 -14.797650
v 407.946716 467.375854 -13.387563
v 388.069458 462.368591 26.979168
v 56.598888 752.877563 -62.296200
v 64.462639 702.696594 -61.396595
v 64.886688 665.649658 -58.947495
v 57.926723 627.719421 -53.994724
v 399.588806 472.621185 -52.072239
v 400.989441 465.348206 -54.375626
v 397.583313 471.660492 -56.085201
v 396.996460 466.838104 -56.608994
v 400.526062 465.613586 -50.737995
v -29.126385 216.301453 41.482361
v 41.867023 241.137482 50.159138
v -28.023590 47.118011 56.244583
v -31.833931 55.534882 -3.546626
v -80.898628 55.944916 -70.542465
v 40.643719 345.373260 43.582809
v -161.971237 47.900208 -22.756235
v -156.777130 51.917603 22.788124
v -139.821381 54.251312 76.125229
v -47.351440 81.163055 35.867085
v -43.470928 82.399902 -5.878613
v -79.380325 81.647980 -55.842770
v -141.809753 83.086761 -18.271582
v -35.274719 305.310516 64.186172
v -1.524598 8.995270 17.732742
v -144.658249 90.864807 17.911079
v 129.093048 7.415314 -32.201000
v -112.493835 90.630890 54.566448
v -38.501598 343.342010 67.632080
v -30.117603 6.053284 -10.165085
v -35.786255 0.073608 59.017437
v -78.316887 10.311707 -68.221527
v -94.882950 286.543915 2.817994
v -53.740173 284.186035 -70.376801
v -164.823181 12.496338 -28.784113
v -143.747238 7.178955 64.621155
v -164.285599 12.032349 27.967224
v -23.688190 215.078903 -25.093664
v -45.472431 229.916077 -56.370518
v -94.046219 442.005402 25.613523
v -97.938896 247.247681 -33.276638
v -99.852623 246.342026 6.577738
v -87.773926 244.647507 41.600712
v 64.607124 256.628540 -26.875603
v 86.903671 11.854370 57.968857
v 16.071398 235.002243 -67.334778
v -11.379332 218.887070 35.747681
v -8.926859 215.446945 -34.171288
v -92.123650 284.513245 -35.370853
v -18.062546 281.183990 -77.645416
v 10.891455 286.990723 -74.400208
v 53.785675 297.566376 -29.872059
v -8.890169 306.208344 67.300232
v -9.746929 344.355682 71.064316
v 49.220470 344.194824 -26.553947
v 49.232788 311.211548 -29.616543
v 13.236952 349.553680 -63.634651
v 11.486550 317.975983 -68.165955
v -81.890800 341.726074 -30.812469
v -86.681885 312.853912 -34.687401
v -88.926041 342.150085 9.953075
v -94.018425 311.703613 4.755400
v -115.917084 19.308960 34.322327
v 38.523712 282.284912 46.921799
v -9.436294 269.904663 54.620399
v -122.200691 17.738373 -14.477732
v -88.119804 17.009460 -28.467091
v -74.569695 27.206055 -5.317819
v -72.400169 28.044067 26.432125
v -80.029678 279.874634 40.784031
v -146.081558 10.941406 -22.172615
v -83.034950 11.661407 -46.685730
v -57.430088 17.928680 -9.435565
v -58.457169 16.653412 38.305870
v -125.044548 10.933258 47.357338
v -126.211441 10.402649 48.143860
v -33.204861 269.884644 56.932480
v -126.337852 10.413513 47.957176
v -122.052673 23.282623 10.203789
v -138.728989 15.484528 17.639734
v 20.382380 11.692505 2.704879
v 50.144176 5.305359 -72.619049
v 112.075546 9.319031 -27.506426
v 80.400856 13.503265 41.578327
v 40.286282 22.834167 -8.084220
v 64.250343 14.050171 -47.353443
v 99.695831 16.604675 -23.667593
v 76.974571 20.137299 29.216394
v 39.352592 310.799561 48.578484
v -78.620491 343.500092 40.779999
v -76.920059 309.728668 40.193558
v -15.910336 351.893738 -67.978088
v -17.568951 316.729034 -69.731003
v -53.322449 346.694885 -60.906563
v -52.869694 314.623688 -61.751587
v -246.593704 474.223694 -19.867186
v -247.331604 479.303314 -17.835958
v -86.052010 456.079407 37.884602
v -84.072105 491.113190 37.644115
v -247.297226 482.046906 -16.419273
v -38.617901 281.694641 -75.955597
v -38.559361 315.658112 -66.309723
v -38.529545 350.079193 -67.633484
v -78.342918 803.670715 94.025055
v -46.456081 831.833618 95.634323
v -5.652392 802.492126 95.133286
v 26.850582 788.485718 84.768265
v -110.814240 810.927612 77.280472
v -141.218170 770.369324 23.120420
v -89.903687 666.522827 -91.244690
v -118.133911 599.095276 -35.951561
v -101.930573 566.825439 -24.317568
v -124.439964 635.008972 -42.756138
v -127.842964 741.408020 -54.985107
v -80.360313 565.854126 -58.244167
v -32.543587 564.330078 -73.018036
v -246.494324 484.322845 -13.073159
v -95.872009 507.579254 11.984414
v -91.363365 504.753113 -20.452669
v -246.605743 484.989410 -7.109221
v -93.463028 462.803711 -41.420456
v -247.629349 490.363342 -3.001984
v -101.593918 446.432159 -24.524176
v -246.654282 490.905304 3.868181
v -248.048477 489.409149 10.252398
v -97.790771 431.799957 2.203423
v -268.657288 450.479706 0.644220
v -289.572632 462.915344 -14.844661
v -267.461060 458.992249 -12.964911
v -292.679626 473.223358 -13.026975
v -296.212341 483.782104 1.187241
v -275.846436 486.488953 0.561119
v -274.165588 476.523865 -14.595373
v -288.565918 453.559357 -0.651739
v -267.525085 452.062439 26.484257
v -288.701782 454.913635 20.878618
v -276.139587 484.905762 17.610451
v -295.492432 483.506897 14.625030
v -293.241577 467.326447 24.135288
v -269.657104 470.756500 27.368681
v -287.768066 453.447510 10.787621
v -269.314880 449.760956 13.494946
v -19.203651 459.665100 57.687195
v -59.590519 455.662659 59.576458
v -66.969849 467.614899 -56.691437
v -40.049568 461.673401 -66.399033
v -6.013926 459.086090 -70.011368
v -31.017519 237.906998 54.623402
v -10.693293 238.494644 55.993095
v 38.508183 258.470581 49.473408
v 57.029682 275.918915 -27.400244
v 13.493538 252.792877 -74.235199
v -15.680441 241.427444 -70.878296
v -34.305958 241.225632 -70.639008
v -53.518051 250.454193 -70.918060
v -91.654884 267.336456 -33.738720
v -93.977486 267.049561 3.416155
v -78.707397 260.291443 41.587708
v -39.633255 428.744385 -69.661774
v -10.213996 425.796509 -69.864456
v 24.964941 411.816803 -67.352615
v 58.863617 393.609863 -25.799749
v 52.370369 416.180664 39.291161
v -15.612295 420.393951 65.433685
v -49.786404 420.800598 64.420258
v -86.976440 409.148865 33.144958
v -100.768234 401.902466 5.892546
v -96.778328 415.078888 -28.234571
v 45.043808 380.011261 42.525658
v -12.897174 381.102081 70.939651
v -43.246811 380.722260 65.684601
v -85.356064 373.858063 40.913616
v -89.466972 375.805176 -31.533976
v -57.418755 385.973267 -62.195164
v -39.153217 388.275513 -67.187759
v -13.529984 388.845612 -70.377914
v 17.708082 383.886078 -61.365868
v 53.844208 367.892487 -26.188736
v 88.104782 32.640594 64.326859
v -3.971926 26.100098 22.944798
v 134.629471 30.821838 -34.607811
v -19.721369 24.237976 -11.639128
v -28.022081 17.642548 70.766174
v -147.385559 26.806854 73.538773
v -169.571808 27.976807 29.334709
v -168.147430 26.950653 -26.180780
v -78.254257 26.785065 -77.107635
v -34.966087 65.381897 46.998440
v -122.923210 72.598297 69.012329
v -151.743958 72.960968 23.100555
v -152.581680 64.354767 -21.423151
v -77.887726 65.344971 -63.263561
v -37.936062 69.112976 -4.674765
v -51.072014 99.656647 27.825191
v -106.874016 110.469360 50.550011
v -135.370270 111.155426 15.710503
v -131.982956 103.797760 -17.951599
v -78.872963 99.402008 -50.273739
v -51.003960 100.239899 -6.080647
v -247.612930 488.663055 15.626562
v -243.704849 481.874115 22.117449
v -241.019531 473.116791 26.951109
v -239.373306 465.318390 28.655285
v -239.154907 453.242889 25.998320
v -263.172241 487.504791 17.329088
v -263.282715 487.221313 11.552268
v -261.923523 489.203156 5.161815
v 65.557663 256.713562 -3.931038
v 57.151901 275.106781 -6.655622
v 56.653263 296.734100 -11.050976
v 55.045052 311.610504 -9.294060
v 51.829674 345.465027 -6.585716
v 55.333057 369.474396 -8.037022
v -262.943909 488.613556 -1.059157
v -261.789063 485.366547 -6.060983
v -260.944336 481.884491 -10.009892
v -262.260620 480.679596 -13.891245
v -262.310730 479.320251 -15.778687
v -261.633118 475.628204 -17.879623
v -258.788635 466.747803 -17.371895
v -255.407745 458.691345 -12.640841
v 70.693428 766.880920 41.992970
v 77.292252 662.150024 -14.890909
v 72.520111 628.285217 -15.759841
v 63.638611 596.412537 -13.823609
v 76.185089 772.675171 -0.534939
v 15.332531 564.496887 -59.357025
v 43.672661 564.965454 -9.041348
v -88.096153 741.241272 -95.030746
v -35.881927 732.574402 -110.789764
v 30.072628 744.616943 -87.339447
v -88.665291 595.276123 -77.239365
v -33.738049 593.918213 -92.875244
v 25.116590 594.139221 -72.601639
v -91.330887 632.172974 -87.058914
v -34.776520 628.777771 -103.264175
v 30.085924 627.445496 -81.505035
v -124.670677 668.882629 -47.867790
v -32.923473 667.423096 -108.184067
v 33.081226 667.817810 -86.338318
v -123.533089 600.927979 -1.020589
v -134.892532 635.989807 -5.855403
v -138.461700 671.104004 -3.130739
v -137.140656 757.003174 -11.185596
v -109.410797 569.280151 5.849108
v -79.435928 540.937927 23.401810
v -58.713795 531.499695 43.756809
v -26.246244 526.923828 55.033363
v 7.850253 533.792297 50.217541
v 28.185102 546.425598 27.055746
v 50.935730 568.191589 15.257223
v 64.767082 595.184875 14.718270
v 72.713921 628.447754 14.098405
v 76.210884 663.060852 17.782286
v 76.557220 767.432373 26.053722
v 0.220223 756.974121 101.904190
v 31.399323 740.886902 87.105545
v 77.018806 706.426514 41.993908
v 79.831772 699.419617 21.187126
v 80.665115 699.964966 -10.805252
v 34.317314 698.526123 -89.477936
v -32.858238 696.677185 -111.219269
v -90.950409 696.476501 -94.758881
v -126.480927 698.082825 -52.115017
v -139.579315 705.263123 -5.584000
v -138.582108 716.795898 32.633488
v -103.274254 745.809814 80.796036
v -73.778992 758.572876 99.142197
v -35.138680 763.990234 103.376343
v -45.291409 805.068176 47.400780
v -9.365952 793.546326 35.588814
v 16.022013 777.801880 18.649237
v 12.832143 767.951111 -6.102321
v -2.030459 750.500122 -37.092117
v -35.898117 748.546448 -42.609211
v -65.646759 756.390015 -49.044567
v -77.989296 765.328064 -24.092070
v -87.944237 778.265930 -4.451171
v -75.755409 788.509216 15.959709
v -39.224747 815.442871 59.016800
v -8.590479 805.142029 55.792244
v 30.210119 775.697571 25.835638
v 31.073132 762.182800 1.090632
v 5.446710 748.437073 -48.071808
v -36.371487 743.937927 -61.665882
v -71.476616 758.485229 -64.068466
v -95.763565 773.914795 -42.049686
v -101.402802 778.840454 -7.147645
v -95.646393 790.220154 17.300005
v -36.044273 769.696716 -4.601169
v 5.566679 794.356812 48.499081
v -58.509361 814.744629 55.326805
v -80.038803 797.971375 47.037392
v -129.636444 808.030334 7.746672
v -94.518448 814.702209 61.034607
v -75.325424 825.552673 76.368576
v -42.621361 834.771179 79.581375
v -3.988592 814.173523 77.692734
v 18.440868 790.630005 71.192001
v 48.889603 771.260071 35.954048
v 63.313667 777.831177 -2.773354
v 19.582115 756.868347 -79.561996
v -38.301327 744.271118 -92.657196
v -81.545769 750.246826 -80.111435
v -118.710091 782.289856 -54.902527
v -124.228050 777.212524 -12.138770
v 398.345032 471.321594 -47.751167
v 342.182251 477.547485 -35.514263
v 342.804443 471.427185 -29.848490
v 341.621643 467.284393 -29.884571
v 338.787231 464.064514 -32.334232
v 334.244263 469.306213 -44.391788
v 336.789063 465.729645 -42.063442
v 338.055054 463.709686 -38.194855
v 373.576660 462.354309 -83.218735
v 372.844727 469.968140 -84.435196
v 375.264465 466.452393 -79.449539
v 379.069885 466.188843 -87.902649
v 369.873291 464.553741 -87.020905
v 330.958557 471.540161 -63.795231
v 334.528931 476.845215 -58.583324
v 326.877380 464.876404 -62.541962
v 329.246887 461.786102 -52.656345
v 331.825684 464.994690 -51.282391
v 331.222961 468.397705 -49.263943
v 328.932861 472.519836 -49.422943
v 345.505615 474.560791 -17.895536
v 342.642822 471.049835 -9.431727
v 343.513855 463.291656 -8.300568
v 341.600342 458.756500 -12.468346
v 345.254944 459.906799 -21.503908
v 341.884155 464.516510 -23.538746
v -255.678055 454.297607 -8.815798
v -256.305786 448.735504 0.574924
v -256.925201 447.590546 5.752674
v -257.178802 445.601288 14.560508
v -255.486481 449.303986 21.524427
v -21.868755 477.224915 54.929482
v 56.036182 473.846893 33.301361
v 81.843208 476.188965 21.816893
v 119.924438 475.294342 19.937029
v 166.267960 472.673187 12.003787
v 212.542007 473.303558 13.021441
v 247.863754 472.875854 4.808918
v 274.447815 474.303345 3.946157
v -37.217724 262.641266 -75.135483
v -30.008188 261.592987 -76.121368
v -17.075363 261.907593 -78.983322
v -3.511071 264.923187 -78.816559
v -42.984417 468.112793 55.957561
v -83.233368 476.422852 41.963203
v -254.399445 452.664612 25.901524
v 63.758301 394.311890 -10.897808
v -254.639069 464.340759 26.856987
v -256.501465 471.929993 27.389387
v -259.109619 480.604736 22.740362
v -267.490540 463.610260 23.899578
v -288.563843 461.341888 21.720171
v 247.146881 485.049591 -33.500183
v 274.816589 480.700409 -33.767220
v 319.669617 481.319550 -50.279755
v 208.416794 485.747253 -34.160027
v 161.891769 488.261292 -34.768803
v 111.934639 489.317596 -37.562862
v 73.217216 490.756165 -42.073917
v 43.105976 494.734558 -48.479401
v -0.290644 494.059814 -58.585537
v -35.849239 496.012939 -57.129650
v -65.896378 497.887360 -45.647514
v -97.481216 496.404510 -37.703896
v -209.047318 487.216797 24.022223
v 71.639763 420.437439 -13.647755
v -212.746368 493.259460 12.391136
v -213.624649 495.477814 7.533701
v -211.673828 491.337646 1.231591
v -273.266357 480.077209 -7.574138
v -294.348022 479.141235 -6.546182
v 131.605728 30.586456 8.989340
v 130.382996 9.220154 -5.823332
v 111.122810 14.046326 -8.298681
v 94.924652 22.809631 -11.755519
v 55.788761 16.013306 -41.240257
v 39.181988 7.678040 -55.678970
v 19.101624 8.350861 -73.675171
v 6.909576 27.774261 -74.808563
v -79.928032 434.860352 -51.708118
v -96.716873 371.085266 9.123428
v 0.590191 228.072083 -57.679718
v -2.105758 246.264557 -73.609283
v -4.353540 283.083771 -77.536316
v -3.614178 317.399414 -70.802078
v -1.200136 351.447662 -63.699570
v 2.341024 387.736664 -68.101028
v 6.714476 424.902893 -71.520599
v 12.993075 460.444458 -67.391525
v 19.066830 493.798645 -53.836605
v 26.255190 509.418213 -33.737747
v 27.445503 509.398010 -17.685152
v 32.117844 508.994812 7.686075
v 30.249325 493.701752 40.581921
v 31.888000 477.343506 40.707085
v 33.021748 459.702454 50.120548
v 32.854923 421.251465 54.599720
v 29.560915 381.863861 54.590050
v 26.712303 345.281738 57.339020
v 24.700563 309.173462 57.197037
v 23.338860 276.508606 53.576637
v 22.993980 250.875275 54.509377
v 24.032593 233.030472 50.218204
v -79.411659 439.147247 47.887730
v -75.957428 417.867340 52.902119
v -72.697433 397.285248 55.977551
v -68.157722 377.963562 55.667057
v -63.779839 359.913605 57.141964
v -62.232880 342.900879 56.103043
v -58.517136 324.948151 57.316601
v 55.678501 31.829193 69.905334
v 58.550152 10.801666 61.773613
v 62.848892 16.704895 41.634129
v 66.061066 27.024872 13.939870
v 89.736053 14.424988 -34.001488
v 100.109688 4.446686 -55.971973
v 117.305527 6.330078 -75.482758
v 118.101547 26.230865 -74.911102
v -57.190449 307.177673 56.115826
v -56.709999 289.595551 54.467136
v -56.445251 273.837341 53.806599
v -55.687489 261.781464 53.711018
v -55.678257 249.196777 56.086620
v -56.501518 230.495407 56.302601
v -60.463207 207.152237 54.092762
v 54.192963 250.816544 -54.785851
v 46.563995 272.229401 -52.562763
v 43.877846 295.747864 -53.917080
v 39.656841 314.966614 -45.874741
v 38.029968 344.386688 -39.321270
v 45.060989 370.471802 -42.447777
v 50.445389 400.127991 -41.589848
v 59.123013 430.248901 -41.863888
v 78.930603 445.859497 -34.567558
v 116.546852 445.537659 -33.838001
v 164.224731 449.958710 -33.381447
v 210.301300 448.496063 -33.501816
v 246.059998 450.660309 -34.478642
v 273.340088 457.788513 -33.037357
v 316.104919 456.069092 -47.234303
v 86.940506 434.482910 -13.132092
v 122.223984 442.791290 -12.945142
v 167.017105 441.253296 -13.999398
v 210.996552 443.890045 -14.455007
v 247.151398 451.040314 -15.488602
v 274.654907 454.783997 -17.521528
v 321.024597 453.551361 -28.645247
v 86.011688 445.657257 10.240364
v 69.725807 436.528503 21.196815
v 61.216774 405.765045 21.648180
v 54.400452 374.942413 26.737762
v 49.367641 345.546265 30.095102
v 48.828239 311.336426 30.835840
v 51.348011 288.725891 30.238344
v 50.141842 267.926880 32.482712
v 56.239895 249.012543 39.487625
v -63.609325 187.871597 51.577232
v -68.402718 165.577423 45.879261
v -72.129051 141.444550 46.197269
v -74.145599 123.559784 55.044014
v -75.340805 106.254456 59.844933
v -76.348976 87.961823 67.414322
v -76.862396 68.527283 73.490570
v 110.189323 29.004211 51.746445
v 109.522751 16.191986 48.825928
v 93.509941 11.945648 32.476368
v 82.897400 23.571320 11.075990
v 72.313972 28.716278 0.454546
v -79.356201 49.990234 83.880920
v 44.379826 21.630554 -20.199415
v 22.459770 9.893829 -24.395308
v -2.476433 8.121185 -21.745342
v -8.322303 25.031281 -17.847649
v -81.055290 34.567200 90.080750
v -82.738235 19.840759 92.247116
v -84.823288 10.545990 92.100830
v -85.442017 7.606964 79.749481
v -86.757202 11.899780 66.306580
v -88.632256 16.933990 52.764286
v -94.278366 25.068176 35.171127
v -11.187663 217.772827 0.348408
v -22.718248 208.900589 -0.067162
v -97.786484 32.188293 18.065224
v -99.720253 32.324097 3.243355
v -104.884949 24.503815 -13.030019
v -50.163258 99.125610 8.491200
v -43.843441 82.708527 14.387911
v -34.192142 67.871063 19.446552
v -27.403170 52.448120 23.254395
v -20.660601 21.516968 19.753578
v -29.220615 7.444702 18.733946
v -54.552032 20.988892 14.652921
v -73.385391 29.949158 11.840257
v -108.722687 17.918335 -25.409374
v -119.681602 22.105988 20.170280
v -133.707397 12.023010 32.115704
v -157.527481 9.510254 43.096031
v -165.654770 27.539276 49.184986
v -150.296387 51.789978 44.067192
v -139.752991 72.714142 43.563839
v -126.851677 90.954163 36.732044
v -123.700027 112.077271 35.998825
v -122.243324 9.051727 -40.693069
v -127.413536 6.514435 -53.508480
v -130.120331 11.602814 -62.288368
v -97.499344 248.089920 19.478346
v -91.846085 265.908539 20.500084
v -89.850609 284.076263 22.521116
v -88.247482 310.599213 22.281569
v -85.965706 341.814087 23.509165
v -93.813622 370.026611 23.718365
v -97.766159 403.758026 19.516041
v -100.971306 433.659851 11.202693
v -212.556152 488.127686 -5.018397
v -212.375702 486.601654 -10.580555
v -212.707504 484.677002 -16.042385
v -212.642181 481.704895 -18.552069
v -269.402527 446.975952 5.497489
v -287.287537 454.996796 4.434464
v 119.802872 451.844086 7.133858
v 168.160156 453.921539 2.593134
v 212.217804 452.366791 2.939316
v 247.200424 456.791351 -0.992888
v 274.127991 461.165253 -2.892549
v -132.230545 23.975830 -69.623001
v -17.340879 440.594849 62.469761
v -72.184654 460.455994 49.978481
v -134.585831 36.780487 -68.180878
v -92.572952 427.851837 31.893478
v -99.015053 422.566559 17.922770
v -101.633621 421.479706 3.803099
v -98.819946 436.435455 -27.220812
v -131.589874 46.732941 -63.827568
v -70.262169 432.527710 -57.719780
v -129.025711 54.229340 -59.352264
v -8.170808 443.527802 -71.004745
v 9.820500 443.944794 -69.076202
v 28.026943 443.535339 -64.302803
v -123.386162 67.583038 -47.655067
v 53.535164 415.910461 -40.636940
v 62.845749 407.222076 -26.177746
v 66.741280 408.035767 -12.164154
v -117.010674 83.244202 -41.029453
v 67.679909 421.688507 19.865330
v 56.397167 438.090088 35.522003
v 33.220585 440.996796 51.510086
v -32.960548 740.807983 106.553848
v -70.794525 737.815674 100.071335
v -101.690941 723.981445 82.137497
v -141.237381 694.388855 29.785660
v -140.155411 689.724121 -3.646976
v -126.248878 684.021057 -50.694641
v -109.847076 681.720642 -73.275589
v -89.922684 681.345825 -94.143890
v -32.855450 682.610229 -110.094803
v 33.840340 685.464050 -88.977829
v 66.264709 685.193970 -60.514324
v 78.672638 683.212158 -12.544147
v 76.926064 683.366333 19.558126
v 75.397621 687.479980 40.891647
v 33.339424 722.275574 85.768173
v 1.361715 737.008728 102.280594
v 326.156860 452.606812 -12.146954
v 328.092590 457.850494 6.039268
v -110.888138 101.400055 -34.854420
v 325.820313 462.802094 7.234222
v 323.209106 470.071014 6.667627
v 327.361450 454.372955 1.534847
v 327.657227 452.620636 -5.701910
v 299.431335 485.480164 -12.692557
v 299.923889 484.005035 -0.926661
v 298.300232 488.762054 -25.738070
v 297.538513 486.540497 -36.508530
v 296.552673 483.291260 -43.085960
v 295.695862 472.802795 -47.431240
v -104.677055 121.171051 -34.736755
v 295.980164 454.842499 -40.044529
v 296.850891 454.190796 -31.856169
v 298.443115 454.058807 -22.857777
v -127.937653 129.747101 13.913658
v 286.801941 485.675995 -11.239237
v 285.840027 482.014557 -0.503350
v 286.915039 488.625305 -22.781162
v 286.939819 486.299652 -32.312923
v 286.130859 482.943359 -37.903755
v 285.640198 473.182556 -40.641514
v -100.856125 142.569916 -39.755432
v 285.221313 455.379364 -36.090111
v 285.614990 453.906799 -28.813326
v 286.623657 453.811035 -20.297268
v -124.721748 126.616089 -5.211587
v 300.061157 479.736755 7.011272
v 323.098267 477.148499 2.538087
v 286.838379 477.261597 6.880253
v -95.842316 169.308121 -43.280140
v 306.395813 455.579590 -43.680641
v 307.757751 454.943695 -34.771854
v 309.911316 454.218109 -25.619043
v -123.530190 123.439301 -18.326694
v 306.851563 472.241913 -51.636017
v 307.220337 481.906555 -47.035614
v 307.056885 485.001556 -39.502243
v 309.460449 486.986603 -27.449448
v 310.748535 483.894104 -15.043551
v 311.804016 483.150787 -2.125526
v 311.756226 478.664063 5.182340
v 312.214478 469.637512 8.198085
v 319.612732 461.496002 7.232635
v -116.318802 122.784088 -29.956919
v 321.820618 457.071686 5.160754
v 320.712341 453.917297 1.408871
v 316.258423 452.646759 -8.545523
v 319.826050 452.948486 -2.960181
v -89.300285 194.639526 -44.351662
v 55.210976 475.914886 -60.330307
v 57.786919 494.638092 -46.220886
v 57.914894 501.472046 -28.071310
v 58.832680 507.872955 -16.541555
v 59.887318 501.536957 2.604958
v 66.825417 489.156647 24.680405
v 67.825127 475.713287 22.156084
v 69.828796 461.529755 19.308887
v 75.657135 444.219208 12.309916
v -90.131081 119.468231 -47.531158
v 75.880630 432.091858 -12.962019
v 72.103935 433.302094 -23.087858
v 67.079239 441.542999 -35.033886
v 59.003613 461.097992 -49.203671
v 74.886040 464.494995 -48.052425
v 108.749191 466.074005 -46.177467
v 160.717606 466.846039 -38.339848
v 209.816681 466.865906 -40.293255
v 247.432022 468.135590 -34.695225
v 274.735535 468.691711 -35.294411
v 285.272339 468.045197 -40.791744
v 294.555664 467.185944 -48.870014
v 305.992493 466.241455 -52.816448
v 316.391541 465.998810 -57.669182
v 41.451385 451.907593 -58.498463
v 35.737591 436.016144 -61.863361
v 29.975853 409.020660 -64.420601
v 25.170973 380.509003 -60.062405
v 19.266537 346.270966 -57.849918
v 19.323912 317.942108 -62.394707
v 19.551771 289.853577 -75.783508
v 23.101477 258.008209 -72.633377
v 26.073324 239.715332 -70.279495
v -76.319885 118.128693 -44.178200
v -57.940437 117.751923 -33.384998
v -49.227871 117.101288 -8.231318
v -47.997242 115.052948 7.197411
v -51.443703 116.757660 28.430494
v -60.658218 118.460724 40.179138
v -85.251167 125.440338 58.716488
v 61.612007 30.921997 -104.931717
v -85.516640 216.487823 -48.186039
v 65.756065 5.504761 -73.761368
v 69.516403 13.679932 -47.163101
v 65.288910 18.442780 -35.416245
v -103.951828 129.618866 49.279469
v 55.016537 25.812836 -14.016063
v 47.763847 26.071320 -1.808223
v 26.409809 12.842651 16.249805
v 8.740005 6.002777 37.620377
v 1.834369 23.553619 41.285885
v -120.837929 131.739655 34.309025
v -119.872810 149.514191 11.964767
v -122.246529 148.383545 -9.692690
v -115.837234 144.704193 -19.547859
v -107.603165 143.900177 -28.759060
v -86.003090 140.226105 -50.351608
v -70.267853 138.100006 -48.493488
v -1.714461 221.851822 43.876995
v -1.499477 241.003983 56.188164
v 0.114728 271.314850 55.107220
v 0.831756 307.003540 65.178986
v 1.398587 344.646851 64.778839
v 0.077619 381.456360 68.964691
v -1.674010 421.191193 65.367981
v -3.516313 441.048492 61.456337
v -5.350650 460.137299 58.281414
v -7.213428 478.725464 54.008839
v -9.372203 497.348938 48.210930
v -10.312216 519.232849 54.296875
v 4.551662 528.302551 45.457211
v -26.768219 524.266541 51.940098
v 21.881651 541.464661 16.468086
v 48.058937 566.082275 3.107130
v 64.777809 595.302002 1.464754
v 72.323288 628.431091 0.371631
v 76.527840 662.659180 2.743906
v 77.463593 683.321777 4.777267
v 78.970009 699.688721 6.397783
v 75.116905 767.863708 13.794319
v -9.522334 525.461426 51.738098
v -58.148613 528.669739 37.737598
v -72.539673 536.636108 13.384313
v -107.881653 567.957458 -9.208861
v -121.654236 599.849304 -18.945194
v -127.459824 635.851196 -24.606316
v -132.272293 669.873230 -25.620821
v -133.514359 687.792053 -27.468685
v -134.112976 701.935730 -29.491199
v -133.299530 748.791077 -35.203960
v -124.136528 765.989075 -34.027058
v -101.013306 767.802551 -19.152945
v -83.774765 770.869995 -11.604496
v -51.859604 779.612732 7.853244
v -29.373491 796.714172 39.562786
v -29.442822 806.837280 51.707199
v -29.484041 811.135071 76.473801
v -26.263218 799.382324 92.914551
v -17.495457 760.397949 103.319290
v -15.531737 740.006470 105.363327
v -14.594517 716.665588 106.046402
v -14.277145 698.236328 105.997925
v -17.248112 682.783691 106.492188
v -19.463022 667.640930 105.719543
v -22.279505 642.861572 104.910965
v -20.288387 615.372375 107.045471
v -19.380472 594.309021 109.619614
v -20.416969 585.005310 109.783447
v -21.006334 572.024475 107.343216
v -20.116156 568.683838 101.249481
v -18.110632 561.192688 101.363617
v -13.522169 551.474426 94.828125
v -10.633065 544.850037 88.586746
v -7.807938 539.620850 81.289398
v -5.189052 536.284729 71.900452
v -6.889646 532.880371 63.030064
v 83.329941 21.905060 -20.724855
v -378.045959 469.981598 -46.479408
v -374.450500 471.353149 -53.415562
v -376.027161 465.811554 -54.588688
v -373.652100 464.771515 -47.668648
v -405.235535 468.304901 -24.788879
v -405.928284 464.131042 -23.235126
v -403.484863 466.008636 -16.402851
v -403.176453 470.803192 -16.990650
v -415.689087 466.362610 0.863702
v -410.814209 461.096436 0.467134
v -411.330505 460.393005 7.313221
v -416.162842 466.117706 8.287338
v -402.089539 462.463715 31.515430
v -402.291504 458.099701 31.522900
v -402.089478 457.881287 37.397011
v -398.444092 461.934601 38.352413
v -331.380188 464.738007 -37.403118
v -331.453735 470.867706 -38.530312
v -333.837097 476.262238 -35.389503
v -337.650818 478.146240 -27.770903
v -376.511292 468.324799 -55.029686
v -378.118896 465.962006 -47.272045
v 18.566442 732.888672 -97.109344
v -383.327942 468.207642 -52.516861
v 19.756777 716.206421 -97.984634
v -407.551636 466.155701 -24.018328
v -407.403198 467.952057 -17.242132
v -406.435181 470.603149 -21.261631
v -410.859253 467.159210 -20.503012
v -407.280457 463.597992 -19.331350
v -415.966736 462.903351 1.098365
v -418.019531 461.754547 8.040790
v -419.983337 466.585754 5.678133
v -420.317932 461.944794 4.783280
v -413.897522 460.018494 3.535684
v -402.532349 463.190399 35.991325
v -405.067993 457.758392 35.016785
v -399.841187 460.679596 38.476181
v -404.528931 461.715057 36.242912
v -402.743164 461.270264 31.180683
v 19.427294 696.814575 -98.587875
v -337.252686 462.456604 -28.010384
v -342.308838 467.057587 -27.749941
v -340.691956 472.913544 -28.443174
v -339.774048 476.133606 -19.315468
v -342.489258 472.982635 -22.569632
v -347.343628 475.715454 -8.675974
v -351.767761 470.944489 -8.074280
v -352.485168 467.810608 -8.861128
v -349.217590 463.307251 -10.925986
v -347.086365 462.884613 -18.749126
v -345.617615 467.244141 -23.215248
v -346.127258 467.907196 28.644787
v -344.744934 473.385315 23.689112
v -345.678406 475.184296 18.094452
v -349.240479 471.194458 15.729351
v -353.255676 466.093201 16.026258
v -346.721863 462.706085 28.539406
v -345.797058 457.656006 23.831223
v -349.809265 459.900208 16.587101
v -353.629822 470.598450 11.956414
v -353.729126 476.153290 9.357265
v -353.185486 465.715363 11.421827
v -352.572937 461.426453 7.756386
v -352.307556 460.715607 0.028579
v -354.642822 464.628204 -3.354527
v -354.912476 471.299591 -2.547259
v -351.306885 475.066803 1.320119
v -341.211487 444.293396 39.177200
v -341.662231 434.755249 42.289719
v -337.215515 435.577911 44.994915
v -335.628296 445.033600 45.616177
v -340.505615 445.494904 46.113686
v -340.911682 434.205048 43.972847
v -337.321533 440.807312 47.282604
v -348.074402 438.036499 46.649380
v -344.818604 439.100159 41.182270
v -304.312012 462.582550 28.797060
v -313.039063 463.074493 28.088213
v -301.151306 459.145599 28.055868
v -300.117249 454.818054 28.038280
v -301.415527 447.216492 22.138037
v -309.673462 447.408508 18.381731
v -316.946167 452.393005 17.770830
v -322.102905 454.915192 22.549595
v 18.760746 684.536011 -98.113541
v 18.393230 668.635620 -96.043427
v 17.095119 647.973938 -92.986359
v 14.606497 627.535278 -88.783432
v 13.309817 609.767273 -84.263123
v 11.570410 594.155579 -79.402283
v 8.291788 579.980103 -72.108276
v 3.687660 565.128418 -64.061783
v -0.474479 547.527283 -48.909161
v -4.885984 533.324219 -32.252705
v -6.715375 520.242371 -31.799690
v -6.827167 511.552795 -43.622700
v -8.656292 503.250885 -52.814323
v -10.742652 494.348938 -58.533493
v -13.521568 483.806610 -64.346725
v -15.292915 473.645599 -68.092606
v -16.972216 458.769836 -70.634888
v -17.837955 443.932861 -70.626450
v -19.354420 426.433105 -70.266235
v -20.704365 407.947052 -71.337662
v -21.722538 388.853271 -68.724564
v -22.663059 369.964813 -69.561478
v -23.414658 351.667053 -69.968079
v -24.063028 333.943390 -71.283920
v -24.422415 316.404877 -70.004883
v -24.846920 298.934479 -72.591995
v -24.724138 280.900879 -76.424881
v -23.394758 261.410645 -77.888458
v -21.158487 240.631042 -69.274399
v -16.300737 217.932724 -36.275352
v -18.229670 218.568771 -4.483327
v -16.146219 219.377472 31.054432
v -17.171801 237.771149 55.519295
v -17.532455 253.452225 57.006638
v -17.607113 269.158386 55.964542
v -17.767830 286.652435 58.799213
v -18.130342 305.545929 63.977970
v -18.762651 324.925507 68.644943
v -19.673544 343.991913 70.878891
v -20.900444 362.584473 71.241043
v -22.584604 380.976654 69.682922
v -24.759798 400.063995 66.689438
v -26.962187 420.225739 64.978973
v -28.965284 440.615845 61.167408
v -30.837147 460.166107 56.851238
v -31.586653 477.298737 49.928158
v -33.389385 497.014099 49.612530
v -34.496056 509.595337 46.940201
v -34.551151 518.855530 51.249557
v -35.289959 522.074219 54.587376
v -34.566792 527.127380 53.342361
v -34.388096 531.043152 62.775768
v -35.769539 534.498901 73.740494
v -35.695480 537.800964 81.263504
v -34.783287 543.271423 88.200012
v -34.030262 550.371826 94.928833
v -32.343746 560.522217 101.550568
v -31.882799 563.582825 102.028687
v -35.527275 568.419250 103.856750
v -31.409657 567.822449 103.090179
v -20.342777 569.299377 101.910568
v -27.639748 568.528015 103.020569
v -30.676397 568.787903 104.101196
v -31.343887 571.498779 108.503387
v -32.103619 584.773804 110.080811
v -32.765911 593.433472 110.064804
v -33.415401 604.197632 109.012131
v -33.794224 615.891174 107.575531
v -33.989983 629.056458 105.891418
v -34.390484 642.708984 105.859787
v -35.385445 656.118896 106.337784
v -36.912720 669.183777 106.970886
v -38.309010 682.941772 102.136169
v -40.103886 699.139465 106.348526
v -41.759487 718.451782 106.627563
v -43.731560 740.513794 105.862503
v -46.544827 763.639343 103.138535
v -49.706848 788.287292 100.164612
v -52.704926 810.224976 98.274826
v -55.725937 824.113220 96.505173
v -57.585438 849.132874 92.286285
v -51.247955 833.911682 78.466751
v -48.040081 824.888672 69.613770
v -44.434120 816.841187 59.626568
v -51.422138 809.448730 51.148983
v -60.636208 801.993591 41.766426
v -11.904418 407.477814 -70.834076
v -39.491920 408.658264 -68.380569
v -77.707619 791.460815 31.231297
v -60.060051 408.539673 -60.835194
v -52.735107 136.163269 -36.747398
v -93.451683 394.883209 -31.104200
v -93.074112 792.262573 29.307131
v -99.644165 382.948090 8.281513
v -97.379578 385.871521 21.826450
v -88.773071 390.874084 39.039211
v -46.031605 135.024567 -10.717544
v -46.598209 400.280609 67.071808
v -14.342030 400.254761 68.666260
v -0.815356 400.969238 66.399185
v -80.247925 242.659332 -52.539856
v 31.290428 401.210876 53.033062
v 48.895508 397.258087 40.455875
v 58.828251 389.606659 24.775715
v -45.208328 132.018280 5.844805
v 56.623226 382.205597 -9.084180
v 58.122795 379.864899 -26.695101
v 47.023327 385.289124 -40.946861
v -80.313103 262.117004 -58.570381
v 28.285519 397.994812 -64.889641
v 22.669724 405.125366 -66.786392
v 4.577342 406.123260 -69.962921
v -8.951505 564.319153 -71.061722
v -3.588974 593.663940 -88.333939
v -2.267014 627.085022 -99.317307
v -0.249462 670.010254 -104.136032
v -0.034259 683.730774 -106.135315
v 0.826859 694.896973 -106.623764
v -0.341289 738.484375 -103.468628
v -6.857594 746.310547 -86.749557
v -14.623903 742.734619 -57.026726
v -16.622709 748.327759 -39.897118
v -12.710948 756.494629 -22.877243
v -6.835272 770.122559 -6.236339
v 6.437195 785.375977 26.687500
v 19.711792 785.526001 40.457336
v 36.884220 785.625610 54.971561
v 44.157364 774.410278 70.252335
v 48.638718 727.349243 71.021774
v 53.581726 705.217651 69.398163
v 53.647961 691.481323 71.239563
v 49.093487 680.324829 73.612976
v 40.497971 672.321411 79.709976
v 34.736286 665.892090 82.905411
v 30.833138 660.386475 84.310165
v 27.505806 654.587952 84.690399
v 25.717899 650.589294 86.991806
v 25.029051 641.040894 88.555084
v 24.088017 629.468872 88.198410
v 25.018908 622.869995 84.530823
v 27.430220 614.943481 84.928879
v 27.491682 606.496704 84.966003
v 18.152113 591.210510 89.071991
v 10.579816 583.864746 95.249313
v -0.528161 577.833923 100.711441
v -14.396050 570.762573 101.228210
v -20.601788 569.607727 102.705780
v -27.001041 568.953430 103.710236
v -35.627697 567.812378 103.386887
v -41.044155 570.048523 104.257294
v -37.917187 560.927368 101.251434
v -41.716728 551.575623 95.167297
v -43.804642 544.353027 87.533005
v -45.679539 539.786682 80.284622
v -46.303501 536.357727 72.173721
v -44.108318 532.083130 60.388374
v -106.380966 795.868408 31.051010
v -44.030983 528.422424 50.827057
v -45.154919 526.356506 45.895641
v -43.118675 519.712830 47.976604
v -43.004902 498.253204 42.854240
v -63.332836 482.372437 47.426800
v -45.647453 484.649811 47.805645
v -39.915611 441.079041 63.256313
v -37.715584 420.518463 66.731598
v -34.810417 400.181763 68.227692
v -32.223000 380.891663 68.567596
v -28.902910 343.637939 70.087494
v -26.626234 305.198700 62.435631
v -25.132708 269.119843 55.655762
v -23.250814 237.527924 54.953293
v -21.205002 218.657120 28.709969
v -21.608627 212.993668 -3.325606
v -22.030720 218.119781 -30.786491
v -27.275446 240.544769 -69.835083
v -31.545959 281.051910 -77.721115
v -31.530209 316.090363 -69.844574
v -30.897699 351.022644 -67.999420
v -30.276453 388.694061 -68.174072
v -29.812691 408.262665 -69.295883
v -29.159281 427.349609 -70.629364
v -28.395157 445.006348 -70.828110
v -28.147385 459.531860 -69.235107
v -22.394323 494.761292 -53.693195
v -18.772758 511.812836 -47.193928
v -14.415956 533.820496 -37.753326
v -35.631512 571.518127 108.039322
v -55.295837 577.639954 101.624817
v -64.344002 582.890015 96.309952
v -74.674690 589.244080 88.653290
v -85.797791 603.185425 82.130600
v -86.992828 611.978943 82.702316
v -86.228561 619.298523 82.115753
v -84.807167 625.135315 85.400116
v -87.222488 636.259644 87.795486
v -87.804634 647.624390 85.617798
v -89.773865 652.319824 81.304047
v -93.107803 658.547607 82.922729
v -94.811401 664.826782 83.282898
v -101.091125 672.968445 81.626053
v -107.235924 682.592529 76.570084
v -114.125954 694.916809 71.969650
v -116.952789 712.732727 69.099777
v -118.617012 733.742371 67.606552
v -119.088654 794.287354 58.261589
v -105.964790 804.718018 48.112770
v -89.906853 795.551025 42.809410
v -37.039810 584.470886 110.306564
v -38.450283 593.251343 110.225815
v -40.383961 615.352905 107.014435
v -40.096455 642.413025 105.160278
v -45.690559 667.330872 106.237350
v -47.215763 682.317993 106.885422
v -50.690880 698.346924 106.242386
v -53.145058 717.424316 105.071167
v -54.709194 739.822571 104.172653
v -57.848000 761.960876 102.355774
v -65.212517 819.130005 96.066833
v -61.226414 833.073669 77.044205
v -51.004345 817.616516 59.662582
v -212.985046 477.955353 -19.966013
v -212.068329 472.602905 -23.129305
v -211.397598 462.719147 -22.260908
v -117.474411 795.206116 31.648304
v -209.435165 455.044098 -15.947972
v -208.623077 451.256653 -9.799908
v -208.869568 441.506561 0.403818
v -209.683380 444.519043 6.787675
v -208.694397 448.539551 16.258949
v -206.295715 450.880646 22.786886
v -204.482269 454.360352 25.815859
v -204.493301 467.665802 33.998585
v -206.062332 475.902252 25.851316
v -131.320801 656.585632 25.946560
v -126.122101 652.463257 54.202106
v -120.310364 649.127808 65.095291
v -113.023163 647.319580 71.741776
v -106.411522 644.066528 75.506516
v -99.306572 641.251587 77.068741
v -94.382256 640.234619 82.819260
v -87.628334 641.752686 87.079285
v -82.228516 642.597900 89.171463
v -69.674255 642.741638 92.122803
v -64.279846 644.115723 92.473862
v -58.344837 649.400146 98.020172
v -49.524448 654.640381 103.583435
v -42.007004 655.706360 105.260849
v -28.680910 656.193176 106.265793
v -21.282595 656.042358 105.717773
v -13.823685 655.448914 103.631042
v -6.411311 652.828125 100.856796
v 0.798356 648.766174 97.281693
v 6.135829 647.289001 96.139343
v 19.228107 646.758972 91.612656
v 25.199787 646.254456 87.958176
v 31.401543 644.884277 83.685104
v 36.304005 645.234802 80.606125
v 43.251858 646.805115 77.223099
v 49.663326 647.663574 72.708527
v 56.837418 647.347229 67.410553
v 65.373268 647.500671 60.375763
v 73.983139 647.477234 40.093273
v -122.357635 792.146057 31.395138
v 74.543938 647.300720 16.103531
v 74.613129 647.065552 1.663168
v 75.071457 646.729736 -15.279400
v 60.956936 647.143066 -56.528217
v 32.716717 647.864380 -85.063324
v -0.898320 648.056274 -102.459122
v -34.103600 649.169617 -106.388565
v -130.290222 781.255920 39.263718
v -90.665848 650.795776 -89.801590
v -111.710014 651.434326 -70.940460
v -123.938904 653.626221 -44.606602
v -128.419357 654.386047 -24.850071
v -131.294922 654.918457 -2.885611
v -133.893814 766.273132 44.125526
v -113.000847 619.613220 67.973923
v -122.199036 619.870605 60.046452
v -129.092453 619.552063 48.326923
v -130.625290 620.635864 22.919901
v -131.108902 746.788818 46.030025
v -131.968994 618.754822 -3.753390
v -127.139389 618.164429 -22.409971
v -122.723785 616.512573 -40.822205
v -110.754478 614.699951 -64.170227
v -90.902290 614.174866 -83.499985
v -112.968735 778.048950 -9.699804
v -34.365376 610.390442 -98.780014
v -3.059870 609.863037 -93.756363
v 27.928370 609.337646 -77.056656
v 54.836777 610.127380 -51.733208
v 69.571198 612.678101 -15.118045
v 70.794083 611.954285 0.830630
v 69.041405 611.564392 14.397698
v -111.846489 795.044128 16.650412
v 69.745285 611.410889 37.396927
v 62.152805 614.491211 57.754837
v 55.441727 618.168823 65.992813
v 48.625786 622.755859 72.206665
v 41.535320 627.991272 77.362640
v 34.864071 631.781677 80.097916
v 30.660419 634.205322 83.671524
v 24.446098 635.418579 89.203461
v 19.083887 635.718567 92.610260
v 5.942208 636.399536 96.180649
v -0.010312 635.070801 96.637344
v -7.293104 631.830322 100.325699
v -14.680037 629.289001 103.163940
v -21.568157 629.100830 105.164658
v -28.092310 629.158447 105.915924
v -40.024025 628.739502 105.321686
v -46.980759 628.317200 103.159897
v -54.915764 629.219910 99.277161
v -62.802673 630.310425 93.910614
v -68.315971 631.709290 92.816010
v -81.374886 631.470276 89.649750
v -86.135353 630.903625 87.238297
v -92.392830 630.039429 82.446777
v -98.018951 628.249451 76.686020
v -105.258148 624.991760 73.201553
v -121.062386 585.415039 24.466805
v -118.713150 587.717651 48.720936
v -111.654526 591.866333 63.165447
v -99.021004 595.285645 72.467377
v -81.095116 595.758423 84.475281
v -70.367714 596.814026 92.616440
v -47.960430 602.616455 107.585022
v -39.664139 603.792419 108.998474
v -27.214081 604.359314 108.838257
v -19.568199 604.332520 108.386841
v -11.029366 603.953674 106.507614
v 13.352865 598.818970 92.282547
v 23.732151 598.548401 86.145935
v 37.586170 597.026733 76.698090
v 45.495518 592.928406 69.424530
v 52.823551 588.098022 60.161568
v 60.308807 583.411072 37.650986
v -98.001572 801.258545 45.024799
v 58.983837 580.618225 14.477881
v 57.036900 579.134644 2.356293
v 54.423050 578.945801 -11.612582
v 41.602768 579.302429 -42.891998
v 21.606623 579.350708 -66.334961
v -5.744408 578.923218 -81.361084
v -33.044952 579.270081 -85.060165
v -87.399117 807.585876 53.510494
v -85.436249 582.134460 -70.699997
v -100.525978 581.428833 -50.693874
v -110.793602 583.413879 -30.593540
v -115.602440 583.749390 -14.006549
v -117.888977 584.228821 2.122386
v -75.236969 814.108398 58.021294
v -103.416367 555.562317 31.920734
v -103.772537 563.559021 53.867924
v -95.587997 569.133301 68.053284
v -85.994316 574.401306 78.145203
v -69.444450 573.140503 90.408585
v -56.847420 572.163696 98.982346
v -43.060268 564.951477 102.129044
v -36.866047 563.746826 102.097916
v -27.163876 563.501953 101.628265
v -19.148731 564.180359 100.984970
v -12.217507 565.538574 100.839233
v 0.272105 575.915344 99.959351
v 14.587256 575.760498 91.691360
v 26.235237 575.557495 81.710663
v 36.343845 572.794434 71.399567
v 41.868958 570.077698 59.760151
v 43.133427 560.906616 38.426208
v -68.224884 822.920471 64.001694
v 39.015675 556.030029 20.385790
v 33.791901 552.706299 10.395350
v 27.500500 549.075867 0.509824
v 20.678959 548.335571 -23.139791
v 8.376113 548.549805 -41.331898
v -11.618361 547.937622 -56.425144
v -31.448778 548.370422 -56.738819
v -56.089626 824.914551 68.929016
v -67.745598 548.690063 -42.208485
v -80.805000 548.878174 -28.645638
v -87.389885 548.855103 -12.585878
v -91.663055 550.809448 1.621966
v -96.184113 553.531799 14.000814
v -41.010571 824.981018 70.125473
v -3.620739 567.391724 100.205078
v 5.754749 561.000183 93.140961
v 12.016057 556.291626 85.064026
v 18.693279 552.651245 75.918808
v 23.468184 550.787964 63.390759
v 21.159969 544.962830 51.307648
v -28.480810 804.674500 67.567032
v 17.929890 538.044128 39.382118
v 15.135857 533.395020 35.385727
v 12.541861 524.653503 30.204294
v 18.320742 509.035706 31.654594
v 32.124378 505.684509 28.787016
v 51.145668 499.881958 24.635941
v 65.079300 498.741699 16.468351
v 79.361176 495.400513 12.314799
v 118.594254 491.754089 7.148561
v 163.833923 486.590088 1.985972
v 210.225601 485.766449 -0.392876
v 247.546143 483.112701 -2.573016
v 274.654236 480.619598 -5.232696
v 286.298645 483.068115 -5.411909
v 299.707886 484.580414 -6.032955
v 311.393127 483.811188 -7.661436
v 324.718506 483.095337 -10.009789
v 345.061646 475.067261 -12.616354
v 409.462769 468.022461 -14.495672
v 412.898438 465.031006 -13.413740
v 411.579285 460.621063 -16.170095
v -6.073012 569.659241 100.457809
v -7.728123 572.850525 100.118240
v -8.326603 573.729614 100.939880
v -8.768935 574.782654 102.980057
v -5.004438 585.717529 105.351852
v -1.592905 594.785339 102.560822
v -0.391099 601.674255 100.704971
v 1.060616 609.339233 98.644806
v 6.298497 616.495483 94.513367
v 9.985080 624.528137 91.070404
v 12.444681 630.375671 93.830826
v 12.498896 636.332825 94.887634
v 12.474113 641.962524 94.970001
v 12.652204 646.982666 94.439682
v 12.715869 651.843445 93.691803
v 10.544752 656.222656 93.003433
v 7.381785 662.331421 95.295013
v 5.931266 667.460327 96.833771
v 10.658738 680.307922 100.562561
v 14.275555 694.784973 98.017059
v 17.005377 711.042969 95.934052
v 16.551846 732.553223 95.766953
v 14.969872 750.295166 95.831894
v 8.597000 796.592529 92.735138
v 8.738169 803.894409 75.214798
v 2.104739 802.110413 57.868443
v -56.194038 592.335876 104.599289
v -58.446896 599.463379 101.937134
v -61.134377 606.846436 99.043304
v -68.033936 613.770020 93.923721
v -72.898674 620.092163 89.087753
v -74.864777 626.119629 89.898010
v -75.192886 631.610779 91.131775
v -75.651962 637.408875 91.653610
v -76.394592 642.524170 91.093460
v -77.222679 647.817200 89.489243
v -75.379410 652.565918 87.231750
v -73.457809 660.192383 92.189606
v -72.094368 665.036865 94.239487
v -73.876480 680.483887 98.015640
v -78.116966 693.312012 96.120667
v -82.342949 710.640686 94.676102
v -86.303001 732.338074 92.062561
v -88.721283 752.124817 91.348373
v -94.245636 809.022583 88.047424
v -81.584473 812.057312 70.898605
v -66.983604 809.333252 48.369404
v -55.255688 797.637756 34.599087
v -38.879559 784.750854 19.049622
v -23.474628 781.603943 12.699224
v -2.049845 780.636414 8.960293
v 14.922188 775.073792 12.053922
v 31.670235 771.247314 18.996901
v 52.563293 774.869019 22.099665
v -52.069687 584.107849 106.552460
v -48.297569 575.315430 105.412766
v -47.725224 573.407043 103.406631
v -47.532040 571.646423 102.010971
v -49.518570 568.305176 101.126572
v -52.113171 565.889099 99.691681
v -60.174480 560.165649 92.954117
v -67.569321 555.368713 84.409378
v -72.851685 550.808228 74.191574
v -77.119652 546.945557 63.347088
v -74.929253 539.144836 47.992146
v -6.056206 810.669128 66.811722
v -69.012283 535.335022 34.122368
v -64.920685 532.687195 26.038929
v -64.394798 525.689087 21.219469
v -69.681290 511.459991 20.972492
v -87.036255 503.863037 27.211487
v -167.593750 450.623199 25.137194
v -170.529922 450.002258 17.763344
v -172.596130 444.379547 7.355487
v -171.316284 442.547607 1.990593
v -171.589432 452.804810 -7.420908
v -272.002258 478.189697 21.593084
v -294.082764 476.733887 21.576298
v -173.195938 456.177856 -13.838223
v -174.009521 461.568451 -22.357954
v -173.313507 469.245392 -25.802286
v -99.024559 455.349396 -33.698387
v -96.576622 443.694458 -36.702301
v -91.761253 422.713654 -37.620186
v -85.864494 400.208038 -40.490608
v -83.338051 378.694763 -44.232441
v -75.330521 342.008362 -41.808231
v -77.569778 312.741302 -44.043339
v -83.487160 284.419006 -51.437328
v -87.451797 266.410065 -48.127338
v -90.559372 246.733307 -48.927338
v -50.866287 135.002380 29.365309
v -57.704880 137.564056 40.867455
v -81.382072 143.961853 49.858158
v -121.569084 102.225494 -27.874632
v -128.371216 83.266357 -32.316341
v -134.136978 64.112610 -34.329121
v -143.987503 51.217621 -50.361992
v -150.527252 37.348480 -55.927883
v -144.910690 12.921478 -54.189362
v -136.628479 9.357941 -36.429424
v -115.735611 17.022247 -22.408484
v 5.775897 803.462158 66.480850
v -109.427750 29.660736 6.944286
v -107.245010 28.835846 19.577541
v -103.317879 22.445526 36.718502
v -174.436707 476.671295 -21.588556
v -173.434631 480.108093 -18.395477
v -270.972595 467.870392 -14.998144
v -291.246643 468.605591 -15.507974
v -97.455116 16.779663 -29.108362
v -100.069054 9.915710 -47.619289
v -106.013336 12.134674 -72.586456
v -105.561836 34.405914 -79.862030
v -103.379913 55.165039 -69.535721
v -101.512634 66.482483 -60.240150
v -98.149231 82.222076 -52.457817
v -94.200378 100.044189 -45.390961
v -99.312752 149.357880 45.646282
v -114.281197 151.576904 30.026131
v -45.452461 157.136230 32.130096
v -65.508362 236.243881 -59.822163
v -63.844124 256.159454 -68.962128
v -61.571926 285.054535 -66.555008
v -59.993370 313.977448 -58.525520
v -60.077686 344.490265 -55.933994
v -66.156052 383.818085 -57.529068
v -69.863708 407.181610 -54.567280
v -78.830566 454.719696 -53.051117
v -69.664925 453.332092 -57.811405
v -80.368576 470.164093 -50.223660
v -80.816422 496.829010 -42.331600
v -76.636635 509.568054 -28.717482
v -80.137459 512.007324 -15.401430
v -79.545883 510.139191 8.387938
v -77.589836 508.712585 23.092459
v -71.976051 494.634186 38.125149
v -72.855057 481.051361 44.008911
v -53.512814 441.990356 60.733494
v -68.365929 445.030243 57.723900
v -62.495544 420.871704 60.035137
v -58.939850 400.041962 63.085682
v -54.832230 380.247650 61.053883
v -48.435337 343.091339 63.470600
v -44.555130 305.910156 60.790844
v -42.352470 271.361908 55.304718
v -40.573204 241.439453 55.585075
v -40.325317 222.323593 53.126686
v -41.787327 152.957855 4.169623
v -41.546337 157.052917 -13.944270
v -48.327248 158.934784 -39.403809
v -56.810036 101.679016 46.122990
v -53.030106 83.194397 60.556694
v -44.510475 65.768951 68.802063
v -40.818871 47.048859 77.140335
v -39.275970 18.122955 85.184494
v -49.626457 1.569183 83.823761
v -68.136177 17.386261 46.568180
v -80.173416 27.717010 32.206013
v -82.379257 31.517517 14.686819
v -83.875122 31.528503 -1.720609
v 7.781519 795.536621 56.115017
v -77.716850 274.297760 -59.001064
v 1.136270 325.837585 66.891144
v -9.120629 325.344604 68.499237
v -27.605846 324.651398 67.501480
v -36.699970 324.537811 65.755630
v -46.240105 324.642517 62.271461
v -63.214813 162.575104 -51.706909
v -77.498924 325.413940 40.732468
v -88.368576 324.935089 22.826427
v -91.135521 325.016785 7.468140
v 28.669691 786.286072 47.604942
v -82.234711 326.898987 -32.099712
v -75.102310 327.033356 -41.534702
v -80.390457 165.768524 -52.392864
v -59.536362 328.876740 -56.053837
v -52.768826 330.295685 -60.627487
v 39.142124 770.517700 31.479694
v -38.480804 332.628357 -66.636276
v -31.208073 333.368256 -68.238022
v -16.639406 334.175415 -68.162796
v -2.213198 334.242615 -65.283356
v 12.225073 333.447937 -62.932770
v 19.642200 332.594788 -61.533482
v -75.647835 284.941254 -58.260563
v 38.276161 328.485443 -43.233528
v 50.306244 326.332886 -28.673470
v 53.534008 326.960083 -8.058410
v -105.020615 171.632721 -36.216896
v 48.202129 327.689026 30.494869
v 39.715469 327.653473 46.444416
v 25.612936 327.083984 58.376720
v 0.542307 288.636383 61.872818
v -8.965325 287.512604 59.891548
v -25.846676 286.353210 58.053074
v -34.204613 286.752472 58.838943
v -43.371120 287.714508 56.586121
v -112.417984 172.296326 -24.037451
v -78.694633 293.506256 41.802761
v -90.078003 296.459229 23.065626
v -94.331635 298.282837 3.282777
v 42.404648 769.450012 21.364128
v -89.562447 299.800995 -36.450584
v -79.996605 299.476135 -48.334564
v -116.500549 175.096756 -12.337996
v -60.806881 299.400116 -63.207382
v -53.324963 299.357513 -66.249359
v 44.505169 767.123901 10.764447
v -38.737720 298.896912 -70.074020
v -31.803438 298.889862 -73.722458
v -18.220444 299.218994 -74.498871
v -4.377969 300.455261 -75.614883
v 10.855872 302.713715 -75.432327
v 19.338491 303.805603 -66.806046
v -72.414352 299.424988 -54.115288
v 41.618423 304.442169 -47.461880
v 51.768288 302.986511 -30.018988
v 55.624355 302.652222 -10.250564
v -115.678848 175.554047 10.817032
v 50.312401 298.462738 30.738926
v 39.083324 295.649261 47.362373
v 23.929131 292.030426 55.663605
v -70.941109 313.337036 -50.049374
v 1.267764 363.071991 69.353287
v -11.024150 362.850494 72.121017
v -30.374353 362.292114 71.300278
v -40.591461 361.951202 67.571609
v -51.244987 361.443512 63.819042
v -109.451225 177.082855 27.020384
v -79.753197 357.986633 41.347054
v -88.038002 355.776581 24.198034
v -90.639984 354.293610 9.878957
v 47.662624 766.235229 0.283000
v -84.895325 357.880890 -32.069801
v -77.394295 358.596161 -44.652515
v -95.027672 174.317200 43.234882
v -62.450127 362.483459 -57.564236
v -54.973888 364.963287 -61.958248
v 40.575001 759.253174 -19.857887
v -38.803158 368.532013 -68.777420
v -30.611313 369.418640 -68.467758
v -14.828024 370.106415 -68.087936
v 0.279347 369.368164 -67.150314
v 13.890363 368.386719 -66.275040
v 22.602770 363.679199 -55.386982
v -69.386993 327.814697 -47.651489
v 42.093208 357.414215 -39.554527
v 49.646683 356.038879 -25.673880
v 53.811581 357.175873 -7.159226
v -77.093849 168.588287 50.776062
v 51.097923 360.554626 28.856691
v 42.110600 362.687683 43.402325
v 27.933945 363.415863 57.090675
v -69.294373 342.989014 -47.305920
v -54.179970 160.482880 42.143227
v -41.243240 178.166321 34.505081
v -34.021927 172.267807 2.780477
v -35.340832 177.616180 -17.521795
v -48.701199 181.815582 -38.713627
v -56.801025 185.804352 -54.039825
v -74.939423 190.111603 -53.917450
v -100.324539 197.558914 -40.910088
v -107.488701 198.134705 -27.273388
v -108.981102 199.780640 -15.620673
v -109.903053 199.832306 9.276560
v -105.561134 201.571167 24.536993
v -92.484825 198.533127 42.721497
v -73.459778 191.975235 53.197048
v -48.763145 181.919830 45.972923
v -36.300201 195.906631 37.161896
v -29.932013 189.264008 1.455912
v -31.863026 195.715424 -20.155596
v -37.828518 198.572357 -46.032391
v -51.850628 206.046463 -54.208977
v -70.415977 211.133148 -55.797607
v -96.340118 219.922729 -45.052063
v 34.095741 761.011719 -42.115482
v -104.333168 220.655624 -30.467178
v -104.359367 221.529922 -18.694157
v -105.546616 220.914429 8.056372
v -101.017921 222.385895 21.693815
v -89.392059 219.143219 41.174011
v 12.665513 752.491577 -63.973251
v -70.467834 211.945526 54.530781
v -45.257660 200.333130 48.260647
v 10.938432 149.367889 14.965153
v 7.356205 149.783844 -10.135039
v 16.541889 147.595551 -43.448399
v 18.783407 150.650665 -46.318230
v -10.173038 740.581177 -71.637619
v 26.243132 152.310394 -52.260029
v 32.447689 153.429840 -57.924217
v 43.196686 154.891876 -60.404461
v -71.548058 360.117279 -49.744072
v 61.470657 156.804779 -60.475262
v -37.794941 739.571960 -76.679718
v 68.301369 156.899078 -57.170769
v 77.508598 160.351654 -45.197239
v 84.056229 163.082489 -28.464062
v 86.779121 163.689972 -16.957512
v 85.059113 163.441956 0.744958
v 82.897888 161.807404 13.405137
v 62.981766 156.407959 28.958715
v 54.729675 153.834625 41.092674
v 47.650024 152.493469 43.206585
v 38.431320 150.745819 41.442589
v 27.743462 147.815338 35.121311
v 85.331841 124.799225 10.719050
v 93.256630 127.406921 2.625811
v 95.124847 127.529755 -17.603264
v 98.929039 129.127655 -30.538055
v 89.542885 125.799835 -48.725281
v 78.880974 122.128296 -60.568142
v 69.454285 121.893311 -61.835419
v -88.903366 107.346680 63.959347
v -76.383202 380.730865 -49.227333
v 48.579517 121.726959 -67.349976
v 35.882046 120.530060 -62.432007
v 28.885141 119.902222 -56.847401
v 20.403778 118.331085 -49.639072
v -66.783768 236.022156 54.830307
v -64.928993 254.099701 53.277256
v -64.378296 275.512360 49.258549
v -64.259544 291.053436 50.540482
v -64.173111 308.254059 50.870544
v -65.476906 325.308868 52.535976
v -70.078857 342.950409 49.734447
v -71.277489 359.005280 51.914680
v -75.508484 376.681000 50.192520
v -80.014885 395.600006 49.209770
v -82.983078 415.886963 46.306881
v -86.434563 435.335693 41.406963
v -90.057236 448.281403 33.364769
v -174.501144 483.292389 -17.091913
v -173.790405 487.940491 -13.789354
v -173.052444 489.528412 -7.938087
v -173.018570 496.630402 -1.879707
v -174.799454 501.419861 4.039713
v -268.616760 446.742554 22.132895
v -289.130188 452.461212 18.208092
v -92.721657 88.030640 66.802994
v -98.036400 69.568726 75.440979
v -104.333054 51.725067 87.938080
v -110.840164 20.966034 96.708603
v -108.841141 4.260742 78.873184
v -101.952393 13.975006 55.508064
v -10.611375 510.575043 49.216724
v -26.095423 509.306091 48.132717
v -42.646515 510.538910 40.951641
v -56.274162 512.314270 32.652443
v -63.465519 517.503845 17.798210
v -63.060249 521.275024 1.478994
v -59.869431 522.314270 -13.196300
v -54.258106 519.984436 -23.591845
v -75.641945 756.875122 -73.268372
v -30.809729 520.887024 -37.256046
v -17.094522 521.100647 -37.365795
v 2.934299 520.738098 -30.914619
v 14.698639 522.062927 -15.421466
v 20.753469 523.556641 7.855091
v 15.818171 516.553284 30.559488
v 4.919077 513.668213 41.644627
v -303.684082 477.417297 21.730082
v -302.931213 469.613892 24.847263
v -306.538635 483.126038 15.830166
v -304.997437 483.368164 5.992550
v -305.376587 484.202240 0.415079
v -325.016479 454.810242 -4.848552
v -323.328613 455.604156 -11.897943
v 16.914869 115.121307 -45.270287
v -323.030762 473.089905 25.772579
v -327.265686 478.443695 20.702579
v -332.296570 483.721313 13.703875
v -335.844788 487.348114 2.901066
v -334.031433 486.712311 -3.726834
v -93.813370 773.905579 -66.372040
v -314.310608 464.183197 -28.159262
v -315.780884 471.741241 -29.677788
v -333.713257 473.856140 24.483255
v -337.876038 479.549591 20.897863
v -343.751282 481.102356 12.167615
v -343.387512 482.702454 1.567077
v -341.206848 482.893463 -6.257026
v -317.877258 476.871307 -26.888245
v -321.424927 481.536652 -20.943813
v -324.971863 484.425201 -15.533856
v -320.055542 478.697998 21.878143
v -315.057251 471.674408 26.497503
v -321.842041 481.941589 14.643924
v -321.669373 483.757294 3.788056
v -321.605225 483.588959 -2.332486
v -337.130737 457.223145 10.225536
v -338.618530 456.782104 1.817845
v -336.470886 458.187195 -7.497957
v -334.783264 460.661987 24.673050
v -333.804932 467.239838 26.942841
v -335.424500 457.325714 20.952742
v -325.902710 458.539703 22.183598
v -322.239075 464.495361 25.753927
v -326.697937 457.217438 18.756413
v 306.766541 478.934052 -51.086498
v 318.252747 478.021637 -54.689938
v 295.901062 479.888794 -46.957905
v 285.636108 478.848755 -40.736828
v 274.893738 478.613251 -36.709801
v 247.312195 479.892151 -35.635551
v 207.712738 479.101257 -34.170429
v 161.387314 483.174805 -36.622288
v 113.164886 488.474243 -42.536976
v 74.192085 488.596649 -48.005680
v 59.105831 494.465454 -54.810074
v 38.904896 484.477051 -54.047813
v 16.644014 484.279602 -58.877605
v -2.285918 483.977753 -63.183487
v -25.472807 484.173706 -63.353031
v -37.933559 485.449005 -60.679581
v 6.316280 118.914856 -11.895206
v 14.941727 119.221283 1.293814
v -98.983742 780.447083 -59.826977
v -80.091003 402.941956 -46.579620
v 30.719681 115.765900 31.706543
v 46.467728 118.564697 34.723801
v 52.460224 119.253845 36.523445
v 58.690643 119.613983 36.756302
v 70.682083 121.288208 30.058697
v 113.541275 60.284393 24.096512
v 119.571922 61.497528 6.589210
v 122.107765 61.701813 -18.923941
v 121.941765 61.670013 -32.891338
v -108.278687 783.602478 -47.607288
v 117.824875 60.321594 -56.814907
v 109.386322 58.094940 -72.845917
v 88.987434 60.615753 -89.280609
v -87.077866 447.515350 -39.495232
v 57.624138 59.926056 -92.174789
v -86.748993 426.349213 -44.979942
v -39.973320 446.191010 -68.458313
v 13.303735 55.790833 -63.796200
v 6.898908 53.936279 -54.925652
v 327.005493 442.862091 17.589563
v 326.026611 440.841461 15.059998
v 324.000854 437.468414 13.459839
v 312.031982 437.202057 15.224129
v 310.093750 441.846405 19.646809
v -111.016235 758.981201 -25.314228
v 317.033569 447.486389 25.651114
v 323.565796 447.041901 24.412519
v 325.995422 445.759705 20.724682
v -2.103882 55.089020 -15.795489
v 297.056885 449.931152 12.334780
v 301.245667 443.233887 8.493654
v 311.917786 443.386200 4.970222
v 316.709290 446.888062 8.617618
v 317.377686 450.049744 12.070079
v 5.018559 55.817535 20.228088
v 315.881714 454.113861 14.591591
v 311.508545 458.116486 16.499556
v 303.409241 459.670837 17.218752
v 378.135864 461.542908 10.624336
v 374.302063 457.343292 11.476903
v 374.277283 455.643005 16.576956
v 371.199707 457.564850 19.904026
v 370.873962 463.659241 21.887728
v 374.101135 467.117401 19.804850
v 376.798462 467.058502 13.867080
v 358.932129 463.411987 3.706351
v 355.983093 458.008209 4.822807
v 356.800903 455.660797 10.011442
v 355.835083 457.270813 14.333294
v 353.965637 465.913544 17.036043
v 356.273926 469.918091 14.629249
v 359.172424 470.062042 6.951318
v 386.260132 463.105988 -10.306332
v -66.338234 487.697601 -50.115143
v -80.398361 486.025238 -44.566040
v -93.386993 487.304962 -36.151829
v -173.758408 502.965149 10.647956
v -169.944809 490.298798 22.637644
v -166.642456 479.045197 25.324743
v -165.209747 470.505951 29.787178
v -165.350754 454.653046 27.718512
v -274.920288 479.295959 -11.635643
v -293.805908 477.990814 -10.587621
v -334.468323 458.500305 -15.356423
v 386.086487 458.072662 -15.045299
v 42.865971 776.856689 62.898544
v -322.129517 464.256348 -32.550724
v -322.645935 470.648285 -34.024570
v -333.820007 484.416656 -17.817171
v -329.287964 482.755249 -25.080671
v -325.056335 476.600494 -30.922375
v 387.438049 459.025757 -20.067013
v 388.418457 464.909698 -24.065002
v 388.222046 470.897736 -24.144896
v 388.631226 472.298096 -16.766632
v 387.852844 470.886688 -13.566259
v 386.838440 468.677094 -10.968215
v 364.047852 459.270538 -14.120284
v 365.501892 459.892944 -20.087612
v 365.212341 464.909302 -23.029301
v 365.443542 470.043335 -23.250298
v 367.145264 476.705994 -15.012444
v 366.456299 475.504150 -11.176275
v 365.338745 472.185547 -7.555767
v 364.590210 464.245697 -9.589115
v 361.995667 467.824310 -35.660587
v 359.903870 464.045135 -39.077190
v 358.619995 463.391937 -43.301216
v 357.065857 465.483063 -46.867958
v 356.003235 469.569885 -48.991123
v 355.647522 474.108948 -47.868061
v 361.606506 479.921295 -39.402958
v 362.174255 473.033447 -34.675228
v 383.327332 467.960663 -41.056728
v 380.661804 463.477295 -44.813118
v 379.670532 463.225555 -48.709942
v 377.858887 465.014252 -51.717327
v 377.901733 469.758850 -54.071712
v 376.678772 473.103607 -52.299446
v 380.292786 477.177307 -44.767384
v 381.312378 473.799835 -40.572258
v 359.749268 460.702393 -73.694473
v 338.864990 472.121094 -25.764580
v 356.299561 464.890961 -79.836716
v 356.894287 469.647247 -79.852249
v 361.038391 474.354889 -75.210144
v 362.691650 471.964600 -71.403976
v 362.937927 466.998993 -69.345200
v 360.571594 461.832794 -71.438675
v 346.618042 463.018005 -61.933605
v 345.099670 461.204010 -63.699883
v 67.160400 11.905487 -100.444366
v 341.901855 465.037415 -71.845856
v 343.582886 470.774811 -72.111877
v 347.907715 477.022888 -66.044449
v 349.408936 473.697449 -61.612080
v 347.976685 468.041199 -60.220123
v 332.616577 476.746094 2.155104
v 332.504028 469.402893 6.423546
v 333.476563 463.160950 9.109617
v 8.762636 52.791412 34.277500
v 334.520081 457.891510 8.457902
v 333.761841 453.955811 2.699396
v 334.255005 455.201660 -4.456308
v 335.311829 455.388947 -13.218523
v 48.043201 11.497070 -98.215485
v 331.094604 458.060059 -30.745209
v 328.610229 458.360657 -39.036663
v 324.148804 457.977753 -50.371475
v 26.303810 13.492004 -88.886246
v 322.348267 465.342560 -60.344570
v -326.297668 455.763336 3.977445
v -326.763062 456.666565 11.544195
v -317.115906 482.490753 -12.881592
v -314.792480 480.966095 -17.671124
v -311.731445 477.228851 -23.464687
v -309.769348 472.096313 -25.404736
v -308.121948 464.912048 -23.724899
v 27.480106 796.918457 78.796432
v 323.205383 472.153198 -59.481319
v -313.057556 455.796204 -8.493617
v -314.230042 455.324097 -2.194681
v -315.386841 454.727814 5.908435
v -315.988342 454.553650 12.969221
v -299.486877 476.101807 -17.486530
v -301.522400 479.473114 -13.348026
v -302.776672 480.740509 -7.959152
v -298.336670 471.063293 -19.208906
v -299.068298 464.381744 -17.962543
v 10.263494 801.013672 86.998184
v 325.008667 476.300201 -56.075726
v -297.047546 455.909607 -2.712229
v -298.368958 453.881287 1.672251
v -299.125916 451.813293 8.497086
v -300.196106 448.278992 15.577644
v -326.157593 456.839844 15.339756
v -337.866882 455.908936 15.857800
v -316.259766 453.907196 15.258343
v -311.855042 478.347809 22.532194
v -309.997009 470.721008 25.839745
v -314.668213 482.572510 15.827782
v -313.521240 483.578308 4.884932
v -313.166077 483.802307 -0.856110
v -309.869080 481.751953 -10.521703
v -308.431580 480.141449 -15.301456
v -305.829041 476.840637 -20.371702
v -304.161133 471.698914 -21.917923
v -303.245361 464.643646 -20.516331
v -4.668193 810.190430 90.463776
v 325.937561 476.995514 -50.844101
v -306.142883 456.074097 -6.246187
v -307.665283 454.579559 -0.569768
v -308.670715 453.565735 7.052332
v -309.876038 451.673553 13.834151
v -363.675110 473.734406 -49.631527
v -26.036104 815.286072 83.724106
v -367.362793 470.397186 -42.719280
v -367.750061 466.838104 -42.986984
v -363.936340 464.507690 -42.555328
v -47.417416 849.018127 91.612473
v -364.031677 464.518555 -51.670246
v -364.484009 469.276794 -52.386726
v -351.129211 475.498962 -44.194267
v -66.338127 841.733582 89.764084
v -355.911926 471.260162 -37.157799
v -356.678406 467.140411 -37.081909
v -352.572327 464.332458 -36.716045
v -79.474403 818.030212 84.603088
v -350.198730 464.185455 -46.381802
v -350.253601 470.212402 -47.886040
v -364.475525 475.215057 -20.263668
v -366.857483 473.996490 -13.940782
v -369.511292 469.985107 -12.331422
v -369.695313 467.278259 -11.804514
v -368.859253 463.322815 -14.447799
v -366.825684 462.427246 -20.609531
v -366.611267 466.909149 -24.542248
v -364.957703 472.370087 -23.584034
v -386.454895 471.296661 -25.597078
v -386.043457 473.919403 -22.573023
v -386.340637 472.586609 -16.271860
v -387.928894 469.466095 -14.480212
v -387.769592 466.667694 -14.302525
v -388.060120 462.966339 -17.018759
v -387.801941 462.308044 -22.399157
v -389.103882 465.890564 -26.161880
v -394.574036 467.379364 9.299171
v -395.784607 470.905762 6.897237
v -395.005981 470.424011 0.775989
v -394.250854 467.044006 -2.035920
v -390.158447 461.877441 -1.762108
v -391.467041 458.757599 1.832354
v -389.943665 459.394562 7.954686
v -393.733459 464.004395 10.533668
v -372.951050 464.790436 9.798442
v -373.647644 468.664154 9.618032
v -373.640381 471.694092 6.939421
v -371.949158 472.263641 1.789213
v -373.717407 468.934204 -2.187526
v -371.998047 463.414246 -2.053193
v -371.765564 460.334106 1.109051
v -371.301575 460.726440 7.572219
v -362.106384 466.387512 31.641285
v -363.144470 470.216736 28.836037
v -364.482727 469.277649 24.105202
v -366.928467 466.575287 21.883930
v -370.164063 463.283203 21.134180
v -369.483765 458.165405 22.652391
v -364.974060 457.059052 28.751543
v -362.375854 462.117737 31.980171
v -380.784912 464.496063 35.687599
v -382.602539 467.406891 32.879486
v -384.228455 466.898560 27.737801
v -385.669983 464.670807 25.907156
v -387.506836 461.896393 25.235298
v -388.408813 456.469391 28.208612
v -383.975525 456.322845 33.860226
v -381.276428 461.653992 36.915558
v -315.154358 456.425110 34.961342
v -312.870056 452.800812 34.572914
v -312.022583 447.803711 32.950214
v -313.002075 441.469757 28.762615
v -319.528320 442.961365 25.200605
v -324.992676 448.713287 25.214369
v -325.503357 451.491791 27.818384
v -321.167358 455.924835 32.587868
v -327.143311 448.969635 39.422680
v -331.368347 449.808044 37.669243
v -333.062561 447.850555 33.515553
v -334.678467 444.136047 32.218773
v -330.277405 437.989685 32.251133
v -325.602051 435.705292 36.131069
v -324.992065 441.907837 40.305958
v -325.969849 445.461700 40.494541
v -131.049332 503.288910 21.747322
v -129.254837 492.827148 35.031929
v -131.567215 505.223236 11.161227
v -132.870224 504.230560 7.776034
v -131.087891 502.352936 -0.784747
v -131.755569 497.860962 -13.298858
v -133.014282 492.673645 -20.477085
v -135.448547 489.887695 -26.987238
v -133.531769 484.920258 -29.496969
v -133.299561 477.505188 -28.691597
v -130.416412 467.288239 -26.804346
v -88.375015 812.352966 81.712723
v 328.001221 477.771362 -42.376926
v -134.267166 459.515594 -25.435295
v -134.969925 451.453461 -18.900669
v -135.763931 444.135193 -12.584643
v -133.706268 439.539246 2.615098
v -135.406097 441.693237 8.517695
v -130.751068 446.793304 20.870764
v -127.396446 451.550354 26.918512
v -124.391762 456.259460 28.909060
v -124.002403 472.790344 36.100983
v -109.763252 445.835999 21.939524
v -116.898949 436.986389 10.126081
v -114.971924 434.458710 2.319495
v 333.136658 483.500793 -32.135509
v -109.005165 820.154358 74.121262
v -117.055054 441.758636 -13.390848
v -113.067184 453.842194 -16.624897
v -112.037674 460.972839 -24.453640
v -107.694412 465.948303 -28.586754
v -110.444962 476.828796 -28.601542
v -112.083038 486.337250 -33.572929
v -114.660896 492.844788 -31.741741
v -111.840523 496.874207 -24.923166
v -109.599762 500.201843 -17.316242
v -108.322472 503.617645 -3.409562
v -110.753563 504.948944 10.065440
v -109.286591 507.171692 15.253555
v -106.606247 503.324646 28.310532
v -102.786003 487.962097 33.941383
v -102.005203 475.062561 38.943161
v -103.272217 456.153412 32.883743
v -106.650673 450.187195 29.531469
v -190.629257 450.114807 16.687801
v -192.308670 443.150238 7.286318
v -191.341415 440.482452 0.917202
v -191.174683 451.569763 -9.026139
v -192.384384 455.675842 -14.721418
v -117.426025 799.681824 55.239349
v 335.894836 479.139709 -18.689678
v -193.994156 461.306000 -23.537727
v -193.245682 471.389587 -19.654324
v -194.685837 476.543945 -19.497765
v -194.138168 480.294006 -17.804270
v -194.598633 483.053406 -15.690919
v -194.083069 486.509735 -11.868315
v -194.512344 493.233643 -8.313850
v -193.013489 490.380737 0.159502
v 335.121216 480.724091 -11.714707
v -135.792191 798.256409 18.625486
v -195.150238 497.214539 6.205508
v -194.349121 496.252441 10.852900
v -190.401779 487.506439 22.164215
v -187.517426 478.235992 28.167440
v -185.842636 469.050507 27.178352
v -186.058472 454.173401 27.467743
v -188.022430 451.131836 23.401070
v -227.760468 447.818390 23.621843
v -229.934555 443.837006 16.458601
v -230.170929 445.928589 6.252497
v -229.496704 444.277252 0.209303
v 101.555290 448.121765 9.041779
v 31.773911 55.314117 50.926781
v 103.545166 438.629761 -13.066453
v 101.466713 441.773438 -23.643141
v 96.746513 447.292847 -33.671288
v 23.286930 23.028168 -89.837967
v 90.626472 465.008301 -47.777882
v 93.057404 478.632385 -46.175167
v 94.592148 493.418549 -44.367668
v 94.307571 496.288055 -40.691769
v 94.038422 500.838806 -27.669262
v 92.284569 499.488586 -17.026527
v 95.722237 499.325012 -0.702730
v 97.714775 492.995361 10.201853
v 100.367554 489.799194 20.548662
v 99.575951 476.095245 20.147398
v 98.569481 462.618256 19.416054
v 143.007904 474.092407 19.177208
v 143.370102 463.538300 13.652980
v 143.791901 456.395355 4.744199
v 56.053398 56.501770 57.030563
v 143.522430 443.858307 -13.337163
v 141.814178 447.295502 -23.111006
v 138.998444 447.591339 -34.114758
v 45.782719 22.238739 -101.979370
v 135.161377 467.744659 -41.526226
v 135.608170 478.525208 -41.632671
v 135.658493 484.035614 -38.746063
v 137.715073 493.875793 -36.948784
v 138.129257 498.390900 -27.858097
v 136.862869 494.210907 -18.079805
v 138.321869 491.898346 -2.358152
v 139.795303 488.335602 4.951811
v 141.155746 482.312897 11.832135
v 190.882111 462.757202 12.458051
v 189.865082 473.043457 11.219381
v 189.184326 482.984314 7.736368
v 190.180145 491.948792 -0.902476
v 187.814957 491.676392 -6.552616
v 189.190079 498.776062 -20.439377
v 187.316956 493.907349 -25.521610
v 187.597122 489.473755 -34.730976
v 186.054520 482.262085 -36.062286
v 186.872131 475.262665 -40.327908
v 186.454056 466.525452 -43.594360
v 8.578122 38.192383 35.130768
v 187.851532 450.069305 -32.911842
v 188.831833 447.769806 -23.613398
v 189.903824 440.603699 -14.233930
v 70.953491 54.545929 59.413799
v 191.008179 452.143860 4.929436
v 231.378021 463.282562 8.000795
v 231.873932 472.932648 9.756503
v 231.865280 481.334106 6.367005
v 230.270294 484.171600 -0.870544
v 230.480255 490.786346 -7.916146
v 228.910156 491.820862 -19.847618
v 228.448502 491.101715 -25.149248
v 228.181458 483.433014 -32.457310
v 228.325043 478.697601 -34.838760
v 230.666656 472.744659 -38.573528
v 230.557846 466.965607 -37.915028
v 4.240182 41.255463 20.677820
v 229.930481 452.606537 -33.431808
v 230.451202 446.207062 -25.210398
v 230.351532 448.539215 -14.754565
v 79.126488 58.671478 54.251488
v 230.908249 454.744904 1.274554
v -279.495056 461.797699 22.824928
v -281.826843 469.505737 25.370071
v -283.583801 476.824036 20.334023
v -285.890564 483.323151 15.479818
v -284.072815 482.287994 6.924358
v -286.916687 484.808136 1.335453
v -283.660339 478.868805 -6.833960
v -284.422302 477.673889 -10.106625
v -283.805115 473.502106 -12.068296
v -281.441467 467.786896 -13.396404
v -278.078064 460.943298 -13.717381
v -133.090103 766.718079 -11.720931
v 334.010010 477.498901 -5.921227
v -278.367065 451.033661 -0.230599
v -278.169922 449.805756 4.865342
v -278.047607 452.872009 12.306942
v -279.586731 449.211487 19.740522
v -278.866394 455.032806 22.625648
v 261.653992 464.051239 2.949180
v 262.329712 472.871857 3.686139
v 263.190918 479.994965 1.857309
v 262.486755 482.676514 -3.919749
v 263.096313 488.865997 -10.302089
v 261.716797 489.892944 -21.130459
v 261.405762 488.109650 -26.260063
v 261.352478 481.333557 -32.944572
v 262.576294 479.172638 -35.831886
v 263.653992 472.888000 -38.154842
v 262.226196 467.965942 -36.218044
v -0.992837 40.376831 -16.567995
v 260.641541 450.817444 -34.286682
v 260.525146 452.502838 -25.611395
v 262.176636 451.488892 -16.638494
v 97.005791 60.078217 42.307358
v 262.047241 456.683838 -2.508497
v -7.913430 527.973145 55.764431
v -129.306290 760.525208 -33.892799
v -53.924488 268.589935 -72.827728
v -62.840981 271.818695 -70.444336
v 90.162315 102.180328 16.141567
v -86.418114 275.806885 -50.636826
v -92.824402 276.552582 -35.002842
v -126.660812 762.138123 -55.589317
v -93.903534 277.021393 2.609525
v -90.677773 275.508728 21.115360
v -81.688148 270.161591 40.967468
v -64.361427 264.867676 50.788841
v 99.840569 105.216003 3.713271
v -41.345875 256.793396 54.694599
v -32.098755 254.370651 56.276463
v -24.326788 253.436249 56.747826
v -10.151724 254.294968 56.826061
v -0.665423 256.157593 56.787994
v 4.077538 40.997192 -57.631763
v 23.083920 263.447662 54.285126
v 38.389160 270.459137 47.245514
v 52.515224 279.002747 32.298309
v 103.826340 105.982208 -17.736494
v 57.015945 286.396027 -8.949679
v 57.270638 287.661713 -29.185097
v 47.129189 285.202301 -53.974506
v 9.578077 43.154938 -69.493362
v 20.896729 274.687164 -72.340195
v 11.868134 270.360962 -76.757477
v 104.766937 106.440460 -31.054432
v -104.036041 7.076538 -64.774338
v -79.845528 6.753937 -62.601780
v -118.779312 759.910889 -70.234116
v -42.897026 12.162445 -9.883513
v -41.112564 11.875519 16.856018
v -47.036770 5.895264 49.195805
v -58.191826 6.614868 61.002037
v 99.613922 104.723114 -51.882526
v -105.653954 9.317322 67.713242
v -135.971313 6.950043 59.299419
v -144.838455 9.780426 37.922646
v -150.975281 11.757416 23.028412
v -108.761414 754.570740 -78.764313
v -157.812057 14.634369 -26.130180
v -142.447495 6.796204 -46.150917
v 88.986649 101.001556 -64.371964
v 33.246330 4.436951 -61.656025
v 46.223888 5.833466 -85.109146
v 63.055679 6.610413 -89.343185
v 24.579504 30.699219 -91.061615
v 111.532265 1.149475 -70.082596
v 125.154640 7.242065 -30.051970
v 124.512703 10.864380 -6.689382
v 78.564064 102.580811 -71.213837
v 102.467865 11.415344 43.007626
v 83.329697 12.380829 50.768288
v 60.053280 11.115967 53.350430
v 25.818905 45.893036 -87.450256
v 16.902872 7.090363 28.941088
v 12.710822 7.719635 7.629827
v 12.086065 6.419739 -22.388088
v -74.835083 17.899658 -73.260452
v -86.711777 746.090271 -93.510529
v -20.271906 10.917786 -13.895484
v -18.152870 11.566345 19.119907
v -27.702522 7.920807 60.044624
v -44.518227 12.630554 88.031448
v 59.348343 47.023193 -99.326996
v -110.948029 11.217163 91.713165
v -144.776855 18.435425 71.198822
v -166.555099 16.230560 48.839569
v -170.235367 19.640289 29.503357
v -36.734718 740.184021 -107.169510
v -167.696121 19.928497 -26.729670
v -147.436981 23.855347 -60.618782
v 51.707729 101.156464 -74.207489
v -106.019096 25.525024 -78.791031
v 100.553314 45.865234 -87.381622
v 116.893311 20.905518 -76.197632
v 135.637558 20.293457 -35.406647
v 132.594086 20.874664 5.207520
v 41.423046 99.824310 -72.699585
v 109.803276 22.664978 51.645714
v 88.102234 21.023102 63.703091
v 60.543720 18.064728 68.957016
v 114.095390 43.804962 -74.461670
v 1.875291 14.830444 41.321724
v -5.044503 18.951416 25.239614
v -7.961824 15.220581 -17.574743
v 28.539366 99.381195 -63.231426
v 14.014806 19.171997 -76.621796
v 46.246201 30.917999 -102.807922
v 62.548164 21.832123 -104.074112
v 20.641363 97.694000 -53.295414
v 11.324862 94.813293 -47.588387
v 7.538601 97.834381 -13.155621
v 15.860146 101.308868 -0.412927
v 13.749516 165.958527 29.383282
v 17.914465 147.790863 28.663353
v 34.417042 95.682587 35.094936
v 49.744663 98.179260 40.753773
v 57.087486 98.613556 39.471088
v 67.813103 99.141022 34.717861
v 75.890175 99.692780 30.958485
v 35.360104 166.627350 43.343483
v 22.777546 162.838287 37.069683
v 124.425652 46.621185 -59.021080
v 18.686008 133.645660 23.183838
v 6.878740 165.219818 19.180386
v 3.186475 163.481018 -9.402243
v -38.342800 32.739563 83.397034
v -23.396601 32.110840 60.325680
v -22.547285 36.939362 21.484840
v -25.315216 39.626343 -7.761018
v -2.489623 746.368164 -97.924820
v -80.058815 44.775146 -76.066483
v -104.335472 45.885925 -76.012878
v 13.519676 162.892975 -43.782871
v -147.268616 45.434448 -52.909050
v -166.401657 37.596710 -24.974457
v 25.745487 751.666565 -84.906403
v -166.288193 40.689728 27.635410
v -158.191528 40.029083 42.019302
v -146.049606 40.775604 79.612549
v -108.659126 35.756775 94.432800
v -35.483646 568.955017 104.493805
v -75.733551 776.008728 97.619370
v -91.415977 774.262451 91.063095
v -106.540085 771.896179 80.899918
v -122.490349 757.930542 66.238968
v -140.133789 737.091797 29.359337
v 54.081425 764.176941 -61.271381
v -139.126724 725.190552 -7.849503
v -134.327042 719.984924 -31.821976
v -126.735123 714.733765 -53.087456
v -110.761101 714.272949 -76.097519
v -90.294128 713.817871 -95.609390
v 62.175236 765.824707 -27.799259
v -33.125290 711.293396 -112.478714
v 1.098855 714.176025 -107.616653
v 35.336155 717.905212 -88.777771
v 58.529682 722.081787 -61.514488
v 83.733818 724.038086 -7.346853
v 80.892616 724.165222 8.720209
v 82.961716 724.645752 23.588552
v 72.217140 778.967346 -1.818111
v 75.296051 728.715576 41.784271
v 45.890285 748.495239 73.374832
v 30.244646 757.700562 87.883133
v 13.569133 768.540161 96.029083
v -1.744217 774.849976 100.265060
v -20.799843 781.572815 98.770248
v -40.590546 791.747131 100.107147
v -60.292889 784.316772 100.539764
v -110.266151 795.056946 81.761032
v -93.665466 793.553223 90.736267
v -76.233772 790.366028 93.671936
v -62.933125 803.123230 98.032654
v -43.975124 816.142029 97.371933
v -26.499584 809.215271 92.626236
v -3.524361 790.418030 98.822891
v 11.940004 784.297852 95.574478
v 28.263475 772.102112 86.892578
v 45.874447 764.594910 74.054611
v 72.605888 748.675171 41.977787
v 72.937279 774.557495 13.743958
v 79.194054 748.412720 24.829964
v 78.025963 748.877563 11.813581
v 82.349365 747.254883 -3.610110
v 57.361763 740.916809 -62.071213
v 33.197624 734.726990 -87.964966
v 0.601622 730.423340 -105.870636
v -34.101601 724.421509 -111.761353
v 68.927147 786.633850 28.429991
v -89.660873 728.883179 -96.292084
v -110.748589 729.560974 -77.253891
v -128.315842 729.189514 -54.582294
v -134.238480 735.617859 -33.768669
v -138.580750 742.458923 -9.790171
v 68.471947 773.577576 42.400185
v -139.971451 754.735229 25.979305
v -127.335526 779.715515 65.341873
v 76.279816 683.972473 -37.512314
v 77.447746 701.338013 -37.467487
v 75.821922 723.374390 -35.835770
v 72.309921 744.483276 -33.316811
v 68.968803 756.077759 -30.318747
v 57.341293 765.337219 -24.652864
v 26.443476 760.717712 -13.470691
v 9.288425 764.093384 -15.584364
v -9.739414 763.309692 -14.406700
v -35.617302 762.856262 -14.893956
v 14.304029 772.836487 4.226368
v -74.324371 764.547180 -31.810968
v -90.317047 772.700867 -49.061489
v -107.795525 781.134827 -68.339645
v -120.512177 742.202026 -67.300278
v -120.295197 729.349060 -66.233490
v -120.016014 714.395874 -65.221542
v -119.310951 697.250000 -63.470608
v -118.962936 682.812622 -62.372795
v -118.267189 667.871155 -60.025181
v -119.614075 652.451721 -58.537361
v -120.809616 633.551880 -56.578064
v -118.151924 615.232727 -53.027294
v -113.621178 596.838928 -47.415230
v -107.713959 581.121826 -41.461121
v -98.763809 565.757324 -33.285370
v -84.728561 548.096252 -20.751034
v -64.333061 533.045776 -4.432439
v -62.106220 522.096436 -5.917174
v -73.862122 513.906555 -8.715611
v -79.664688 509.728912 -7.440228
v -94.252655 509.461212 0.419421
v -229.161026 451.425140 -10.276300
v -229.498245 455.951843 -15.848506
v -231.769394 465.134247 -18.785313
v -233.925674 473.203552 -22.601229
v -234.483170 478.764954 -18.903564
v -234.341919 481.786499 -17.328608
v -233.891876 484.343689 -14.405799
v -233.979843 487.164337 -9.425097
v -234.316956 488.732056 -3.648768
v -276.302307 485.699249 12.675581
v -286.266907 484.384399 12.107316
v -295.614197 483.149139 11.119307
v -303.515808 481.690094 10.560953
v -313.085938 482.437653 10.084023
v -321.473389 482.683990 9.337662
v -332.658264 485.079498 8.589664
v -344.600891 482.987854 7.249861
v -353.212097 476.593750 5.863461
v -372.876831 472.518799 4.422150
v -395.506714 471.497742 3.817898
v -418.452881 467.196655 3.031693
v -418.410828 462.266113 2.737926
v -412.408081 460.406555 1.927596
v -390.828430 459.975861 -0.203447
v -371.876038 461.648499 -0.648734
v -353.545654 462.514801 -1.754362
v -351.069092 465.254547 -9.814857
v -369.342468 464.908203 -12.661819
v -387.957458 464.552948 -15.380877
v -405.579590 464.475861 -17.549702
v -409.629822 467.664337 -18.556406
v -405.057983 471.255249 -19.044714
v -386.330811 474.344788 -19.258051
v -365.794495 476.059845 -16.978298
v -346.361694 478.952301 -15.071248
v -339.095032 484.522797 -12.296325
v -331.307556 486.586212 -9.758665
v -319.890564 482.925537 -7.766815
v -311.409485 482.595459 -5.874912
v -303.567078 482.202209 -4.159597
v -295.196655 482.037292 -3.242371
v -285.387634 482.578796 -3.369099
v -274.466858 483.828796 -4.068632
v -233.511200 491.066803 2.935103
v -235.151855 491.911407 9.241415
v -234.196701 488.107697 13.312201
v -230.763931 484.384949 23.360628
v -228.009201 474.778503 28.824894
v -226.401932 466.137665 30.555431
v -226.213455 452.949310 27.639132
v -152.718735 495.079865 25.492846
v -158.784119 506.481293 10.809286
v -93.876884 500.856445 -28.942268
v -78.440369 503.560394 -35.086380
v -65.041397 505.822113 -41.128345
v 31.252579 764.862427 7.983506
v -34.117558 504.075806 -52.858624
v -20.369112 503.437439 -47.999474
v 2.031194 502.941895 -51.629520
v 15.311222 508.925751 -36.309082
v 22.281898 511.617310 -18.822802
v 9.603211 493.719055 -56.367004
v 23.265348 503.573395 -45.791763
v 7.521306 483.952148 -61.567650
v -3.770990 474.356506 -66.456726
v 3.184572 459.404205 -68.683960
v -26.932198 474.000397 -66.386887
v -39.179317 475.279205 -63.322319
v 56.982967 775.068115 11.900853
v -66.912430 479.397461 -53.600361
v -80.906639 478.952911 -48.290646
v -94.753822 479.005737 -39.582302
v -159.073441 503.902435 6.983070
v -157.427200 498.363037 -2.694422
v -156.808990 498.250244 -12.824252
v -157.390793 492.620300 -18.802885
v -158.465942 487.207703 -22.587799
v -157.052689 483.383148 -25.124365
v -158.059998 478.201752 -28.508497
v -156.295242 467.713898 -28.646103
v -157.169983 461.741394 -21.451012
v -274.794189 478.472839 -12.823836
v -284.414734 476.718109 -11.265459
v -293.400513 476.648010 -11.627758
v -300.500671 479.145294 -15.246187
v -307.574890 479.087402 -17.214577
v -313.769836 479.519104 -19.687700
v -320.033264 480.266510 -23.182278
v -327.810425 481.312897 -27.305666
v -336.890869 479.198456 -30.922462
v -354.079651 476.006653 -40.498341
v -366.657227 474.510101 -46.282360
v -378.388062 473.092163 -51.039703
v -381.169922 468.165405 -53.940388
v -376.226501 464.577240 -52.881599
v -364.568359 462.498108 -49.201500
v -351.355408 461.800262 -42.483543
v -333.487183 461.354004 -34.067123
v -326.236633 459.137299 -26.646584
v -315.819397 460.039063 -24.096443
v -308.200684 460.162537 -19.919176
v -303.223267 460.520508 -16.721489
v -298.219910 460.692841 -13.691983
v -289.194031 459.628204 -10.878372
v -278.481689 455.782745 -10.831189
v -268.060547 453.698395 -9.744456
v -157.279816 454.139435 -15.155700
v -155.551132 449.534088 -9.126442
v -154.471771 443.646545 2.794073
v -156.000580 444.862549 7.620703
v -153.614975 448.678253 19.187901
v -150.354645 451.801147 25.347179
v -147.871643 455.427246 27.074160
v -147.788284 471.721954 31.336857
v -149.063553 481.989014 28.576700
v -101.901390 438.117462 -15.726344
v -101.545822 430.738251 -15.807620
v -98.263939 410.020325 -15.898560
v -97.402992 390.268463 -17.570459
v -93.739136 372.668213 -17.744095
v -90.894798 356.099274 -17.727549
v -89.057602 340.824066 -18.243458
v -88.627708 326.565460 -19.555063
v -92.151855 313.031708 -21.256649
v -93.828377 299.621399 -22.641956
v -93.624962 285.527222 -21.564144
v -94.378326 277.192108 -21.163521
v -93.587456 267.786713 -20.241356
v -100.740028 248.402145 -22.345659
v 14.458148 165.852478 -48.148949
v 15.282085 475.330261 -63.796581
v -1.802026 443.551849 -71.076233
v -3.049625 425.401764 -70.967804
v -4.407350 406.969269 -70.848251
v -4.937974 388.414063 -69.926514
v -6.616472 369.852936 -66.750595
v -7.815511 351.783203 -67.009506
v -9.202301 334.377228 -68.721359
v -12.006341 317.051453 -72.600952
v -13.169432 299.462250 -73.445572
v -13.642600 281.671875 -77.657852
v -12.721181 262.678711 -78.953918
v -11.319650 242.858398 -71.857925
v -5.465858 221.415268 -51.624226
v 21.201342 167.498749 -55.611801
v 28.858969 169.289124 -60.129795
v 39.986488 171.204758 -60.971294
v 129.213165 48.068695 -33.833267
v 57.732826 173.978271 -59.431450
v 65.002533 174.796509 -56.840000
v 74.007759 178.257034 -44.662502
v 79.511635 180.703842 -28.063391
v 82.518166 181.451141 -16.814751
v 82.318253 181.507904 0.240742
v 79.091171 180.045303 12.396662
v 1.925419 25.320251 -60.324093
v 3.805907 17.785309 -63.252037
v 11.455035 3.553253 -58.037380
v 19.269163 3.996094 -48.091240
v 33.319916 9.069275 -44.699570
v 50.414410 17.944641 -33.827980
v 61.097481 22.192230 -27.182198
v 128.837555 47.983307 -19.139784
v 78.334091 21.260223 -25.194450
v 64.094368 174.304077 33.827240
v 84.011040 13.955505 -38.634518
v 91.070839 4.617584 -62.810505
v 125.976624 48.255585 9.851878
v 78.225136 25.623596 -11.365385
v 67.444908 15.940002 -41.310776
v 60.078636 15.112305 -44.343601
v 44.486336 7.475281 -61.647850
v 39.744946 4.348419 -76.481277
v 45.008530 47.390167 -97.363281
v 24.894121 60.251923 -78.844116
v 43.729649 60.591095 -91.079681
v 53.985893 178.303345 39.080410
v 44.503967 167.510284 43.752441
v 28.064390 210.578278 46.729080
v 16.207310 205.037277 49.111927
v 119.610779 46.549255 34.312401
v 2.949843 200.625427 39.789227
v -7.651835 202.809891 22.691307
v -11.315001 202.110809 -1.160586
v 3.394060 204.855835 -46.493584
v 6.999601 208.088120 -51.344498
v 13.989595 210.471222 -57.405563
v 7.764132 231.271072 -62.895542
v 5.230643 249.105179 -73.757645
v 3.830604 267.221619 -76.691147
v 2.977485 284.739502 -75.744308
v 3.120283 301.492706 -75.957596
v 3.998302 317.707458 -69.441055
v 5.003683 333.915314 -62.021626
v 5.951537 350.785675 -65.315063
v 7.563471 368.347687 -69.831497
v 9.987514 386.337738 -66.907028
v 12.600309 404.740723 -68.226395
v 15.191498 420.299591 -68.788528
v 18.660130 444.466095 -70.561172
v 22.854687 461.949463 -65.983597
v 37.769783 479.270905 -56.888020
v 59.014606 488.331512 -65.297836
v 26.527246 485.897095 -58.251030
v 30.244806 494.595612 -51.289600
v 43.648129 497.801453 -39.207462
v 58.784813 499.887604 -38.494999
v 35.481247 508.238464 -31.565113
v 34.450603 507.263763 -16.596478
v 43.611984 506.277039 -4.401781
v 58.552776 502.693756 -6.631929
v 38.815327 508.137299 7.208258
v 26.884953 512.537170 -3.773523
v 41.226799 502.022461 26.256403
v 41.098164 491.431610 37.485847
v 44.122528 475.969940 42.274570
v 45.773071 459.280914 42.617767
v 45.111042 440.388794 45.751846
v 42.722580 419.851410 45.933155
v 40.022400 400.102661 47.921871
v 37.254185 381.365479 51.527985
v 34.828358 363.281219 50.609409
v 33.353264 345.357269 52.408314
v 32.334061 327.403198 52.148697
v 31.543755 309.969025 52.039646
v 30.761688 293.572815 52.325481
v 30.052494 278.800110 51.288216
v 30.065887 266.359344 53.469452
v 30.516546 254.194550 52.730488
v 32.301903 236.347580 53.673244
v 21.472834 213.222702 -61.838562
v 30.904755 216.825104 -64.727798
v 104.008736 46.466675 47.768810
v 48.732555 222.601044 -59.184788
v 54.907063 224.265305 -53.385517
v 64.533379 228.099304 -42.434761
v 70.530647 231.010330 -27.524471
v 71.238991 231.148956 -15.981940
v 70.571884 230.940918 -2.532048
v 70.929367 230.482330 10.441936
v 59.516487 223.730392 38.097370
v 72.797638 33.952362 69.402725
v 73.415886 20.653381 66.587265
v 72.120766 11.518036 60.351238
v 71.308487 12.134766 52.195248
v 71.851509 15.175598 41.924129
v 71.508575 25.654327 17.183901
v 77.833252 28.135895 5.964139
v 45.402325 217.069153 47.950329
v 90.057739 24.198608 -1.802363
v 106.283035 15.864899 6.440424
v 86.205978 18.359680 -26.658052
v 97.473808 20.179535 -17.900517
v 80.999115 17.386444 -31.545185
v 67.351517 28.246735 -3.483637
v 60.131901 27.650360 9.936825
v 52.660149 17.097565 37.197842
v 36.184917 8.458923 48.702976
v 21.769855 9.160217 54.032681
v 20.829208 19.265717 57.349037
v 25.448788 30.308319 59.503136
v 36.370338 213.304031 49.978443
v 76.639366 208.190948 -1.194907
v 76.017097 208.006454 -16.334845
v 74.773857 207.715958 -27.798813
v 68.236618 204.847031 -43.057358
v 59.468124 201.181732 -54.567619
v 54.448170 200.310562 -61.580570
v 83.706352 47.184753 59.806007
v 34.843697 195.533203 -65.116104
v 25.313194 192.893188 -59.983868
v 17.842896 190.511185 -55.972824
v 12.649358 227.234070 53.304226
v 12.730572 246.495529 55.514751
v 13.026324 259.942078 55.627792
v 13.192446 273.913361 54.015720
v 13.375957 290.383789 58.639095
v 13.966406 308.112915 61.884781
v 14.765976 326.516235 63.611645
v 16.093582 345.000366 64.529068
v 17.903440 363.386841 65.518021
v 17.448910 381.965118 62.335762
v 17.214613 401.491638 62.086674
v 17.626379 421.695557 60.666512
v 17.932949 441.288605 58.844719
v 17.406031 460.273254 56.111546
v 16.610226 478.624603 52.041080
v 18.210472 496.165039 43.504368
v 21.561380 506.744293 29.806553
v 27.089540 510.995697 7.980201
v 23.923630 515.398071 -4.259422
v 20.379299 522.225159 -3.427720
v 17.675829 533.997009 -2.742824
v 24.739313 548.138306 -11.382918
v 38.926102 564.169006 -22.958055
v 49.605301 578.066345 -27.728037
v 59.343361 594.187622 -32.216103
v 65.213921 610.478455 -34.422318
v 67.737709 627.520752 -35.597198
v 70.135307 646.560486 -36.407681
v 72.880280 663.647278 -37.257717
v 111.652412 11.884277 -17.802195
v 94.628334 15.467773 -28.892344
v 106.523323 8.734314 -39.721584
v 118.362976 4.565552 -47.633358
v 123.648926 5.260345 -57.644264
v 130.340363 19.449219 -61.957973
v 129.736359 29.453491 -60.544205
v 11.045712 188.702148 -48.856289
v 8.047953 185.391434 -45.061401
v -4.541134 182.727921 -8.419382
v 0.624666 183.012589 21.985458
v 8.913482 183.022400 33.176342
v 72.064972 45.651672 65.402527
v 19.555414 185.607391 43.092808
v 31.686424 190.385849 43.698318
v 39.900074 192.778107 44.928642
v 47.403683 195.425827 43.501289
v 62.001175 200.934433 36.436508
v 57.460083 253.275070 -40.160942
v 51.567425 274.089905 -40.078842
v 51.860783 286.475800 -41.751297
v 49.627239 297.195190 -42.124454
v 48.489326 304.218536 -41.009613
v 45.700886 313.068420 -38.959808
v 42.432789 326.997101 -35.041359
v 45.028809 344.510712 -35.069210
v 46.639420 356.224487 -34.488670
v 48.138702 369.547760 -33.661919
v 49.207062 383.131287 -32.275715
v 54.439323 396.944244 -33.691338
v 58.117111 411.623993 -33.483631
v 62.323601 425.438110 -33.938641
v 69.780632 437.229187 -29.377153
v 82.221603 440.338501 -29.635572
v 99.313385 444.302094 -28.848646
v 118.609726 446.279694 -28.523163
v 140.502502 447.103149 -28.708572
v 165.079666 448.149597 -28.648762
v 188.453781 447.619690 -28.797972
v 210.642075 445.060638 -29.734310
v 230.216080 448.327515 -29.769506
v 245.852325 451.022797 -29.704538
v 260.420837 450.040588 -30.379887
v 273.349915 454.661407 -30.483740
v 285.321045 454.646210 -32.730839
v 296.329773 454.438995 -36.100147
v 306.924011 455.333801 -39.293686
v 317.021790 455.345886 -42.462761
v 325.829773 458.846008 -44.568317
v 330.398499 464.594696 -44.266369
v 331.254211 467.215363 -45.398296
v 331.495056 468.948639 -45.683914
v 330.243835 472.326691 -45.278900
v 326.564026 476.447205 -46.445927
v 319.900146 482.514496 -46.087925
v 307.151306 483.558685 -43.350082
v 296.988770 485.279846 -40.014786
v 286.480225 484.765900 -35.245613
v 275.096497 484.360596 -31.638166
v 262.392700 487.738251 -30.904282
v 247.801346 490.770355 -30.872446
v 228.911743 490.034912 -30.472197
v 209.015656 491.456512 -31.018456
v 187.613144 492.557800 -30.971716
v 161.889084 491.459198 -31.116468
v 137.797073 497.138550 -33.744232
v 113.463615 495.417755 -33.718338
v 93.713287 497.591858 -34.775684
v 75.590317 499.619659 -36.925911
v 124.529053 8.350281 -18.445395
v 129.665268 8.405029 -19.156116
v 134.789871 20.346191 -20.174177
v 133.863831 30.733765 -19.553991
v 75.207474 207.255707 11.483347
v 66.932388 81.512726 38.101761
v 61.376007 82.461700 45.923645
v 52.014980 81.569580 46.319958
v 36.496990 78.706207 35.696808
v 16.888115 77.282318 26.830853
v 13.277869 82.008026 -0.333170
v 8.698529 79.866974 -17.695246
v 12.402523 77.947205 -50.214848
v 14.174570 81.065155 -57.894405
v 64.845009 256.618561 -15.522209
v 57.060570 275.511993 -17.150871
v 55.298061 286.883911 -18.995014
v 56.518387 297.455292 -20.780943
v 56.397850 303.477814 -20.864365
v 54.039001 311.666901 -20.077456
v 53.167595 326.737396 -18.828331
v 54.123543 344.770874 -17.716801
v 55.874161 355.818512 -17.663240
v 57.430019 367.976013 -17.866995
v 58.291264 380.791412 -18.195131
v 60.372875 394.203064 -18.193384
v 65.419022 407.428833 -19.462059
v 69.497856 420.163513 -20.265676
v 74.147316 432.635803 -18.134916
v 86.295799 435.630249 -18.618906
v 102.826164 440.882263 -18.214520
v 121.725853 441.795837 -18.444334
v 142.833450 445.251862 -18.205021
v 166.461365 443.256653 -18.762974
v 189.337891 443.929749 -18.995062
v 210.646423 446.023041 -19.374285
v 230.357681 447.188507 -20.014713
v 246.968643 448.510895 -20.687851
v 261.205750 452.908508 -21.002792
v 274.108765 454.117035 -22.250601
v 286.117310 453.229004 -24.753428
v 297.544617 454.140289 -27.457624
v 308.729126 454.566711 -30.256815
v 319.667542 454.076843 -33.142429
v 329.881348 458.119354 -34.893097
v 338.614685 463.482849 -35.423439
v 359.270935 463.317444 -41.145325
v 380.188660 463.014557 -46.746571
v 400.876465 465.252747 -52.573074
v 404.234253 469.544037 -52.715630
v 399.124695 472.234894 -49.837204
v 381.144653 476.438263 -42.081001
v 362.191895 477.857635 -35.922646
v 343.611877 475.262207 -32.375477
v 339.943542 469.228485 -26.133677
v 339.796143 466.570801 -25.924902
v 345.192932 472.646545 -20.899435
v 337.431335 475.110352 -25.190823
v 366.351685 474.723907 -20.039360
v 388.646057 473.052795 -21.087273
v 410.517151 469.023804 -18.813921
v 415.830688 467.088959 -20.059914
v 413.938843 461.625092 -19.767515
v 334.526306 481.276093 -25.329359
v 323.103882 483.665985 -23.904922
v 310.257263 486.334839 -21.127935
v 298.989441 488.699707 -18.959913
v 286.867493 489.143311 -16.558069
v 275.591919 489.294891 -16.022072
v 262.080261 489.756165 -15.546302
v 247.341354 491.426605 -15.104612
v 229.491653 492.005096 -14.102431
v 209.192032 490.997559 -13.698188
v 187.359756 493.528046 -12.899003
v 163.384613 494.927307 -12.225466
v 137.695419 494.379791 -10.252516
v 114.811447 497.475800 -9.111574
v 92.890404 498.986694 -8.203607
v 71.042084 505.306396 -11.086451
v 339.595276 464.980286 -25.227587
v 333.157410 456.799194 -26.308020
v 322.551880 453.505554 -24.288479
v 311.252869 453.807709 -21.275593
v 299.513855 453.906403 -18.449459
v 287.143921 454.289764 -16.047077
v 274.996887 454.343597 -13.412207
v 262.475220 453.398895 -10.719478
v 247.186371 452.938690 -11.127686
v 230.614273 449.049591 -8.510240
v 211.595596 444.109985 -7.602281
v 190.584946 440.264435 -6.882220
v 167.566864 440.798096 -7.008337
v 143.877792 445.496002 -6.162999
v 122.130524 444.115692 -5.055768
v 103.409378 439.544952 -4.876133
v 86.697220 436.752136 -4.439998
v 77.444962 433.270111 -2.936431
v 71.803940 423.434906 -4.356228
v 68.155182 410.860474 -1.797706
v 64.207886 395.917694 2.566231
v 61.440426 383.011688 3.802252
v 58.488106 369.809937 1.255654
v 56.222763 357.753235 2.776246
v 55.026619 345.986877 3.801593
v 56.237312 327.387329 2.379084
v 56.516125 311.671112 1.584496
v 56.838707 302.387268 0.204613
v 56.870155 296.120575 -1.152437
v 56.457161 285.768860 1.303422
v 57.490398 274.748810 4.137289
v 66.416565 256.441406 9.324454
v 27.123390 82.728088 -69.737564
v 39.308159 82.790558 -78.428925
v 54.113617 84.619720 -81.507584
v 55.477905 45.808105 64.738052
v 79.444160 86.384247 -78.537109
v 98.269005 84.365173 -68.924973
v 104.574165 85.918518 -52.750988
v 108.468491 87.358185 -31.172081
v 111.575615 88.321686 -18.343037
v 104.790382 86.767181 4.530584
v 97.825722 85.087494 18.918272
v 128.753815 29.944550 29.216663
v 129.606369 20.432831 25.922449
v 125.031349 8.606262 23.846920
v 119.231438 4.373291 21.507851
v 74.357246 484.486237 -50.701569
v 93.914604 488.709045 -48.185001
v 113.501022 486.411713 -44.346062
v 135.358917 481.418396 -38.727840
v 160.989532 479.442261 -37.597488
v 185.661957 477.825287 -36.964367
v 208.819443 478.286346 -37.566383
v 229.403595 476.503693 -36.853256
v 248.557953 477.613464 -37.709217
v 263.440796 476.869598 -37.430248
v 274.851379 476.428162 -37.345840
v 285.585144 476.003540 -40.820286
v 295.538635 477.416901 -47.843662
v 306.430481 476.901459 -52.410355
v 317.945251 476.566101 -55.900826
v 324.339355 475.252808 -57.532600
v 332.561584 475.055695 -61.750874
v 345.340027 474.323486 -70.116028
v 358.668518 472.484497 -78.286453
v 370.829468 469.257294 -85.423828
v 375.646118 464.925201 -89.404465
v 370.848450 462.068939 -83.507904
v 357.980713 460.960052 -75.927170
v 343.601440 460.574799 -66.799652
v 328.495911 460.683990 -56.613014
v 323.456238 458.888611 -55.058426
v 315.861633 457.591858 -52.616306
v 305.949097 456.668945 -48.970711
v 295.247742 456.884155 -44.787457
v 285.118652 459.232391 -38.618263
v 274.095764 460.667542 -33.920788
v 261.230835 458.751587 -36.709286
v 246.528076 457.937897 -39.073780
v 230.004105 458.857208 -36.650021
v 209.949997 454.538239 -38.118771
v 187.128281 455.653107 -36.123646
v 163.093124 454.103699 -37.634888
v 137.164856 453.670807 -37.636253
v 113.111702 452.188202 -38.316483
v 93.738647 451.402252 -39.455048
v 76.815819 451.120941 -39.871628
v 64.661484 446.726440 -40.743717
v 52.420063 436.896454 -46.420517
v 49.124718 421.291412 -48.357346
v 43.709328 403.815430 -47.668945
v 45.274128 389.176636 -49.762360
v 38.063210 373.349274 -45.786274
v 35.080189 359.004639 -44.104717
v 33.567791 344.869446 -47.635124
v 32.773045 330.008240 -50.182514
v 33.514908 316.391510 -50.629047
v 35.833462 305.556458 -59.326038
v 36.274025 294.003113 -60.164261
v 40.021641 282.725952 -62.930649
v 44.337032 267.897583 -63.975800
v 47.156399 247.886597 -63.084133
v 81.022316 82.247742 32.880253
v 79.381088 140.606415 14.794433
v 86.823288 142.781647 0.934071
v 93.037109 144.093414 -17.185556
v 90.943916 143.793304 -29.501528
v 81.801247 140.360931 -46.058498
v 71.212776 136.593201 -56.488087
v 64.648285 137.271637 -60.150681
v 28.170748 44.953033 56.909588
v 46.077354 136.680023 -64.341805
v 34.510429 135.420441 -59.749462
v 105.276901 30.763062 -87.692169
v 109.805641 22.221497 -88.166138
v 109.489639 8.452393 -86.966965
v 97.107742 4.511932 -77.855515
v 30.251347 510.433899 -4.304501
v 36.834801 508.210602 -4.294183
v 16.330275 742.089294 -95.536362
v 12.933665 750.453003 -92.011765
v 7.372478 751.872925 -82.873627
v 2.348955 746.272705 -67.545639
v -3.635408 744.694885 -51.960274
v -8.790059 749.573730 -38.424480
v -2.906305 759.221741 -24.570101
v 0.539358 765.238403 -15.816409
v 3.851055 769.692383 -6.595221
v 6.820421 776.737305 6.263249
v 11.621182 781.404175 22.326817
v 25.674179 780.993774 32.367558
v 34.913540 780.204163 38.297161
v 43.161140 776.002197 45.072388
v 50.927010 767.190125 47.197014
v 58.918518 768.881226 52.672176
v 62.628120 753.394470 54.481857
v 65.145683 735.858887 54.437344
v 68.018204 716.421265 55.603649
v 68.625977 695.703125 56.130581
v 68.573166 677.326111 55.936504
v 55.655537 671.998108 68.963089
v 48.008461 666.417297 73.516129
v 41.631599 662.130005 78.079117
v 36.532246 657.767151 81.328186
v 31.508339 652.754272 82.854965
v 28.541548 649.565002 85.246048
v 28.536943 645.498047 85.737854
v 28.773912 640.124023 85.824890
v 27.820074 634.995422 86.311615
v 27.314518 629.745850 85.582260
v 28.986240 623.988525 82.992416
v 33.109711 616.642456 82.309692
v 35.140614 607.695313 80.337753
v 31.132816 598.307861 81.294052
v 23.798737 589.568237 85.201813
v 12.929564 582.583801 93.137482
v -0.451294 577.381531 100.485504
v -8.022395 573.302429 100.421936
v -13.862882 570.282227 100.556885
v -41.069103 569.434265 103.687180
v -47.568611 572.609375 102.646286
v -56.013794 576.569336 100.723343
v -68.091484 581.464233 93.099854
v -82.630737 588.165955 82.564240
v -90.057297 595.505737 78.279297
v -95.665085 603.879089 75.940323
v -94.350716 613.616028 78.653580
v -90.960197 620.899048 79.982513
v -88.072906 625.759094 83.930649
v -89.109428 630.481323 85.304932
v -90.602257 635.361572 85.394409
v -90.883171 641.063721 85.300537
v -90.986084 646.699280 84.353271
v -93.925835 650.283875 80.196243
v -98.080772 656.168457 80.455093
v -100.465485 661.146973 79.868484
v -108.715126 667.543030 76.452484
v -118.017647 674.896057 69.423584
v -130.062836 684.628479 53.597977
v -130.441681 704.217285 52.147984
v -125.830299 725.936951 50.329014
v -57.861874 761.256836 -23.542379
v -55.991951 758.271606 -33.109344
v -53.300694 750.787170 -45.515129
v -56.221161 751.593750 -62.899368
v -58.515644 750.792175 -75.123688
v -62.189438 750.393311 -86.502197
v -64.950142 744.877502 -100.920288
v -65.728928 738.066040 -104.272629
v -66.322174 727.231079 -106.917664
v -66.556801 712.594910 -107.623810
v -67.000023 696.199585 -107.067154
v -66.029724 681.485229 -105.012207
v -66.453468 666.364075 -103.902847
v -67.281197 649.588074 -101.974396
v -68.282547 629.542847 -100.154602
v -67.751205 610.745117 -95.754227
v -66.224205 592.075256 -89.411774
v -63.919743 577.699829 -81.364304
v -60.601624 561.752625 -68.128799
v -52.370125 546.604553 -49.982826
v -43.613411 533.957275 -28.980862
v -45.182087 521.571716 -32.037746
v -49.113800 510.327057 -40.650387
v -50.996559 504.712006 -46.101585
v -52.381428 497.868958 -51.154068
v -53.468224 487.274109 -55.156799
v -54.348656 476.406708 -57.596405
v -54.692764 465.088593 -59.934593
v -54.524174 450.642700 -62.735718
v -54.474087 430.772400 -65.366165
v -51.064648 408.831665 -64.847710
v -49.582687 387.279297 -66.143814
v -48.166080 366.745667 -65.616882
v -46.908657 348.388794 -64.053619
v -46.651798 331.439209 -63.909821
v -46.651958 315.123993 -63.711700
v -47.035698 299.264587 -69.565277
v -46.959770 282.984344 -72.472229
v -46.515980 265.631561 -76.132751
v -44.870689 246.068604 -69.895920
v -33.667881 221.074493 -48.649879
v 27.861185 134.627045 -53.744518
v 19.162113 132.982697 -47.950489
v 15.979763 129.889465 -43.047558
v 4.726263 133.764557 -11.005696
v 13.557355 135.970795 8.785968
v 20.661205 119.224640 18.377466
v -57.835831 100.435913 -34.659595
v -55.886093 84.358307 -37.233345
v -52.537243 69.577484 -41.039925
v -47.625080 57.278473 -45.686829
v -44.856300 44.057404 -50.673801
v -41.768688 27.269440 -55.140617
v -43.401463 8.256866 -54.514606
v -53.666294 5.191071 -46.491245
v -63.022755 11.409576 -39.690601
v -71.378204 16.030975 -30.787706
v -81.879921 22.862091 -18.787493
v -91.364594 22.939972 -16.804268
v 21.082279 97.836670 15.803856
v -113.118965 23.073456 -9.607832
v -122.491989 21.076477 -3.689414
v -141.673203 16.777130 -4.284219
v -153.941193 12.789215 -3.701629
v -163.740356 10.471436 -3.534708
v -166.238144 20.494629 -2.860903
v -164.773682 27.424469 -1.183733
v -163.904053 39.332550 -1.366327
v -159.587540 50.885162 -1.661702
v -151.303604 68.561066 -1.412570
v -142.312622 86.924866 -2.310576
v -135.707504 108.456543 -3.725332
v 31.596893 130.581635 30.737978
v 42.356590 133.246674 37.429173
v 50.393719 134.492950 38.619400
v 56.693695 134.954376 38.209427
v 69.076797 140.093597 28.479006
v -59.712406 765.456482 -14.970116
v -69.481201 776.500732 -4.063165
v -82.523605 783.265808 4.236681
v -98.626991 785.424622 2.750974
v -111.539215 789.751282 4.190392
v -128.091263 798.842224 -3.070894
v -139.494064 783.929626 1.249707
v -141.481094 764.947693 8.288756
v -140.902298 747.909119 5.978725
v -141.033813 730.409363 8.612524
v -141.667694 710.393677 11.378376
v -142.426865 691.780823 11.100333
v -140.173492 672.069519 10.480329
v -132.040970 655.517212 9.806732
v -130.987152 636.845276 6.445518
v -129.836319 619.905151 7.971668
v -123.788689 601.833191 9.797416
v -120.101563 584.415405 11.909255
v -112.399612 569.403259 14.436499
v -101.234924 553.671143 24.152954
v -85.681252 542.661987 33.543583
v -72.497116 537.295288 42.072536
v -59.340763 533.041016 48.746914
v -44.022610 530.147522 54.978539
v -34.440937 529.070007 57.352169
v -26.103624 529.057922 58.801826
v -7.668821 530.696899 58.486908
v 8.407146 535.883972 53.903595
v 19.327394 541.114014 44.620064
v 30.854630 548.852295 33.714645
v 40.832928 558.164429 28.315212
v 51.841080 570.366455 25.186724
v 59.452721 581.906494 24.666306
v 64.817352 595.328430 24.782169
v 70.065536 611.322083 24.563154
v 74.363129 628.526428 24.714241
v 76.102882 647.262451 26.830870
v 76.491966 663.889221 27.124369
v 76.153252 685.184143 28.941122
v 78.353264 703.407349 33.089516
v 79.825653 726.458740 31.652020
v 77.759537 748.729675 32.873856
v 75.328362 767.658325 33.573254
v 69.523125 782.973999 35.325611
v 50.613960 774.738220 28.204197
v 40.614727 766.617615 26.686403
v 30.843800 773.803223 22.893116
v 15.535694 776.599365 15.833054
v 74.565483 24.898621 -15.183009
v 84.224495 25.618805 -6.603295
v 88.650215 22.566071 -16.716375
v 91.357834 19.225128 -22.694323
v -36.186081 576.984619 109.438660
v -42.153790 577.137024 109.035080
v -49.797527 578.555420 106.404709
v -56.735031 580.982422 102.060165
v -59.432652 579.839111 99.535202
v -61.491550 578.618286 97.682205
v -63.055851 576.826477 96.116653
v -63.758263 572.609375 94.639816
v -62.947182 567.956177 93.920029
v -55.704948 563.126465 96.845154
v -47.881519 558.652771 98.470932
v -39.703999 556.649170 99.208694
v -33.113644 556.235657 99.305984
v -27.273520 556.219421 99.000992
v -16.207165 557.010620 99.215149
v -6.867044 558.522522 98.316040
v 0.700707 564.284058 97.371033
v 9.117500 572.325684 94.798965
v 7.610897 575.807251 96.176437
v 6.650206 578.521851 97.118286
v 5.704535 579.489807 97.805023
v 4.521472 580.364624 98.631058
v 2.022874 582.286133 100.337524
v -6.588176 579.167297 105.413544
v -13.717654 578.029541 108.178162
v -20.728979 577.286438 109.264725
v -27.038824 577.115662 109.376511
v -31.631437 577.000061 109.495850
v -31.508604 568.357483 103.532379
v 12.103563 503.244965 -49.116680
v 32.916817 501.297638 -42.386257
v 7.239246 474.420837 -63.935539
v 24.860222 476.905640 -61.728577
# 3404 positions

vt 0.222700 0.647892
vt 0.217438 0.652220
vt 0.211171 0.646381
vt 0.219672 0.642236
vt 0.204471 0.656624
vt 0.199723 0.666387
vt 0.191822 0.668429
vt 0.199822 0.655246
vt 0.246852 0.657007
vt 0.244497 0.652202
vt 0.250423 0.646590
vt 0.254084 0.653902
vt 0.256801 0.640654
vt 0.263481 0.652133
vt 0.240174 0.641520
vt 0.237944 0.647963
vt 0.257202 0.680851
vt 0.248498 0.689710
vt 0.245024 0.682924
vt 0.250815 0.675688
vt 0.236450 0.698091
vt 0.223469 0.702805
vt 0.225729 0.693628
vt 0.236006 0.688951
vt 0.211069 0.696227
vt 0.200825 0.688949
vt 0.207067 0.684208
vt 0.215581 0.689794
vt 0.202540 0.675077
vt 0.192677 0.679467
vt 0.242736 0.634976
vt 0.206447 0.643029
vt 0.216132 0.637512
vt 0.241627 0.676909
vt 0.245258 0.671521
vt 0.228463 0.684518
vt 0.235086 0.680993
vt 0.213409 0.680120
vt 0.220375 0.682533
vt 0.211166 0.672850
vt 0.212613 0.658850
vt 0.209878 0.666288
vt 0.170895 0.714148
vt 0.180795 0.716576
vt 0.177813 0.723289
vt 0.170349 0.722610
vt 0.188012 0.724643
vt 0.183362 0.711490
vt 0.193330 0.719931
vt 0.201460 0.743968
vt 0.197169 0.760191
vt 0.190560 0.756632
vt 0.193400 0.744762
vt 0.185379 0.763704
vt 0.191777 0.768517
vt 0.169624 0.779059
vt 0.157125 0.776402
vt 0.158699 0.769272
vt 0.167991 0.769908
vt 0.151528 0.761919
vt 0.148014 0.767771
vt 0.139596 0.744475
vt 0.144164 0.729198
vt 0.148033 0.732233
vt 0.145837 0.743775
vt 0.156132 0.721444
vt 0.153008 0.717370
vt 0.172601 0.706533
vt 0.181828 0.729285
vt 0.183474 0.752382
vt 0.185392 0.743957
vt 0.179750 0.757953
vt 0.160864 0.761536
vt 0.167560 0.762395
vt 0.155892 0.756475
vt 0.154000 0.735129
vt 0.151997 0.744006
vt 0.159195 0.727540
vt 0.170208 0.735608
vt 0.167189 0.741531
vt 0.163106 0.739220
vt 0.166135 0.733305
vt 0.174700 0.738395
vt 0.171992 0.744283
vt 0.250572 0.722503
vt 0.247547 0.717941
vt 0.253368 0.711915
vt 0.253914 0.715624
vt 0.169723 0.749562
vt 0.164990 0.747388
vt 0.223323 0.750766
vt 0.217534 0.759982
vt 0.210200 0.760333
vt 0.214324 0.749364
vt 0.160584 0.745136
vt 0.269006 0.718816
vt 0.274252 0.715366
vt 0.273305 0.725691
vt 0.267782 0.727019
vt 0.266844 0.735156
vt 0.272823 0.735348
vt 0.270204 0.743985
vt 0.264328 0.742234
vt 0.227933 0.658023
vt 0.231300 0.661831
vt 0.227369 0.665374
vt 0.223817 0.661509
vt 0.228503 0.770427
vt 0.227931 0.776836
vt 0.223058 0.773842
vt 0.226122 0.767419
vt 0.231101 0.668812
vt 0.234736 0.665599
vt 0.222771 0.734794
vt 0.226605 0.729544
vt 0.233110 0.734291
vt 0.230329 0.738958
vt 0.227193 0.673003
vt 0.222764 0.677915
vt 0.218226 0.675228
vt 0.223112 0.669318
vt 0.222711 0.759559
vt 0.229169 0.752892
vt 0.215542 0.670105
vt 0.220017 0.665670
vt 0.241634 0.735513
vt 0.235662 0.730967
vt 0.238527 0.727928
vt 0.243971 0.732627
vt 0.174803 0.752476
vt 0.177259 0.747601
vt 0.162940 0.755446
vt 0.167707 0.756780
vt 0.158524 0.751954
vt 0.158081 0.737168
vt 0.156580 0.743769
vt 0.162106 0.731154
vt 0.174118 0.728567
vt 0.169013 0.727711
vt 0.177873 0.733115
vt 0.179459 0.741621
vt 0.217042 0.661394
vt 0.213911 0.666298
vt 0.224230 0.653780
vt 0.220012 0.656101
vt 0.238209 0.657194
vt 0.233917 0.653552
vt 0.240384 0.661073
vt 0.236734 0.673363
vt 0.239021 0.669516
vt 0.226618 0.679650
vt 0.231398 0.676418
vt 0.238859 0.767743
vt 0.239701 0.773819
vt 0.258026 0.708578
vt 0.256930 0.714169
vt 0.227806 0.786915
vt 0.218469 0.785688
vt 0.249260 0.772148
vt 0.252230 0.779603
vt 0.241818 0.783082
vt 0.282529 0.736509
vt 0.279232 0.747418
vt 0.285814 0.708356
vt 0.283577 0.723548
vt 0.252982 0.702796
vt 0.260807 0.696629
vt 0.244022 0.710356
vt 0.203944 0.760868
vt 0.208307 0.746739
vt 0.240225 0.704512
vt 0.251227 0.696145
vt 0.196753 0.714579
vt 0.186472 0.706659
vt 0.189838 0.701814
vt 0.200030 0.709629
vt 0.218865 0.723418
vt 0.215523 0.729024
vt 0.238124 0.762759
vt 0.229112 0.764588
vt 0.229239 0.761012
vt 0.237290 0.760105
vt 0.221789 0.719303
vt 0.225252 0.715392
vt 0.232689 0.722052
vt 0.229394 0.725562
vt 0.193233 0.697544
vt 0.196574 0.693387
vt 0.206738 0.701100
vt 0.203358 0.705426
vt 0.245954 0.738655
vt 0.248223 0.735994
vt 0.251890 0.738025
vt 0.249809 0.741795
vt 0.259085 0.734856
vt 0.262259 0.735088
vt 0.259852 0.740999
vt 0.257123 0.740095
vt 0.252591 0.725252
vt 0.254128 0.718605
vt 0.255894 0.718570
vt 0.254778 0.726621
vt 0.259917 0.728286
vt 0.261284 0.720750
vt 0.264761 0.720448
vt 0.263237 0.727932
vt 0.259273 0.751834
vt 0.264883 0.755793
vt 0.256723 0.764938
vt 0.252862 0.759377
vt 0.252994 0.747708
vt 0.255396 0.749298
vt 0.250227 0.755621
vt 0.248372 0.753403
vt 0.235147 0.756183
vt 0.227761 0.759592
vt 0.226787 0.758891
vt 0.233977 0.754537
vt 0.244373 0.749055
vt 0.240735 0.745784
vt 0.243697 0.741443
vt 0.247929 0.744457
vt 0.236384 0.742840
vt 0.239215 0.738408
vt 0.272256 0.760850
vt 0.261852 0.771629
vt 0.207622 0.769744
vt 0.217586 0.766194
vt 0.281200 0.697929
vt 0.269836 0.710667
vt 0.223339 0.762622
vt 0.265934 0.715217
vt 0.290613 0.818159
vt 0.285843 0.813505
vt 0.296254 0.796704
vt 0.303272 0.802044
vt 0.182622 0.634922
vt 0.170305 0.644846
vt 0.159690 0.632140
vt 0.173468 0.621664
vt 0.283293 0.832983
vt 0.275584 0.830272
vt 0.383416 0.721505
vt 0.378419 0.713247
vt 0.394338 0.706656
vt 0.394598 0.720012
vt 0.266733 0.867978
vt 0.264614 0.882075
vt 0.254722 0.877815
vt 0.256409 0.867193
vt 0.271168 0.932542
vt 0.259432 0.936398
vt 0.253045 0.922946
vt 0.265408 0.920925
vt 0.407155 0.705978
vt 0.422885 0.706363
vt 0.420978 0.718961
vt 0.406168 0.718201
vt 0.352461 0.744184
vt 0.347592 0.737523
vt 0.363648 0.719875
vt 0.367679 0.730619
vt 0.328932 0.771306
vt 0.319032 0.767636
vt 0.335524 0.751305
vt 0.340380 0.758434
vt 0.213265 0.617102
vt 0.197702 0.623895
vt 0.191584 0.612285
vt 0.210700 0.604106
vt 0.248133 0.628343
vt 0.261914 0.635058
vt 0.254775 0.619494
vt 0.242023 0.612997
vt 0.262737 0.588025
vt 0.274679 0.602484
vt 0.280040 0.639271
vt 0.269283 0.628228
vt 0.288089 0.615672
vt 0.298134 0.628571
vt 0.297357 0.666331
vt 0.290748 0.653463
vt 0.307964 0.644416
vt 0.316684 0.659391
vt 0.306352 0.691717
vt 0.302367 0.678504
vt 0.322767 0.674654
vt 0.326239 0.692969
vt 0.303992 0.722941
vt 0.308174 0.703736
vt 0.323092 0.711720
vt 0.318403 0.729052
vt 0.293808 0.753081
vt 0.298662 0.739697
vt 0.311484 0.744645
vt 0.303145 0.760097
vt 0.270974 0.786033
vt 0.283802 0.769778
vt 0.290686 0.775939
vt 0.277984 0.791012
vt 0.244426 0.803863
vt 0.256689 0.798018
vt 0.264777 0.802972
vt 0.253436 0.813254
vt 0.169796 0.816878
vt 0.153521 0.810144
vt 0.156890 0.793882
vt 0.171045 0.798399
vt 0.142098 0.783616
vt 0.136707 0.801949
vt 0.109997 0.750548
vt 0.109690 0.723128
vt 0.121316 0.725225
vt 0.120920 0.751976
vt 0.140935 0.712920
vt 0.133337 0.727350
vt 0.127638 0.709216
vt 0.126706 0.673232
vt 0.134383 0.659450
vt 0.148228 0.670675
vt 0.140302 0.683248
vt 0.141092 0.650106
vt 0.148910 0.641672
vt 0.161127 0.654238
vt 0.154180 0.661970
vt 0.113368 0.703857
vt 0.218118 0.807809
vt 0.227772 0.809315
vt 0.239420 0.823293
vt 0.226140 0.827002
vt 0.278757 0.765557
vt 0.266469 0.778395
vt 0.243064 0.792835
vt 0.254371 0.787316
vt 0.170909 0.788349
vt 0.157117 0.784710
vt 0.199456 0.770284
vt 0.260111 0.688283
vt 0.183569 0.689430
vt 0.187579 0.684639
vt 0.179815 0.694363
vt 0.175987 0.700119
vt 0.153397 0.689260
vt 0.159410 0.679756
vt 0.169731 0.687306
vt 0.166158 0.695410
vt 0.145368 0.774958
vt 0.201157 0.635423
vt 0.214517 0.628237
vt 0.178174 0.657016
vt 0.188690 0.645831
vt 0.165107 0.672202
vt 0.171134 0.665509
vt 0.180772 0.675420
vt 0.174579 0.681232
vt 0.197763 0.803788
vt 0.206901 0.805043
vt 0.210036 0.826443
vt 0.197466 0.824801
vt 0.217929 0.796685
vt 0.227761 0.798762
vt 0.196015 0.783017
vt 0.208517 0.782061
vt 0.206425 0.793683
vt 0.196705 0.792991
vt 0.292498 0.695056
vt 0.296226 0.707052
vt 0.293948 0.723097
vt 0.284150 0.670290
vt 0.287896 0.681297
vt 0.274854 0.686247
vt 0.272731 0.676091
vt 0.270832 0.645666
vt 0.280295 0.658090
vt 0.270378 0.664729
vt 0.290890 0.737406
vt 0.286580 0.749911
vt 0.131620 0.746829
vt 0.295458 0.778140
vt 0.299121 0.779426
vt 0.285326 0.794965
vt 0.282037 0.793316
vt 0.312656 0.761938
vt 0.322469 0.746566
vt 0.329044 0.746826
vt 0.318427 0.760427
vt 0.368293 0.216315
vt 0.373018 0.236362
vt 0.367456 0.239126
vt 0.364280 0.218837
vt 0.779109 0.918811
vt 0.769791 0.917087
vt 0.769599 0.907682
vt 0.780663 0.907074
vt 0.796098 0.402208
vt 0.796791 0.389219
vt 0.802970 0.388865
vt 0.801258 0.402368
vt 0.795879 0.433794
vt 0.795541 0.416620
vt 0.800503 0.417823
vt 0.801253 0.434041
vt 0.763618 0.400138
vt 0.761327 0.413840
vt 0.752907 0.413100
vt 0.755089 0.399598
vt 0.738759 0.394915
vt 0.740036 0.382786
vt 0.751446 0.386379
vt 0.746654 0.397611
vt 0.854064 0.394356
vt 0.850148 0.396067
vt 0.845309 0.384450
vt 0.849619 0.382802
vt 0.833477 0.386394
vt 0.836809 0.386408
vt 0.842597 0.398586
vt 0.835329 0.398678
vt 0.821604 0.397987
vt 0.820043 0.386860
vt 0.825294 0.386860
vt 0.826782 0.398581
vt 0.791238 0.389023
vt 0.790788 0.401841
vt 0.770848 0.400229
vt 0.772702 0.389030
vt 0.777519 0.389124
vt 0.777070 0.400915
vt 0.817765 0.398668
vt 0.815251 0.399868
vt 0.815052 0.388038
vt 0.817237 0.387797
vt 0.766109 0.471059
vt 0.767382 0.449948
vt 0.775405 0.451108
vt 0.777426 0.470579
vt 0.786821 0.520823
vt 0.794852 0.521553
vt 0.794879 0.544805
vt 0.786911 0.542967
vt 0.827583 0.542653
vt 0.824933 0.543067
vt 0.826007 0.520870
vt 0.828541 0.520720
vt 0.843063 0.519289
vt 0.848107 0.544436
vt 0.836003 0.543666
vt 0.832499 0.520395
vt 0.856958 0.515006
vt 0.863583 0.512226
vt 0.868700 0.532930
vt 0.861973 0.537479
vt 0.745908 0.555727
vt 0.743270 0.572433
vt 0.730394 0.570733
vt 0.733257 0.554406
vt 0.882828 0.525285
vt 0.878024 0.527306
vt 0.873561 0.507366
vt 0.878429 0.505529
vt 0.729038 0.508987
vt 0.722038 0.531059
vt 0.709364 0.525588
vt 0.714277 0.505511
vt 0.287196 0.371187
vt 0.290489 0.384862
vt 0.274703 0.386504
vt 0.274167 0.371364
vt 0.257167 0.365026
vt 0.251138 0.375277
vt 0.235157 0.353168
vt 0.246111 0.353043
vt 0.230410 0.338654
vt 0.230595 0.332666
vt 0.242864 0.336418
vt 0.242230 0.340582
vt 0.256110 0.324918
vt 0.250926 0.327519
vt 0.240655 0.318427
vt 0.247410 0.312314
vt 0.272692 0.336563
vt 0.263085 0.335408
vt 0.268683 0.321672
vt 0.294409 0.305269
vt 0.299963 0.308277
vt 0.294416 0.328757
vt 0.288390 0.325317
vt 0.331718 0.352389
vt 0.329646 0.362309
vt 0.315818 0.359128
vt 0.318407 0.352877
vt 0.316450 0.374869
vt 0.304979 0.380305
vt 0.297864 0.368555
vt 0.306656 0.365845
vt 0.770297 0.518757
vt 0.770286 0.539310
vt 0.763013 0.537200
vt 0.761378 0.517071
vt 0.759943 0.429500
vt 0.758516 0.448026
vt 0.749148 0.446428
vt 0.750961 0.428677
vt 0.720154 0.461878
vt 0.725065 0.442447
vt 0.737285 0.444550
vt 0.735182 0.464798
vt 0.870874 0.461818
vt 0.865332 0.463695
vt 0.861637 0.442945
vt 0.866890 0.441620
vt 0.846002 0.446679
vt 0.852749 0.445179
vt 0.855983 0.466292
vt 0.850037 0.467897
vt 0.829421 0.471122
vt 0.826852 0.448853
vt 0.834587 0.448452
vt 0.838013 0.470355
vt 0.825638 0.472834
vt 0.821298 0.473028
vt 0.820495 0.452143
vt 0.823489 0.450741
vt 0.789383 0.452441
vt 0.795883 0.452460
vt 0.797149 0.472194
vt 0.788510 0.473440
vt 0.739817 0.511741
vt 0.743798 0.489284
vt 0.753561 0.491932
vt 0.750898 0.514684
vt 0.768372 0.559467
vt 0.766904 0.577036
vt 0.755627 0.574122
vt 0.758446 0.557196
vt 0.787230 0.564116
vt 0.795782 0.564181
vt 0.796791 0.582086
vt 0.791544 0.585650
vt 0.835615 0.579836
vt 0.830939 0.580481
vt 0.823763 0.561616
vt 0.829329 0.561733
vt 0.865765 0.555621
vt 0.871765 0.551444
vt 0.875088 0.568234
vt 0.868773 0.571548
vt 0.891386 0.558406
vt 0.886732 0.560898
vt 0.881863 0.545111
vt 0.886710 0.542725
vt 0.702783 0.542833
vt 0.717224 0.548385
vt 0.756539 0.469564
vt 0.747107 0.467270
vt 0.730755 0.424670
vt 0.734367 0.408783
vt 0.744509 0.411579
vt 0.741091 0.426977
vt 0.861944 0.423463
vt 0.857036 0.424745
vt 0.853401 0.409846
vt 0.857561 0.408171
vt 0.837668 0.412894
vt 0.845086 0.412015
vt 0.846866 0.427115
vt 0.839862 0.428376
vt 0.825689 0.429473
vt 0.822780 0.412012
vt 0.828433 0.412864
vt 0.831535 0.428967
vt 0.821711 0.431109
vt 0.818894 0.432496
vt 0.815999 0.414608
vt 0.818409 0.413017
vt 0.790631 0.416025
vt 0.790290 0.433176
vt 0.768207 0.430064
vt 0.769226 0.414157
vt 0.776214 0.415236
vt 0.775376 0.431884
vt 0.802218 0.452582
vt 0.804067 0.472955
vt 0.805747 0.520063
vt 0.806146 0.542342
vt 0.806143 0.562195
vt 0.806827 0.580171
vt 0.312078 0.337877
vt 0.322585 0.331817
vt 0.330363 0.341689
vt 0.317544 0.345911
vt 0.339400 0.313950
vt 0.343571 0.305229
vt 0.347949 0.329624
vt 0.345391 0.334135
vt 0.264607 0.901212
vt 0.252840 0.899602
vt 0.235562 0.886738
vt 0.232364 0.909490
vt 0.192579 0.894067
vt 0.211370 0.893249
vt 0.208181 0.920009
vt 0.190575 0.922186
vt 0.157438 0.926205
vt 0.138399 0.926407
vt 0.139876 0.891291
vt 0.157548 0.893705
vt 0.417248 0.278686
vt 0.423100 0.276946
vt 0.422629 0.286415
vt 0.417369 0.288362
vt 0.423832 0.179898
vt 0.421858 0.164854
vt 0.432522 0.163987
vt 0.431562 0.178917
vt 0.375149 0.248531
vt 0.377305 0.262704
vt 0.372175 0.264771
vt 0.369984 0.250904
vt 0.365068 0.268485
vt 0.362520 0.254575
vt 0.671178 0.465787
vt 0.648837 0.463721
vt 0.649511 0.452603
vt 0.671894 0.455161
vt 0.356859 0.271385
vt 0.353204 0.257542
vt 0.942588 0.221208
vt 0.940898 0.228709
vt 0.932122 0.220376
vt 0.929583 0.213177
vt 0.370816 0.716631
vt 0.375452 0.725446
vt 0.372308 0.685985
vt 0.379841 0.682363
vt 0.367867 0.640764
vt 0.377260 0.637671
vt 0.378622 0.656770
vt 0.370898 0.660162
vt 0.352349 0.587704
vt 0.364386 0.584368
vt 0.369506 0.601502
vt 0.358623 0.604877
vt 0.799738 0.842477
vt 0.792790 0.849118
vt 0.788516 0.845164
vt 0.794280 0.835468
vt 0.260109 0.137524
vt 0.260663 0.149698
vt 0.254209 0.152249
vt 0.255574 0.137983
vt 0.247452 0.158576
vt 0.250411 0.140058
vt 0.241750 0.152870
vt 0.245281 0.136798
vt 0.815341 0.852263
vt 0.806946 0.865922
vt 0.800831 0.864240
vt 0.809783 0.848850
vt 0.345919 0.570629
vt 0.358791 0.567006
vt 0.813938 0.829646
vt 0.826044 0.812643
vt 0.828208 0.815881
vt 0.819793 0.832421
vt 0.803871 0.844635
vt 0.796156 0.855578
vt 0.833195 0.814006
vt 0.830166 0.808582
vt 0.263148 0.097205
vt 0.263573 0.103586
vt 0.260458 0.100211
vt 0.259658 0.093659
vt 0.820234 0.814709
vt 0.824796 0.808298
vt 0.256402 0.101556
vt 0.255124 0.097556
vt 0.780464 0.901092
vt 0.768980 0.901996
vt 0.328537 0.530620
vt 0.341127 0.526746
vt 0.347903 0.540211
vt 0.335020 0.543725
vt 0.765855 0.890649
vt 0.764169 0.886504
vt 0.775344 0.883346
vt 0.777299 0.888356
vt 0.314179 0.503753
vt 0.327290 0.498575
vt 0.333626 0.511535
vt 0.320967 0.516189
vt 0.318849 0.476288
vt 0.322610 0.487396
vt 0.308834 0.492938
vt 0.303950 0.476814
vt 0.676592 0.664399
vt 0.689718 0.668459
vt 0.684195 0.675393
vt 0.672268 0.671440
vt 0.711382 0.676850
vt 0.705182 0.683284
vt 0.715807 0.694365
vt 0.724367 0.688392
vt 0.750067 0.727742
vt 0.739494 0.728874
vt 0.729077 0.710090
vt 0.740347 0.704688
vt 0.762367 0.761431
vt 0.747321 0.761674
vt 0.745561 0.745868
vt 0.756123 0.745718
vt 0.738980 0.777826
vt 0.760546 0.776419
vt 0.012647 0.825056
vt 0.023483 0.830190
vt 0.021247 0.866317
vt 0.010624 0.862497
vt 0.053683 0.845133
vt 0.050234 0.874434
vt 0.032275 0.869907
vt 0.034103 0.836755
vt 0.243038 0.198889
vt 0.240344 0.202378
vt 0.231261 0.196590
vt 0.233953 0.192823
vt 0.232704 0.213138
vt 0.235452 0.209080
vt 0.244272 0.214596
vt 0.241542 0.218423
vt 0.073243 0.852788
vt 0.079126 0.827853
vt 0.094166 0.835187
vt 0.088975 0.858185
vt 0.120869 0.888343
vt 0.117487 0.924677
vt 0.211369 0.193283
vt 0.209810 0.199228
vt 0.208371 0.195890
vt 0.209683 0.192990
vt 0.761967 0.938776
vt 0.764648 0.933681
vt 0.775359 0.936877
vt 0.772673 0.942694
vt 0.806620 0.929312
vt 0.806993 0.932418
vt 0.802188 0.931807
vt 0.803878 0.927159
vt 0.779147 0.922631
vt 0.778906 0.926399
vt 0.768591 0.923353
vt 0.769216 0.920260
vt 0.819147 0.898102
vt 0.819642 0.893602
vt 0.824539 0.895862
vt 0.821879 0.897823
vt 0.806708 0.874306
vt 0.809936 0.867303
vt 0.785332 0.855906
vt 0.788174 0.862419
vt 0.772580 0.858629
vt 0.766516 0.858817
vt 0.767651 0.852825
vt 0.773074 0.853896
vt 0.263648 0.167831
vt 0.268137 0.169767
vt 0.265943 0.175229
vt 0.261226 0.171866
vt 0.757826 0.854910
vt 0.758360 0.869062
vt 0.746366 0.874524
vt 0.750948 0.859608
vt 0.748926 0.842163
vt 0.738541 0.857418
vt 0.739053 0.843434
vt 0.293964 0.181810
vt 0.288529 0.193647
vt 0.281666 0.187995
vt 0.288392 0.178188
vt 0.275681 0.178757
vt 0.286841 0.167550
vt 0.274837 0.171957
vt 0.285618 0.163924
vt 0.274007 0.167102
vt 0.285246 0.160610
vt 0.761478 0.832378
vt 0.764875 0.846064
vt 0.761649 0.850089
vt 0.758092 0.835560
vt 0.754159 0.838284
vt 0.747372 0.819423
vt 0.753580 0.822815
vt 0.297655 0.158214
vt 0.293772 0.158439
vt 0.296040 0.154842
vt 0.304797 0.153998
vt 0.742405 0.820860
vt 0.746826 0.816181
vt 0.744401 0.825592
vt 0.755336 0.820368
vt 0.760789 0.879103
vt 0.771595 0.875793
vt 0.825810 0.866627
vt 0.824656 0.859683
vt 0.832754 0.917722
vt 0.831425 0.920757
vt 0.814349 0.910917
vt 0.816889 0.906913
vt 0.830282 0.988952
vt 0.825711 0.982744
vt 0.828408 0.980216
vt 0.831854 0.979433
vt 0.845804 0.857270
vt 0.827825 0.869726
vt 0.843857 0.854812
vt 0.849847 0.862635
vt 0.847829 0.859532
vt 0.866232 0.845637
vt 0.866735 0.848338
vt 0.199557 0.102069
vt 0.203726 0.106109
vt 0.202291 0.110628
vt 0.198780 0.107407
vt 0.871394 0.842491
vt 0.872176 0.845877
vt 0.189562 0.104358
vt 0.192333 0.101168
vt 0.193590 0.104397
vt 0.194597 0.107496
vt 0.737134 0.888865
vt 0.729065 0.883106
vt 0.733090 0.875365
vt 0.748449 0.882920
vt 0.221984 0.171609
vt 0.224268 0.169143
vt 0.228338 0.165180
vt 0.223559 0.171887
vt 0.224187 0.209250
vt 0.226749 0.204840
vt 0.237866 0.162256
vt 0.239776 0.156499
vt 0.863776 0.845563
vt 0.861892 0.845419
vt 0.861114 0.841438
vt 0.865830 0.841197
vt 0.848248 0.930523
vt 0.866320 0.941133
vt 0.864060 0.944872
vt 0.844592 0.937758
vt 0.164373 0.147413
vt 0.163070 0.148312
vt 0.158114 0.147153
vt 0.160403 0.143832
vt 0.163835 0.152592
vt 0.159433 0.151998
vt 0.430145 0.869907
vt 0.404760 0.866355
vt 0.413741 0.850470
vt 0.435936 0.853537
vt 0.648808 0.618893
vt 0.629847 0.619626
vt 0.634571 0.590893
vt 0.654118 0.597059
vt 0.653361 0.577881
vt 0.634774 0.577417
vt 0.636559 0.563263
vt 0.656009 0.562983
vt 0.677077 0.371337
vt 0.659067 0.366584
vt 0.657876 0.361250
vt 0.676407 0.364851
vt 0.672856 0.417821
vt 0.651269 0.413626
vt 0.654444 0.394691
vt 0.674648 0.399109
vt 0.671794 0.425876
vt 0.649639 0.421640
vt 0.601118 0.519151
vt 0.584937 0.518217
vt 0.584572 0.499693
vt 0.604095 0.493320
vt 0.488917 0.531929
vt 0.472851 0.532774
vt 0.467278 0.512740
vt 0.486455 0.512074
vt 0.486567 0.771878
vt 0.489213 0.747693
vt 0.510386 0.747624
vt 0.507581 0.772383
vt 0.545368 0.773255
vt 0.546330 0.747310
vt 0.556193 0.747101
vt 0.556007 0.773232
vt 0.581721 0.746001
vt 0.597240 0.747838
vt 0.597608 0.772481
vt 0.581409 0.771824
vt 0.399813 0.177047
vt 0.400040 0.159572
vt 0.417544 0.164375
vt 0.417317 0.178608
vt 0.072749 0.118099
vt 0.076653 0.131896
vt 0.060202 0.135251
vt 0.055798 0.122183
vt 0.390282 0.773383
vt 0.389787 0.753784
vt 0.427432 0.753805
vt 0.424400 0.774104
vt 0.631256 0.775137
vt 0.629980 0.753921
vt 0.654350 0.758134
vt 0.655454 0.778495
vt 0.466229 0.951411
vt 0.466399 0.965062
vt 0.429773 0.961743
vt 0.434104 0.948731
vt 0.520776 0.774882
vt 0.521526 0.750119
vt 0.101976 0.109044
vt 0.107296 0.121497
vt 0.091620 0.129157
vt 0.086018 0.115306
vt 0.572895 0.130800
vt 0.565347 0.124526
vt 0.588306 0.116829
vt 0.591957 0.123571
vt 0.427443 0.888221
vt 0.401576 0.887335
vt 0.464294 0.772538
vt 0.466992 0.749706
vt 0.493391 0.916478
vt 0.465139 0.915504
vt 0.468294 0.892721
vt 0.492437 0.895190
vt 0.537305 0.924503
vt 0.515308 0.919999
vt 0.518487 0.901540
vt 0.538780 0.904795
vt 0.586977 0.901733
vt 0.609730 0.899348
vt 0.615410 0.915972
vt 0.590385 0.918994
vt 0.638892 0.126558
vt 0.615084 0.121287
vt 0.616889 0.113577
vt 0.652836 0.122144
vt 0.653346 0.884502
vt 0.685407 0.871572
vt 0.698051 0.880199
vt 0.663394 0.897753
vt 0.361922 0.868017
vt 0.379607 0.877094
vt 0.371547 0.896008
vt 0.351858 0.882631
vt 0.418056 0.926873
vt 0.382332 0.921652
vt 0.390137 0.904018
vt 0.422338 0.906613
vt 0.443582 0.891812
vt 0.441552 0.911211
vt 0.497982 0.953305
vt 0.491626 0.967727
vt 0.535062 0.970672
vt 0.508865 0.969429
vt 0.510775 0.956237
vt 0.535153 0.957628
vt 0.598867 0.945065
vt 0.624433 0.939906
vt 0.626728 0.951219
vt 0.601095 0.955959
vt 0.139315 0.157381
vt 0.104062 0.183138
vt 0.103307 0.169771
vt 0.131438 0.147989
vt 0.681208 0.921481
vt 0.721118 0.908619
vt 0.729741 0.927175
vt 0.687148 0.936600
vt 0.312477 0.931330
vt 0.316879 0.922113
vt 0.357376 0.942733
vt 0.346330 0.948650
vt 0.413401 0.943335
vt 0.377228 0.935305
vt 0.638713 0.550772
vt 0.658383 0.551319
vt 0.640095 0.218878
vt 0.633910 0.229413
vt 0.617730 0.214166
vt 0.623037 0.207018
vt 0.581508 0.140793
vt 0.594792 0.132301
vt 0.598667 0.145299
vt 0.592823 0.162872
vt 0.470148 0.592267
vt 0.462428 0.557336
vt 0.476395 0.558516
vt 0.480418 0.586221
vt 0.614527 0.164646
vt 0.609197 0.160784
vt 0.612141 0.133121
vt 0.622108 0.137611
vt 0.586234 0.175441
vt 0.581466 0.184853
vt 0.564140 0.181900
vt 0.569630 0.167625
vt 0.590322 0.211808
vt 0.604271 0.219986
vt 0.606940 0.246438
vt 0.582515 0.235738
vt 0.781483 0.091913
vt 0.799753 0.094903
vt 0.796585 0.103459
vt 0.778753 0.100218
vt 0.152985 0.397211
vt 0.169068 0.394367
vt 0.172734 0.409882
vt 0.157094 0.414900
vt 0.164106 0.366987
vt 0.146721 0.367662
vt 0.147774 0.284735
vt 0.161322 0.285483
vt 0.159092 0.303583
vt 0.145130 0.302682
vt 0.773978 0.250892
vt 0.776157 0.264758
vt 0.761370 0.263702
vt 0.759860 0.249635
vt 0.772670 0.211893
vt 0.772718 0.227470
vt 0.759166 0.227651
vt 0.759493 0.212571
vt 0.772668 0.121850
vt 0.775920 0.109493
vt 0.793196 0.112958
vt 0.788717 0.127021
vt 0.092239 0.092046
vt 0.078452 0.093642
vt 0.069800 0.077078
vt 0.091270 0.073623
vt 0.068689 0.096206
vt 0.054861 0.100868
vt 0.040718 0.092344
vt 0.055119 0.082424
vt 0.122197 0.140159
vt 0.102220 0.155181
vt 0.096235 0.137963
vt 0.109373 0.130552
vt 0.045908 0.148548
vt 0.038232 0.128862
vt 0.021951 0.990000
vt 0.021951 0.990000
vt 0.021951 0.990000
vt 0.129681 0.089882
vt 0.137622 0.111238
vt 0.119501 0.114854
vt 0.114630 0.104268
vt 0.078542 0.159143
vt 0.054753 0.157663
vt 0.066316 0.141857
vt 0.079885 0.140045
vt 0.137378 0.128069
vt 0.119624 0.123968
vt 0.022383 0.113170
vt 0.010832 0.110438
vt 0.023081 0.075633
vt 0.028497 0.082772
vt 0.025245 0.131803
vt 0.031392 0.160539
vt 0.010000 0.170143
vt 0.012248 0.134108
vt 0.043486 0.060878
vt 0.048900 0.072483
vt 0.090055 0.061536
vt 0.063612 0.065636
vt 0.058218 0.053335
vt 0.089235 0.051969
vt 0.150799 0.080779
vt 0.162178 0.103762
vt 0.153582 0.106508
vt 0.141518 0.084358
vt 0.076714 0.173895
vt 0.075157 0.185809
vt 0.034446 0.183138
vt 0.043681 0.171334
vt 0.628812 0.193557
vt 0.632757 0.182016
vt 0.653873 0.172325
vt 0.651492 0.199168
vt 0.625717 0.175832
vt 0.648505 0.158500
vt 0.665814 0.138112
vt 0.658005 0.146253
vt 0.661895 0.167599
vt 0.675285 0.157940
vt 0.675285 0.196796
vt 0.661623 0.197187
vt 0.653938 0.222453
vt 0.639743 0.235578
vt 0.563938 0.259103
vt 0.556051 0.247816
vt 0.562676 0.241907
vt 0.576489 0.249960
vt 0.612857 0.199992
vt 0.608679 0.208257
vt 0.596530 0.198076
vt 0.600430 0.188323
vt 0.607524 0.177137
vt 0.603154 0.173470
vt 0.069607 0.489310
vt 0.073224 0.472220
vt 0.091053 0.465562
vt 0.090372 0.480934
vt 0.618676 0.187284
vt 0.492675 0.258556
vt 0.487983 0.271453
vt 0.483350 0.269313
vt 0.487832 0.256059
vt 0.684800 0.105553
vt 0.680287 0.089240
vt 0.697984 0.091580
vt 0.702020 0.107690
vt 0.712118 0.095582
vt 0.713656 0.110682
vt 0.074563 0.459558
vt 0.091923 0.454179
vt 0.098114 0.412723
vt 0.094235 0.435715
vt 0.077232 0.439704
vt 0.079080 0.421006
vt 0.099028 0.381044
vt 0.080208 0.389832
vt 0.083799 0.308928
vt 0.089103 0.319840
vt 0.068518 0.324646
vt 0.065706 0.313271
vt 0.075282 0.286482
vt 0.058673 0.291095
vt 0.061224 0.251498
vt 0.064765 0.260712
vt 0.042106 0.265430
vt 0.033497 0.258846
vt 0.696414 0.246869
vt 0.691297 0.266324
vt 0.670566 0.262900
vt 0.676730 0.245492
vt 0.900245 0.187261
vt 0.908670 0.170597
vt 0.920367 0.179213
vt 0.906708 0.191041
vt 0.704518 0.204331
vt 0.702649 0.218653
vt 0.682766 0.216719
vt 0.684974 0.205214
vt 0.689365 0.164702
vt 0.690180 0.140844
vt 0.706833 0.136483
vt 0.707638 0.162497
vt 0.168713 0.457875
vt 0.151317 0.460974
vt 0.148072 0.448122
vt 0.165096 0.444480
vt 0.162011 0.432928
vt 0.178517 0.428531
vt 0.182157 0.440436
vt 0.767401 0.146598
vt 0.783865 0.149361
vt 0.778622 0.168298
vt 0.762827 0.167855
vt 0.158606 0.313605
vt 0.143743 0.312323
vt 0.171166 0.253997
vt 0.169846 0.261154
vt 0.152654 0.261351
vt 0.153290 0.253581
vt 0.780946 0.281566
vt 0.783499 0.291153
vt 0.766332 0.289208
vt 0.764592 0.280080
vt 0.739516 0.116300
vt 0.740721 0.102906
vt 0.758344 0.105901
vt 0.756115 0.118938
vt 0.743523 0.085740
vt 0.762011 0.088558
vt 0.760570 0.096681
vt 0.742206 0.093712
vt 0.131451 0.451885
vt 0.134286 0.464829
vt 0.129585 0.440835
vt 0.145432 0.436686
vt 0.737497 0.142091
vt 0.752759 0.144863
vt 0.749642 0.166932
vt 0.736544 0.164204
vt 0.746491 0.211694
vt 0.745331 0.226122
vt 0.732846 0.225484
vt 0.733883 0.210893
vt 0.746114 0.249081
vt 0.747069 0.263696
vt 0.732782 0.265392
vt 0.732673 0.250715
vt 0.135611 0.251030
vt 0.135411 0.259499
vt 0.118120 0.258147
vt 0.118331 0.249301
vt 0.733872 0.288636
vt 0.749957 0.287807
vt 0.750636 0.295796
vt 0.733857 0.296241
vt 0.119955 0.284805
vt 0.133722 0.285680
vt 0.131827 0.305496
vt 0.119660 0.302359
vt 0.130355 0.313796
vt 0.120366 0.315698
vt 0.132527 0.369127
vt 0.138027 0.399587
vt 0.125954 0.401203
vt 0.124070 0.369152
vt 0.141973 0.419517
vt 0.127919 0.422405
vt 0.633471 0.308557
vt 0.627316 0.306776
vt 0.677660 0.296082
vt 0.676808 0.302905
vt 0.668733 0.061419
vt 0.673094 0.075250
vt 0.640307 0.052357
vt 0.640731 0.047189
vt 0.681584 0.285415
vt 0.649161 0.293405
vt 0.748981 0.278968
vt 0.733302 0.280504
vt 0.785202 0.299015
vt 0.767594 0.296889
vt 0.697953 0.073670
vt 0.696508 0.081377
vt 0.218576 0.339484
vt 0.218480 0.332748
vt 0.226267 0.315891
vt 0.232796 0.308264
vt 0.237882 0.374557
vt 0.257640 0.390411
vt 0.126175 0.636328
vt 0.133803 0.627883
vt 0.095825 0.647471
vt 0.103672 0.630196
vt 0.119361 0.644975
vt 0.109820 0.660082
vt 0.062016 0.661702
vt 0.072025 0.671721
vt 0.070048 0.693794
vt 0.060129 0.684956
vt 0.161454 0.605633
vt 0.145930 0.615866
vt 0.132943 0.601857
vt 0.149039 0.592641
vt 0.201813 0.590238
vt 0.179889 0.597040
vt 0.166351 0.582804
vt 0.189507 0.575568
vt 0.253691 0.553681
vt 0.271303 0.548990
vt 0.278605 0.561475
vt 0.265104 0.566898
vt 0.331467 0.733760
vt 0.339568 0.718531
vt 0.350488 0.722261
vt 0.339895 0.735518
vt 0.345575 0.648874
vt 0.350488 0.666924
vt 0.339062 0.671712
vt 0.333532 0.654189
vt 0.318278 0.619853
vt 0.310186 0.605358
vt 0.325846 0.597564
vt 0.333097 0.613697
vt 0.383895 0.559931
vt 0.388903 0.577518
vt 0.352517 0.694098
vt 0.341440 0.694286
vt 0.412120 0.681165
vt 0.433912 0.681156
vt 0.397140 0.679036
vt 0.441824 0.162750
vt 0.440902 0.180313
vt 0.461341 0.183425
vt 0.465361 0.167011
vt 0.475260 0.167786
vt 0.470119 0.183321
vt 0.483445 0.171413
vt 0.477950 0.186546
vt 0.342305 0.190991
vt 0.339670 0.175535
vt 0.350571 0.170552
vt 0.352944 0.186572
vt 0.495264 0.188879
vt 0.500669 0.174342
vt 0.513613 0.177293
vt 0.508269 0.192475
vt 0.452812 0.286271
vt 0.455312 0.276394
vt 0.464538 0.275102
vt 0.460053 0.284567
vt 0.444074 0.277928
vt 0.446587 0.277489
vt 0.446617 0.287335
vt 0.443232 0.287351
vt 0.465492 0.286098
vt 0.470042 0.277146
vt 0.479706 0.280727
vt 0.476031 0.289339
vt 0.377084 0.287169
vt 0.374188 0.277073
vt 0.379639 0.274633
vt 0.383078 0.285649
vt 0.492910 0.173726
vt 0.487985 0.188259
vt 0.473382 0.265829
vt 0.477237 0.252545
vt 0.428888 0.277984
vt 0.428364 0.288811
vt 0.468094 0.264062
vt 0.471405 0.250896
vt 0.405919 0.286895
vt 0.405238 0.275673
vt 0.412695 0.278595
vt 0.413970 0.288107
vt 0.458783 0.264923
vt 0.462296 0.251531
vt 0.397315 0.286030
vt 0.396947 0.297042
vt 0.389909 0.294045
vt 0.389407 0.285289
vt 0.450205 0.265770
vt 0.453977 0.251908
vt 0.446259 0.265915
vt 0.448860 0.251826
vt 0.362603 0.291986
vt 0.359472 0.283446
vt 0.367044 0.281037
vt 0.369689 0.289533
vt 0.444122 0.265724
vt 0.446073 0.251392
vt 0.440358 0.264388
vt 0.442487 0.250305
vt 0.860013 0.171772
vt 0.872015 0.179073
vt 0.862896 0.192607
vt 0.852897 0.185410
vt 0.888532 0.168639
vt 0.879959 0.172577
vt 0.869454 0.162571
vt 0.875684 0.155222
vt 0.260812 0.447614
vt 0.254832 0.430806
vt 0.273897 0.427026
vt 0.281349 0.445270
vt 0.893099 0.120954
vt 0.918923 0.135363
vt 0.899189 0.141804
vt 0.887844 0.132308
vt 0.864358 0.217183
vt 0.857440 0.217097
vt 0.849878 0.197931
vt 0.859267 0.200283
vt 0.872309 0.245847
vt 0.868733 0.236995
vt 0.879386 0.234246
vt 0.886242 0.242747
vt 0.265845 0.301839
vt 0.251527 0.292834
vt 0.841025 0.284534
vt 0.842903 0.295469
vt 0.822291 0.294332
vt 0.820119 0.284379
vt 0.912191 0.304395
vt 0.896374 0.305725
vt 0.896139 0.294966
vt 0.910465 0.293319
vt 0.320507 0.435666
vt 0.312094 0.416071
vt 0.329545 0.403351
vt 0.335566 0.410528
vt 0.338801 0.428626
vt 0.897593 0.112568
vt 0.916376 0.121831
vt 0.930783 0.173289
vt 0.917748 0.165010
vt 0.293141 0.422195
vt 0.286443 0.410357
vt 0.305450 0.402549
vt 0.268437 0.413213
vt 0.935158 0.147010
vt 0.923479 0.158608
vt 0.321725 0.395785
vt 0.332601 0.383264
vt 0.340347 0.388296
vt 0.942753 0.205831
vt 0.925959 0.205164
vt 0.929131 0.191358
vt 0.940422 0.191497
vt 0.936641 0.241046
vt 0.927137 0.228706
vt 0.342870 0.351627
vt 0.341984 0.337397
vt 0.346116 0.351507
vt 0.907646 0.279034
vt 0.896239 0.280799
vt 0.302162 0.269347
vt 0.312698 0.274946
vt 0.309598 0.283119
vt 0.299387 0.278811
vt 0.902564 0.254481
vt 0.894570 0.256710
vt 0.899337 0.239741
vt 0.284461 0.270006
vt 0.283023 0.278585
vt 0.267037 0.271610
vt 0.268594 0.261753
vt 0.711798 0.086011
vt 0.712629 0.078503
vt 0.103857 0.474987
vt 0.103163 0.460682
vt 0.103402 0.449746
vt 0.104996 0.430412
vt 0.108082 0.407896
vt 0.108919 0.375189
vt 0.097600 0.305485
vt 0.100679 0.316624
vt 0.090913 0.284100
vt 0.100382 0.248875
vt 0.101044 0.257825
vt 0.083380 0.258645
vt 0.081716 0.249874
vt 0.697958 0.300179
vt 0.698451 0.293035
vt 0.701121 0.283998
vt 0.708105 0.248822
vt 0.706070 0.267003
vt 0.712984 0.206538
vt 0.711142 0.220356
vt 0.716657 0.163134
vt 0.715486 0.140792
vt 0.844122 0.304820
vt 0.862937 0.296564
vt 0.863320 0.305860
vt 0.229866 0.255130
vt 0.227138 0.263085
vt 0.207141 0.261625
vt 0.209281 0.254805
vt 0.202139 0.305678
vt 0.185934 0.304981
vt 0.195683 0.285237
vt 0.214254 0.284519
vt 0.197242 0.313966
vt 0.183421 0.313160
vt 0.197974 0.363368
vt 0.208347 0.383100
vt 0.194915 0.386600
vt 0.185467 0.361948
vt 0.182092 0.390577
vt 0.203831 0.404729
vt 0.188240 0.407522
vt 0.216745 0.434697
vt 0.211979 0.422113
vt 0.229605 0.419567
vt 0.235398 0.433540
vt 0.241363 0.449393
vt 0.222112 0.451088
vt 0.854057 0.107516
vt 0.850210 0.117058
vt 0.831782 0.112054
vt 0.835595 0.102522
vt 0.821051 0.134707
vt 0.827365 0.122645
vt 0.845789 0.127552
vt 0.838532 0.139643
vt 0.819438 0.177703
vt 0.805140 0.173355
vt 0.811761 0.155215
vt 0.826891 0.160006
vt 0.819318 0.215836
vt 0.823179 0.229858
vt 0.804795 0.229665
vt 0.802583 0.214778
vt 0.830834 0.250831
vt 0.835948 0.264229
vt 0.813854 0.265919
vt 0.809906 0.252250
vt 0.219437 0.400510
vt 0.199171 0.437209
vt 0.195240 0.425540
vt 0.204160 0.452274
vt 0.817671 0.098324
vt 0.814154 0.107396
vt 0.804991 0.128989
vt 0.810286 0.116930
vt 0.797484 0.150572
vt 0.791626 0.169274
vt 0.787932 0.229629
vt 0.786921 0.212658
vt 0.793414 0.266024
vt 0.790577 0.253089
vt 0.802050 0.293072
vt 0.799135 0.283037
vt 0.823815 0.303300
vt 0.803952 0.301304
vt 0.188392 0.260408
vt 0.190151 0.253891
vt 0.177938 0.288534
vt 0.171946 0.305990
vt 0.170742 0.315127
vt 0.174703 0.364638
vt 0.478969 0.612914
vt 0.470955 0.614758
vt 0.477896 0.629281
vt 0.485289 0.628222
vt 0.492410 0.665928
vt 0.482086 0.668775
vt 0.521498 0.284425
vt 0.516750 0.296622
vt 0.505953 0.296380
vt 0.513556 0.282850
vt 0.485044 0.343567
vt 0.493241 0.346735
vt 0.479315 0.385361
vt 0.469939 0.385267
vt 0.466237 0.397022
vt 0.452009 0.395034
vt 0.457018 0.382399
vt 0.467688 0.488810
vt 0.461304 0.514687
vt 0.458440 0.487320
vt 0.461154 0.535372
vt 0.355510 0.926905
vt 0.328189 0.909198
vt 0.406295 0.968160
vt 0.374836 0.954439
vt 0.371563 0.948006
vt 0.407975 0.958326
vt 0.428756 0.971642
vt 0.463972 0.973473
vt 0.490114 0.978168
vt 0.535313 0.978183
vt 0.507495 0.977775
vt 0.627713 0.959733
vt 0.604689 0.967996
vt 0.690792 0.953004
vt 0.732976 0.943458
vt 0.732693 0.956420
vt 0.690241 0.965698
vt 0.468834 0.938483
vt 0.438233 0.932389
vt 0.496854 0.939388
vt 0.535975 0.944446
vt 0.515059 0.941288
vt 0.620971 0.929427
vt 0.596490 0.936284
vt 0.710683 0.891349
vt 0.673202 0.909458
vt 0.363616 0.914158
vt 0.341594 0.896851
vt 0.444923 0.873562
vt 0.468665 0.873403
vt 0.492561 0.875644
vt 0.517857 0.880503
vt 0.538962 0.883512
vt 0.583115 0.883278
vt 0.603874 0.880921
vt 0.644686 0.870271
vt 0.672099 0.859268
vt 0.368501 0.852753
vt 0.386003 0.860031
vt 0.435448 0.264758
vt 0.437186 0.250341
vt 0.429919 0.265457
vt 0.431186 0.250761
vt 0.424209 0.264328
vt 0.425009 0.249545
vt 0.418375 0.266062
vt 0.419045 0.251143
vt 0.413239 0.265974
vt 0.413966 0.251079
vt 0.405078 0.262833
vt 0.404817 0.247968
vt 0.395787 0.261523
vt 0.394860 0.246792
vt 0.388428 0.260870
vt 0.386980 0.246357
vt 0.077530 0.365682
vt 0.076145 0.354308
vt 0.094950 0.347708
vt 0.096526 0.358495
vt 0.105715 0.343266
vt 0.106686 0.353807
vt 0.121725 0.347673
vt 0.120390 0.337212
vt 0.128360 0.334824
vt 0.129604 0.346195
vt 0.143566 0.344568
vt 0.142398 0.333521
vt 0.158976 0.332537
vt 0.160377 0.343271
vt 0.170642 0.342819
vt 0.169761 0.332245
vt 0.181279 0.332709
vt 0.181749 0.342015
vt 0.192977 0.333156
vt 0.193544 0.341172
vt 0.223203 0.356260
vt 0.385463 0.233957
vt 0.404578 0.235400
vt 0.414802 0.238192
vt 0.420207 0.238526
vt 0.426370 0.237021
vt 0.433044 0.238223
vt 0.438772 0.238115
vt 0.444145 0.238421
vt 0.447735 0.239196
vt 0.267176 0.825278
vt 0.278803 0.811184
vt 0.082140 0.730312
vt 0.082110 0.703426
vt 0.095468 0.714547
vt 0.098501 0.744672
vt 0.130586 0.834835
vt 0.148288 0.841376
vt 0.145214 0.855054
vt 0.127402 0.849917
vt 0.160476 0.858849
vt 0.163995 0.845960
vt 0.238812 0.873928
vt 0.231480 0.934228
vt 0.238911 0.950702
vt 0.097483 0.819250
vt 0.082942 0.811758
vt 0.199536 0.853772
vt 0.215756 0.855441
vt 0.216402 0.866381
vt 0.197973 0.865257
vt 0.237043 0.851112
vt 0.254532 0.845509
vt 0.258085 0.857204
vt 0.241431 0.861306
vt 0.398221 0.630171
vt 0.397076 0.651683
vt 0.419906 0.633158
vt 0.448637 0.634764
vt 0.443278 0.656676
vt 0.416272 0.655343
vt 0.209422 0.930956
vt 0.210354 0.944616
vt 0.192251 0.950372
vt 0.191745 0.934744
vt 0.393154 0.595337
vt 0.413345 0.574571
vt 0.444177 0.571405
vt 0.449183 0.594410
vt 0.417633 0.594419
vt 0.159892 0.986799
vt 0.138269 0.989602
vt 0.138501 0.959433
vt 0.157453 0.957502
vt 0.214507 0.879465
vt 0.196209 0.879092
vt 0.366136 0.517981
vt 0.373546 0.531620
vt 0.390288 0.510053
vt 0.420845 0.498835
vt 0.426288 0.512907
vt 0.397001 0.523963
vt 0.078083 0.954702
vt 0.077202 0.986245
vt 0.061118 0.983835
vt 0.066686 0.952000
vt 0.159141 0.876299
vt 0.142302 0.873243
vt 0.407794 0.555059
vt 0.437666 0.548252
vt 0.115875 0.958724
vt 0.115177 0.990000
vt 0.287797 0.596017
vt 0.298147 0.590835
vt 0.300340 0.609856
vt 0.123997 0.869065
vt 0.080666 0.919313
vt 0.068042 0.915794
vt 0.069182 0.876700
vt 0.085081 0.880152
vt 0.309514 0.623478
vt 0.316649 0.581536
vt 0.300164 0.553078
vt 0.293845 0.541318
vt 0.326304 0.656743
vt 0.331955 0.673261
vt 0.332438 0.694119
vt 0.329785 0.715402
vt 0.323788 0.731699
vt 0.317433 0.746187
vt 0.308208 0.761592
vt 0.271335 0.809091
vt 0.268532 0.806240
vt 0.261571 0.822554
vt 0.258348 0.818094
vt 0.244659 0.829853
vt 0.248186 0.835503
vt 0.232515 0.841874
vt 0.229967 0.835213
vt 0.212626 0.836863
vt 0.214240 0.845034
vt 0.198896 0.843675
vt 0.198309 0.835504
vt 0.168640 0.827069
vt 0.167208 0.835302
vt 0.150512 0.830226
vt 0.151511 0.821380
vt 0.132889 0.822332
vt 0.134482 0.813186
vt 0.100659 0.796557
vt 0.100452 0.805644
vt 0.086203 0.797888
vt 0.085689 0.785503
vt 0.096969 0.692749
vt 0.084476 0.682473
vt 0.066547 0.717233
vt 0.054112 0.708668
vt 0.065085 0.776986
vt 0.064582 0.785838
vt 0.044337 0.774703
vt 0.046506 0.766207
vt 0.040364 0.787978
vt 0.061508 0.800407
vt 0.058154 0.816257
vt 0.038511 0.804860
vt 0.049469 0.909479
vt 0.033207 0.905592
vt 0.031537 0.942119
vt 0.047389 0.947225
vt 0.044439 0.980361
vt 0.029574 0.976734
vt 0.377202 0.482390
vt 0.407045 0.472427
vt 0.414349 0.484526
vt 0.383576 0.495281
vt 0.353178 0.489951
vt 0.359136 0.503067
vt 0.278569 0.512989
vt 0.285863 0.525912
vt 0.261264 0.532990
vt 0.252581 0.519310
vt 0.234822 0.524030
vt 0.243645 0.537924
vt 0.163775 0.543067
vt 0.175979 0.558253
vt 0.149683 0.566017
vt 0.135927 0.550197
vt 0.134450 0.578286
vt 0.121644 0.590173
vt 0.081789 0.589469
vt 0.093999 0.584306
vt 0.105275 0.597529
vt 0.095318 0.604206
vt 0.071531 0.594206
vt 0.086817 0.610563
vt 0.081629 0.633350
vt 0.070608 0.619110
vt 0.798312 0.685084
vt 0.802589 0.665359
vt 0.818390 0.664542
vt 0.811808 0.678579
vt 0.800710 0.706679
vt 0.820777 0.699053
vt 0.825180 0.709454
vt 0.816488 0.717483
vt 0.798931 0.753629
vt 0.795169 0.756590
vt 0.784867 0.741542
vt 0.788695 0.740819
vt 0.721610 0.754426
vt 0.729403 0.743967
vt 0.705925 0.740830
vt 0.694356 0.723915
vt 0.712388 0.716971
vt 0.721439 0.732424
vt 0.703901 0.703090
vt 0.686243 0.706073
vt 0.696902 0.692846
vt 0.679712 0.692443
vt 0.712923 0.646501
vt 0.726790 0.639197
vt 0.734519 0.650366
vt 0.727157 0.658644
vt 0.745752 0.650584
vt 0.738673 0.636792
vt 0.805574 0.657212
vt 0.809062 0.648095
vt 0.816221 0.653170
vt 0.818050 0.659250
vt 0.785959 0.661903
vt 0.774348 0.685618
vt 0.866193 0.946884
vt 0.870707 0.946266
vt 0.773712 0.702903
vt 0.796581 0.726486
vt 0.777963 0.724446
vt 0.871482 0.942593
vt 0.866148 0.938944
vt 0.791710 0.653354
vt 0.798590 0.643842
vt 0.812636 0.735336
vt 0.741698 0.666588
vt 0.765157 0.629956
vt 0.778265 0.627456
vt 0.786064 0.634015
vt 0.772555 0.643207
vt 0.014247 0.936398
vt 0.023552 0.939288
vt 0.020478 0.974852
vt 0.012243 0.971978
vt 0.368295 0.466490
vt 0.396059 0.458911
vt 0.401345 0.465606
vt 0.371973 0.472909
vt 0.346873 0.474323
vt 0.348787 0.479015
vt 0.264281 0.493062
vt 0.272203 0.502208
vt 0.244998 0.507946
vt 0.239232 0.499696
vt 0.214804 0.496450
vt 0.222128 0.513697
vt 0.023581 0.904599
vt 0.015537 0.904285
vt 0.792953 0.622436
vt 0.778800 0.617819
vt 0.063067 0.613506
vt 0.053544 0.610074
vt 0.050356 0.570896
vt 0.062041 0.583018
vt 0.822073 0.791187
vt 0.816363 0.793761
vt 0.804409 0.777405
vt 0.809800 0.773785
vt 0.047816 0.652634
vt 0.054554 0.652448
vt 0.049194 0.674440
vt 0.039857 0.673978
vt 0.045542 0.703466
vt 0.038567 0.706815
vt 0.056859 0.563284
vt 0.067846 0.559393
vt 0.083891 0.573869
vt 0.073812 0.579561
vt 0.106300 0.552051
vt 0.114395 0.554597
vt 0.104424 0.570477
vt 0.095152 0.558115
vt 0.149423 0.526039
vt 0.153166 0.530851
vt 0.126588 0.538769
vt 0.120418 0.531959
vt 0.816471 0.635551
vt 0.804636 0.631754
vt 0.825128 0.644757
vt 0.828368 0.651547
vt 0.826067 0.678500
vt 0.831246 0.657286
vt 0.824078 0.717903
vt 0.834447 0.710688
vt 0.821579 0.741463
vt 0.804109 0.763814
vt 0.799823 0.767182
vt 0.710034 0.767620
vt 0.680042 0.729294
vt 0.694244 0.750215
vt 0.673655 0.709030
vt 0.668889 0.693140
vt 0.719176 0.628853
vt 0.700887 0.638066
vt 0.735695 0.624241
vt 0.304420 0.160460
vt 0.299106 0.164702
vt 0.163126 0.221575
vt 0.168412 0.222974
vt 0.165589 0.226508
vt 0.158652 0.229813
vt 0.161945 0.232052
vt 0.168111 0.227028
vt 0.856577 0.923460
vt 0.870052 0.938756
vt 0.866031 0.936647
vt 0.851259 0.926058
vt 0.183324 0.156215
vt 0.165821 0.146442
vt 0.164671 0.142569
vt 0.184141 0.150058
vt 0.845292 0.941439
vt 0.176204 0.166256
vt 0.180108 0.163106
vt 0.181482 0.159653
vt 0.182474 0.157971
vt 0.823509 0.983097
vt 0.826149 0.990000
vt 0.815552 0.971419
vt 0.818850 0.969141
vt 0.812675 0.973283
vt 0.821018 0.982754
vt 0.820399 0.986870
vt 0.809261 0.976298
vt 0.182652 0.227397
vt 0.168191 0.231221
vt 0.171346 0.227273
vt 0.181570 0.221920
vt 0.180383 0.219524
vt 0.179846 0.217066
vt 0.176203 0.212482
vt 0.191816 0.204812
vt 0.194498 0.209171
vt 0.814559 0.952431
vt 0.818965 0.948756
vt 0.822587 0.966616
vt 0.212117 0.127942
vt 0.217267 0.123783
vt 0.207172 0.129321
vt 0.195841 0.111219
vt 0.200455 0.131362
vt 0.190148 0.108912
vt 0.851743 0.865242
vt 0.867422 0.851032
vt 0.871071 0.849702
vt 0.856274 0.868099
vt 0.450798 0.239802
vt 0.456800 0.240061
vt 0.465030 0.239944
vt 0.473968 0.239678
vt 0.480356 0.241269
vt 0.491587 0.244849
vt 0.496881 0.247642
vt 0.350913 0.245638
vt 0.360515 0.242953
vt 0.301427 0.441495
vt 0.749172 0.536373
vt 0.766498 0.388904
vt 0.740097 0.893302
vt 0.750665 0.890262
vt 0.717788 0.281878
vt 0.716760 0.290691
vt 0.014079 0.919078
vt 0.023145 0.920296
vt 0.716508 0.297670
vt 0.698319 0.306787
vt 0.716917 0.304301
vt 0.783010 0.850992
vt 0.899086 0.155486
vt 0.885682 0.145425
vt 0.389667 0.273485
vt 0.797019 0.932034
vt 0.802324 0.943510
vt 0.794954 0.937749
vt 0.393933 0.234265
vt 0.804204 0.907835
vt 0.807081 0.922668
vt 0.800273 0.921888
vt 0.815769 0.898314
vt 0.812005 0.898351
vt 0.813985 0.887001
vt 0.816667 0.890333
vt 0.805124 0.899759
vt 0.791304 0.870561
vt 0.797045 0.877681
vt 0.800575 0.884756
vt 0.790414 0.886450
vt 0.787965 0.880502
vt 0.807502 0.388858
vt 0.811600 0.388573
vt 0.812063 0.401469
vt 0.805671 0.401296
vt 0.766602 0.929872
vt 0.767604 0.927694
vt 0.778045 0.931003
vt 0.777226 0.933058
vt 0.805793 0.415278
vt 0.811192 0.415373
vt 0.813694 0.433219
vt 0.806722 0.433219
vt 0.808479 0.452114
vt 0.814427 0.452217
vt 0.814098 0.472308
vt 0.809441 0.472566
vt 0.811748 0.520367
vt 0.816254 0.520135
vt 0.820046 0.544215
vt 0.813123 0.543368
vt 0.813688 0.562405
vt 0.819454 0.562225
vt 0.825021 0.582169
vt 0.815233 0.579947
vt 0.314679 0.324132
vt 0.305264 0.333682
vt 0.332747 0.291388
vt 0.329859 0.300391
vt 0.942079 0.286750
vt 0.951375 0.283604
vt 0.957755 0.294923
vt 0.949830 0.297645
vt 0.946528 0.267084
vt 0.938580 0.270314
vt 0.920113 0.232266
vt 0.928732 0.245008
vt 0.449342 0.164122
vt 0.447286 0.180961
vt 0.396774 0.274215
vt 0.799066 0.927234
vt 0.393116 0.213351
vt 0.390466 0.195638
vt 0.402009 0.196876
vt 0.403912 0.214656
vt 0.417027 0.199132
vt 0.416426 0.217060
vt 0.421793 0.199844
vt 0.421545 0.217670
vt 0.433351 0.287534
vt 0.433960 0.277014
vt 0.459713 0.449399
vt 0.460715 0.437099
vt 0.471125 0.437721
vt 0.470484 0.449624
vt 0.550541 0.191910
vt 0.549694 0.203140
vt 0.545907 0.205115
vt 0.545674 0.192303
vt 0.578497 0.190760
vt 0.575597 0.196739
vt 0.562233 0.200994
vt 0.563103 0.191356
vt 0.593530 0.204735
vt 0.606425 0.214161
vt 0.583915 0.195848
vt 0.587094 0.189767
vt 0.613509 0.217220
vt 0.628463 0.235009
vt 0.675794 0.380362
vt 0.657128 0.375940
vt 0.047861 0.272932
vt 0.067292 0.268142
vt 0.084978 0.266081
vt 0.118085 0.265511
vt 0.134756 0.267371
vt 0.151207 0.269532
vt 0.168460 0.268376
vt 0.186205 0.267547
vt 0.204129 0.269124
vt 0.223199 0.270191
vt 0.264989 0.279113
vt 0.281441 0.287248
vt 0.296157 0.293709
vt 0.279159 0.299360
vt 0.321411 0.316905
vt 0.326342 0.309765
vt 0.334530 0.322062
vt 0.329392 0.327480
vt 0.336959 0.340075
vt 0.337362 0.352255
vt 0.324665 0.379811
vt 0.313827 0.389971
vt 0.297625 0.395562
vt 0.280857 0.399393
vt 0.263682 0.402905
vt 0.225036 0.410786
vt 0.208534 0.415070
vt 0.191987 0.416933
vt 0.175951 0.420825
vt 0.159489 0.424073
vt 0.143521 0.428165
vt 0.128670 0.432873
vt 0.104000 0.441961
vt 0.092776 0.445587
vt 0.075772 0.450449
vt 0.639683 0.542363
vt 0.660135 0.543164
vt 0.475863 0.544699
vt 0.462212 0.547132
vt 0.603166 0.114695
vt 0.603867 0.122312
vt 0.603263 0.132285
vt 0.604098 0.157560
vt 0.598299 0.168370
vt 0.580139 0.202221
vt 0.584732 0.207343
vt 0.573627 0.229035
vt 0.567620 0.212817
vt 0.555955 0.220433
vt 0.550610 0.229945
vt 0.462202 0.413970
vt 0.471312 0.399458
vt 0.471812 0.415490
vt 0.671774 0.439993
vt 0.649584 0.436218
vt 0.072755 0.339370
vt 0.091818 0.333360
vt 0.103175 0.329583
vt 0.120018 0.325331
vt 0.128966 0.323934
vt 0.142881 0.322416
vt 0.158955 0.322358
vt 0.169759 0.322506
vt 0.182167 0.322829
vt 0.194886 0.322763
vt 0.221805 0.323945
vt 0.234795 0.324686
vt 0.246390 0.331181
vt 0.881168 0.564130
vt 0.876705 0.548063
vt 0.873131 0.529970
vt 0.868517 0.509748
vt 0.860432 0.464925
vt 0.857233 0.443964
vt 0.852321 0.425931
vt 0.849331 0.411392
vt 0.845918 0.397928
vt 0.841295 0.385710
vt 0.237827 0.205831
vt 0.228920 0.200854
vt 0.713210 0.562892
vt 0.697661 0.558143
vt 0.239364 0.185304
vt 0.247233 0.175804
vt 0.256416 0.180969
vt 0.248680 0.191723
vt 0.597182 0.184640
vt 0.591731 0.180064
vt 0.660653 0.232467
vt 0.532142 0.243252
vt 0.540750 0.249277
vt 0.664634 0.324677
vt 0.683395 0.319269
vt 0.624753 0.033290
vt 0.621879 0.027604
vt 0.369458 0.765857
vt 0.366597 0.745649
vt 0.345814 0.859838
vt 0.357201 0.846287
vt 0.335530 0.870045
vt 0.322367 0.881461
vt 0.289895 0.910500
vt 0.303674 0.895380
vt 0.282960 0.923811
vt 0.706511 0.180311
vt 0.686066 0.177339
vt 0.715679 0.182498
vt 0.748091 0.185896
vt 0.735591 0.184977
vt 0.776769 0.182993
vt 0.760709 0.184236
vt 0.517710 0.180193
vt 0.513286 0.195092
vt 0.430708 0.198628
vt 0.428947 0.216244
vt 0.438708 0.200310
vt 0.435893 0.217725
vt 0.445690 0.200405
vt 0.441688 0.217694
vt 0.450479 0.201503
vt 0.447145 0.218496
vt 0.484989 0.282929
vt 0.480831 0.290612
vt 0.736828 0.535451
vt 0.756687 0.388935
vt 0.934511 0.131642
vt 0.856672 0.145801
vt 0.864487 0.133873
vt 0.835612 0.181786
vt 0.843185 0.165850
vt 0.832190 0.194634
vt 0.862103 0.227998
vt 0.842179 0.227938
vt 0.837840 0.215836
vt 0.247102 0.266246
vt 0.249315 0.257853
vt 0.239860 0.273455
vt 0.215760 0.305559
vt 0.225113 0.285966
vt 0.211463 0.314342
vt 0.208165 0.323242
vt 0.205846 0.340497
vt 0.205591 0.332781
vt 0.222861 0.378995
vt 0.209813 0.361549
vt 0.237460 0.396291
vt 0.249589 0.417203
vt 0.244209 0.406267
vt 0.111174 0.620756
vt 0.119809 0.612566
vt 0.288438 0.576688
vt 0.277054 0.581700
vt 0.308584 0.568246
vt 0.353238 0.553214
vt 0.340643 0.556856
vt 0.378605 0.545451
vt 0.432012 0.528560
vt 0.402337 0.538577
vt 0.092474 0.956423
vt 0.094610 0.987945
vt 0.103061 0.884329
vt 0.097970 0.922322
vt 0.108127 0.864321
vt 0.115998 0.828617
vt 0.113177 0.844450
vt 0.119121 0.806820
vt 0.118437 0.815184
vt 0.214302 0.193379
vt 0.212593 0.202416
vt 0.225266 0.186949
vt 0.222652 0.190916
vt 0.215797 0.183372
vt 0.217760 0.180776
vt 0.220341 0.196952
vt 0.218836 0.202755
vt 0.240812 0.168795
vt 0.230886 0.178454
vt 0.768230 0.867440
vt 0.254805 0.161309
vt 0.260899 0.157989
vt 0.248522 0.164492
vt 0.752779 0.893875
vt 0.758190 0.907799
vt 0.756968 0.903199
vt 0.759200 0.915448
vt 0.757936 0.920697
vt 0.758546 0.918055
vt 0.755016 0.927200
vt 0.756374 0.924839
vt 0.751482 0.934150
vt 0.753804 0.929723
vt 0.253141 0.220686
vt 0.250980 0.224381
vt 0.255312 0.218494
vt 0.246570 0.211844
vt 0.260077 0.213330
vt 0.257675 0.215930
vt 0.249086 0.208876
vt 0.251747 0.205757
vt 0.257534 0.199355
vt 0.267405 0.186054
vt 0.278274 0.201917
vt 0.265760 0.208437
vt 0.741107 0.897103
vt 0.746826 0.909977
vt 0.746087 0.906039
vt 0.747844 0.913988
vt 0.746104 0.919516
vt 0.747257 0.916904
vt 0.744930 0.923311
vt 0.745998 0.921930
vt 0.740648 0.929782
vt 0.743075 0.925228
vt 0.262069 0.228686
vt 0.260426 0.230631
vt 0.263976 0.226291
vt 0.268272 0.221819
vt 0.265946 0.224139
vt 0.282895 0.219379
vt 0.272982 0.218041
vt 0.286071 0.212075
vt 0.288529 0.220618
vt 0.786418 0.939820
vt 0.782423 0.945754
vt 0.788909 0.934693
vt 0.788177 0.936415
vt 0.791131 0.924967
vt 0.790543 0.929287
vt 0.793511 0.907864
vt 0.791627 0.920043
vt 0.793597 0.901242
vt 0.782789 0.873209
vt 0.779547 0.865561
vt 0.778884 0.858609
vt 0.777947 0.853489
vt 0.257102 0.166934
vt 0.261498 0.163495
vt 0.258588 0.175203
vt 0.251371 0.171013
vt 0.293538 0.346266
vt 0.289927 0.341622
vt 0.299891 0.330105
vt 0.302498 0.352928
vt 0.297448 0.349484
vt 0.306647 0.347779
vt 0.291587 0.353534
vt 0.297212 0.351324
vt 0.283952 0.357472
vt 0.275284 0.360862
vt 0.263655 0.357012
vt 0.254905 0.348764
vt 0.253722 0.339427
vt 0.253517 0.341579
vt 0.259074 0.335861
vt 0.256531 0.338248
vt 0.282258 0.318697
vt 0.278136 0.341729
vt 0.854675 0.576191
vt 0.851643 0.561507
vt 0.247819 0.232371
vt 0.257479 0.237333
vt 0.237715 0.227980
vt 0.228916 0.221767
vt 0.220341 0.217198
vt 0.260974 0.287846
vt 0.229043 0.281112
vt 0.200080 0.277419
vt 0.221924 0.279307
vt 0.184847 0.274332
vt 0.149406 0.277054
vt 0.165789 0.276396
vt 0.118158 0.273115
vt 0.133916 0.275404
vt 0.070721 0.276497
vt 0.087346 0.274043
vt 0.053349 0.281275
vt 0.655876 0.384265
vt 0.675047 0.389034
vt 0.839171 0.275538
vt 0.861420 0.267376
vt 0.862325 0.282949
vt 0.803850 0.187983
vt 0.815012 0.190341
vt 0.787897 0.184063
vt 0.861621 0.257241
vt 0.852230 0.153874
vt 0.834080 0.147734
vt 0.609385 0.220146
vt 0.622237 0.245573
vt 0.817157 0.142554
vt 0.801768 0.137565
vt 0.786106 0.136947
vt 0.770772 0.130068
vt 0.754871 0.127771
vt 0.738847 0.125032
vt 0.724274 0.123097
vt 0.724681 0.113664
vt 0.091257 0.490371
vt 0.066079 0.501462
vt 0.105294 0.484484
vt 0.135726 0.474295
vt 0.119192 0.478978
vt 0.117414 0.469514
vt 0.185917 0.453872
vt 0.189521 0.466101
vt 0.171591 0.467570
vt 0.207783 0.464970
vt 0.245124 0.462381
vt 0.225928 0.464338
vt 0.286261 0.457593
vt 0.265092 0.460245
vt 0.306361 0.453410
vt 0.324252 0.449355
vt 0.341990 0.444392
vt 0.355876 0.439802
vt 0.351694 0.424871
vt 0.290015 0.796040
vt 0.302941 0.780213
vt 0.307362 0.783318
vt 0.365116 0.689440
vt 0.358715 0.643347
vt 0.363383 0.663029
vt 0.340551 0.591340
vt 0.348128 0.608146
vt 0.333414 0.574608
vt 0.322600 0.547331
vt 0.328514 0.560583
vt 0.316647 0.534683
vt 0.301738 0.509030
vt 0.308847 0.520887
vt 0.286786 0.482304
vt 0.295793 0.499206
vt 0.680940 0.652821
vt 0.672666 0.645992
vt 0.685900 0.627782
vt 0.717259 0.670007
vt 0.694120 0.661154
vt 0.732248 0.682443
vt 0.832793 0.698165
vt 0.058077 0.636426
vt 0.050788 0.632720
vt 0.076475 0.654034
vt 0.066268 0.644435
vt 0.102487 0.676318
vt 0.088447 0.664960
vt 0.119480 0.689038
vt 0.133032 0.695981
vt 0.149085 0.699806
vt 0.163712 0.705758
vt 0.218126 0.740995
vt 0.212015 0.735890
vt 0.226736 0.743833
vt 0.232878 0.747583
vt 0.240591 0.753468
vt 0.238247 0.750373
vt 0.245244 0.760626
vt 0.243702 0.757837
vt 0.247032 0.765411
vt 0.212311 0.206911
vt 0.217306 0.207015
vt 0.791158 0.943094
vt 0.796429 0.949231
vt 0.789618 0.951864
vt 0.786921 0.948665
vt 0.215843 0.214531
vt 0.212145 0.214489
vt 0.894617 0.855483
vt 0.893200 0.847561
vt 0.896935 0.847661
vt 0.899537 0.851165
vt 0.897261 0.856545
vt 0.854014 0.786138
vt 0.856568 0.785004
vt 0.861641 0.786291
vt 0.859650 0.787716
vt 0.847495 0.764746
vt 0.850091 0.760536
vt 0.854866 0.762983
vt 0.851460 0.764887
vt 0.885722 0.713315
vt 0.882569 0.711634
vt 0.886854 0.709759
vt 0.890143 0.712670
vt 0.926240 0.814583
vt 0.930555 0.819654
vt 0.918455 0.832992
vt 0.914758 0.830564
vt 0.851856 0.339733
vt 0.855473 0.336580
vt 0.857024 0.338461
vt 0.857673 0.340266
vt 0.903642 0.852144
vt 0.902598 0.856092
vt 0.861402 0.344254
vt 0.856920 0.345737
vt 0.850325 0.341686
vt 0.841937 0.362240
vt 0.844934 0.357838
vt 0.847343 0.358978
vt 0.846789 0.362680
vt 0.857734 0.788945
vt 0.857630 0.792785
vt 0.854430 0.792796
vt 0.852487 0.788109
vt 0.848711 0.363874
vt 0.850529 0.365621
vt 0.845740 0.365969
vt 0.843142 0.364584
vt 0.884292 0.441520
vt 0.883796 0.438527
vt 0.886620 0.433857
vt 0.887112 0.435937
vt 0.853154 0.766378
vt 0.854852 0.768785
vt 0.851582 0.770669
vt 0.848316 0.768256
vt 0.887558 0.437994
vt 0.891809 0.437438
vt 0.889199 0.443771
vt 0.885276 0.444146
vt 0.887052 0.715129
vt 0.885557 0.718443
vt 0.884535 0.717542
vt 0.891202 0.714409
vt 0.881760 0.716437
vt 0.912301 0.848422
vt 0.910668 0.843450
vt 0.868692 0.336801
vt 0.866986 0.332405
vt 0.869361 0.339827
vt 0.872195 0.345748
vt 0.868229 0.347681
vt 0.902478 0.838486
vt 0.899024 0.837542
vt 0.906871 0.841554
vt 0.877314 0.793740
vt 0.898109 0.796316
vt 0.896107 0.800229
vt 0.875305 0.796900
vt 0.897708 0.792749
vt 0.896663 0.789084
vt 0.916129 0.786966
vt 0.917173 0.794458
vt 0.877649 0.787539
vt 0.875979 0.784210
vt 0.864482 0.371536
vt 0.865637 0.369233
vt 0.865863 0.367129
vt 0.865747 0.365093
vt 0.864675 0.360250
vt 0.862703 0.355483
vt 0.870883 0.800678
vt 0.902709 0.727920
vt 0.905250 0.724474
vt 0.917175 0.740526
vt 0.931382 0.752910
vt 0.926828 0.758633
vt 0.913293 0.743992
vt 0.920765 0.759296
vt 0.908823 0.744682
vt 0.915599 0.756246
vt 0.904123 0.744363
vt 0.921441 0.731561
vt 0.934703 0.740061
vt 0.933339 0.745153
vt 0.919897 0.736075
vt 0.922221 0.724649
vt 0.937883 0.734029
vt 0.936393 0.410110
vt 0.929520 0.390497
vt 0.938008 0.390022
vt 0.942103 0.405889
vt 0.931575 0.411923
vt 0.925342 0.395776
vt 0.875448 0.765236
vt 0.875815 0.761251
vt 0.895654 0.762591
vt 0.875385 0.757871
vt 0.894723 0.759001
vt 0.909115 0.402935
vt 0.919419 0.387743
vt 0.922448 0.392666
vt 0.912154 0.406784
vt 0.904000 0.399687
vt 0.911275 0.381885
vt 0.902142 0.399046
vt 0.900101 0.398821
vt 0.904913 0.381478
vt 0.907936 0.381418
vt 0.894340 0.398905
vt 0.898640 0.383353
vt 0.896865 0.771586
vt 0.915866 0.775964
vt 0.910778 0.779045
vt 0.893900 0.776066
vt 0.916306 0.770552
vt 0.896936 0.768934
vt 0.969257 0.408248
vt 0.969248 0.400386
vt 0.971418 0.397356
vt 0.976718 0.398387
vt 0.989110 0.709717
vt 0.985350 0.718889
vt 0.979672 0.717386
vt 0.982555 0.711200
vt 0.990000 0.720848
vt 0.985433 0.723001
vt 0.963849 0.404057
vt 0.967478 0.400496
vt 0.976646 0.728307
vt 0.979411 0.731507
vt 0.978121 0.744476
vt 0.978812 0.756141
vt 0.973935 0.755537
vt 0.973946 0.743637
vt 0.974112 0.384268
vt 0.973141 0.369098
vt 0.978243 0.369071
vt 0.977555 0.384381
vt 0.967251 0.384152
vt 0.965690 0.370023
vt 0.961810 0.386725
vt 0.958902 0.373546
vt 0.955977 0.391121
vt 0.952249 0.377967
vt 0.973171 0.725312
vt 0.966119 0.732978
vt 0.963907 0.730507
vt 0.971876 0.721249
vt 0.969941 0.738951
vt 0.871634 0.225137
vt 0.714417 0.120463
vt 0.032191 0.922222
vt 0.048568 0.926904
vt 0.067428 0.932655
vt 0.079735 0.935740
vt 0.095749 0.938038
vt 0.116817 0.940298
vt 0.138452 0.941603
vt 0.157488 0.940448
vt 0.173823 0.924431
vt 0.174667 0.938084
vt 0.232137 0.921182
vt 0.252582 0.910636
vt 0.264403 0.910385
vt 0.359323 0.303718
vt 0.355075 0.312839
vt 0.347408 0.292844
vt 0.337228 0.282418
vt 0.323137 0.282357
vt 0.327612 0.274027
vt 0.316025 0.265363
vt 0.304445 0.259142
vt 0.286012 0.261979
vt 0.288108 0.252458
vt 0.269631 0.256207
vt 0.271716 0.247888
vt 0.250853 0.251563
vt 0.252670 0.243606
vt 0.231586 0.248371
vt 0.232380 0.240617
vt 0.211207 0.246877
vt 0.211036 0.239297
vt 0.190892 0.246349
vt 0.190764 0.239074
vt 0.171734 0.246382
vt 0.171690 0.239199
vt 0.153646 0.246289
vt 0.153647 0.238685
vt 0.136128 0.244924
vt 0.135993 0.238360
vt 0.118187 0.244227
vt 0.118681 0.237529
vt 0.100100 0.244578
vt 0.100450 0.237974
vt 0.930056 0.273358
vt 0.932817 0.289404
vt 0.921273 0.291669
vt 0.918849 0.276760
vt 0.081248 0.245717
vt 0.081082 0.239567
vt 0.060209 0.246978
vt 0.059254 0.241435
vt 0.016582 0.250666
vt 0.019894 0.243623
vt 0.013002 0.547805
vt 0.010000 0.540536
vt 0.038364 0.522107
vt 0.038793 0.530464
vt 0.065248 0.507953
vt 0.092853 0.496573
vt 0.107195 0.491495
vt 0.121402 0.486744
vt 0.137643 0.482660
vt 0.153979 0.470158
vt 0.155710 0.479306
vt 0.174217 0.476346
vt 0.191980 0.475617
vt 0.210449 0.474957
vt 0.229041 0.473940
vt 0.248650 0.472799
vt 0.269409 0.471066
vt 0.291082 0.468098
vt 0.311329 0.463538
vt 0.329177 0.459035
vt 0.348043 0.451814
vt 0.359862 0.447132
vt 0.320378 0.780758
vt 0.314984 0.788772
vt 0.312320 0.776105
vt 0.309975 0.772782
vt 0.305560 0.771633
vt 0.301624 0.770719
vt 0.296773 0.768911
vt 0.288709 0.762448
vt 0.282682 0.758511
vt 0.275842 0.754744
vt 0.267819 0.750555
vt 0.261681 0.747354
vt 0.257579 0.745333
vt 0.254987 0.743963
vt 0.249344 0.745527
vt 0.251338 0.741996
vt 0.704349 0.118116
vt 0.252582 0.738408
vt 0.250796 0.741611
vt 0.244735 0.749799
vt 0.248888 0.744561
vt 0.253246 0.738708
vt 0.453956 0.201463
vt 0.450795 0.218786
vt 0.458003 0.202483
vt 0.454418 0.219617
vt 0.463307 0.201922
vt 0.460179 0.219763
vt 0.473217 0.204770
vt 0.469257 0.220684
vt 0.852759 0.247586
vt 0.494725 0.857845
vt 0.497522 0.838955
vt 0.518331 0.842708
vt 0.517567 0.862081
vt 0.541934 0.843643
vt 0.539334 0.863750
vt 0.873407 0.113796
vt 0.869178 0.123420
vt 0.555563 0.846086
vt 0.554805 0.867027
vt 0.217921 0.965147
vt 0.198651 0.974638
vt 0.702714 0.759526
vt 0.714436 0.748075
vt 0.725788 0.738544
vt 0.742915 0.738071
vt 0.753513 0.737490
vt 0.777722 0.734558
vt 0.793905 0.733906
vt 0.807004 0.744211
vt 0.814889 0.751152
vt 0.028978 0.724306
vt 0.037007 0.728901
vt 0.050895 0.737356
vt 0.065633 0.747139
vt 0.082007 0.757090
vt 0.099491 0.766668
vt 0.114420 0.775379
vt 0.124893 0.762370
vt 0.132819 0.757703
vt 0.139307 0.753240
vt 0.145320 0.750355
vt 0.151671 0.748527
vt 0.155964 0.747008
vt 0.159462 0.748801
vt 0.163901 0.751556
vt 0.168468 0.753320
vt 0.173043 0.755781
vt 0.176946 0.760813
vt 0.181517 0.767724
vt 0.187763 0.774574
vt 0.196716 0.776926
vt 0.206664 0.775805
vt 0.217695 0.769206
vt 0.223672 0.764067
vt 0.228194 0.759838
vt 0.235451 0.756744
vt 0.240828 0.754272
vt 0.245297 0.750441
vt 0.253829 0.733390
vt 0.254536 0.733678
vt 0.251075 0.732205
vt 0.942808 0.168646
vt 0.948486 0.153968
vt 0.877324 0.105278
vt 0.857407 0.099373
vt 0.838580 0.094472
vt 0.820663 0.090490
vt 0.802645 0.087102
vt 0.784494 0.083853
vt 0.765104 0.080458
vt 0.746011 0.078002
vt 0.714520 0.072390
vt 0.700279 0.068244
vt 0.672783 0.057886
vt 0.643411 0.041425
vt 0.621349 0.019959
vt 0.638126 0.314657
vt 0.676645 0.308827
vt 0.734537 0.303090
vt 0.751402 0.302854
vt 0.768634 0.304697
vt 0.786583 0.306812
vt 0.805512 0.309335
vt 0.825301 0.311882
vt 0.845274 0.313683
vt 0.863724 0.314584
vt 0.881488 0.306567
vt 0.882023 0.315878
vt 0.898350 0.315923
vt 0.916156 0.315315
vt 0.953565 0.308671
vt 0.965622 0.303751
vt 0.255591 0.727183
vt 0.257316 0.718704
vt 0.261977 0.706632
vt 0.259425 0.713366
vt 0.267559 0.691333
vt 0.266668 0.681944
vt 0.263606 0.673340
vt 0.254772 0.669172
vt 0.247306 0.666954
vt 0.240748 0.666757
vt 0.237272 0.663590
vt 0.234468 0.659749
vt 0.230684 0.655927
vt 0.227040 0.652072
vt 0.227003 0.646386
vt 0.225126 0.640152
vt 0.223142 0.635500
vt 0.224486 0.625835
vt 0.227392 0.613935
vt 0.235035 0.595851
vt 0.223492 0.582314
vt 0.208891 0.568224
vt 0.189606 0.535665
vt 0.213081 0.531328
vt 0.221970 0.545127
vt 0.200356 0.550296
vt 0.180460 0.523325
vt 0.171982 0.511186
vt 0.762272 0.616173
vt 0.246976 0.728674
vt 0.237057 0.717355
vt 0.242331 0.724297
vt 0.230860 0.710883
vt 0.112365 0.580226
vt 0.483057 0.205748
vt 0.478646 0.221354
vt 0.489641 0.206425
vt 0.485299 0.222419
vt 0.502839 0.210723
vt 0.497808 0.226349
vt 0.508898 0.213535
vt 0.503852 0.229422
vt 0.348571 0.225764
vt 0.345270 0.209477
vt 0.355914 0.205366
vt 0.358063 0.222386
vt 0.361862 0.201546
vt 0.366382 0.198647
vt 0.380961 0.195168
vt 0.382533 0.213619
vt 0.363215 0.179183
vt 0.359160 0.182218
vt 0.235755 0.623812
vt 0.231223 0.633462
vt 0.231311 0.637858
vt 0.232017 0.644811
vt 0.230297 0.650146
vt 0.164508 0.714573
vt 0.164101 0.722204
vt 0.164301 0.726907
vt 0.152167 0.752140
vt 0.155564 0.749557
vt 0.146717 0.755791
vt 0.141395 0.760317
vt 0.136491 0.765978
vt 0.129968 0.771454
vt 0.120172 0.796329
vt 0.209934 0.717164
vt 0.213246 0.712854
vt 0.326835 0.637305
vt 0.318844 0.640147
vt 0.340476 0.631610
vt 0.353644 0.625763
vt 0.374205 0.620885
vt 0.363788 0.623548
vt 0.396640 0.615088
vt 0.450346 0.615286
vt 0.420125 0.615278
vt 0.175291 0.954126
vt 0.179911 0.981854
vt 0.173946 0.893993
vt 0.176461 0.877893
vt 0.181226 0.850628
vt 0.177588 0.862323
vt 0.182991 0.840323
vt 0.183780 0.832329
vt 0.187993 0.801899
vt 0.185244 0.821337
vt 0.185844 0.792342
vt 0.183271 0.780743
vt 0.177278 0.769810
vt 0.173914 0.762313
vt 0.171818 0.757828
vt 0.185760 0.736187
vt 0.181104 0.736933
vt 0.194963 0.734596
vt 0.203871 0.730467
vt 0.206945 0.722882
vt 0.216910 0.708376
vt 0.248405 0.662449
vt 0.242559 0.664007
vt 0.256928 0.662366
vt 0.265829 0.706329
vt 0.261936 0.713405
vt 0.256433 0.727755
vt 0.258878 0.719142
vt 0.255337 0.734070
vt 0.241124 0.754911
vt 0.228552 0.760059
vt 0.235739 0.757205
vt 0.218788 0.771573
vt 0.224162 0.765336
vt 0.268816 0.855530
vt 0.341032 0.363926
vt 0.345413 0.364516
vt 0.335515 0.363525
vt 0.302491 0.354308
vt 0.780069 0.561561
vt 0.776557 0.583786
vt 0.778462 0.520269
vt 0.777800 0.541792
vt 0.782937 0.451860
vt 0.782415 0.472986
vt 0.785678 0.414639
vt 0.784333 0.432094
vt 0.786217 0.388492
vt 0.785677 0.400871
vt 0.755404 0.898474
vt 0.745283 0.902470
vt 0.767870 0.896097
vt 0.779483 0.895033
vt 0.793117 0.894890
vt 0.810202 0.880957
vt 0.805267 0.892068
vt 0.122952 0.565311
vt 0.758851 0.678058
vt 0.759786 0.651325
vt 0.751066 0.699380
vt 0.760432 0.726819
vt 0.777251 0.742930
vt 0.783709 0.760196
vt 0.790513 0.771589
vt 0.855801 0.633003
vt 0.858537 0.641883
vt 0.843201 0.651493
vt 0.838741 0.644780
vt 0.387955 0.175826
vt 0.386440 0.158799
vt 0.456680 0.182092
vt 0.453060 0.182415
vt 0.849179 0.238726
vt 0.828069 0.242261
vt 0.807609 0.243766
vt 0.788949 0.244971
vt 0.772992 0.241624
vt 0.759207 0.240420
vt 0.745470 0.239615
vt 0.732381 0.240940
vt 0.709637 0.236861
vt 0.700828 0.234028
vt 0.681763 0.234063
vt 0.571406 0.744524
vt 0.570834 0.770922
vt 0.569192 0.844991
vt 0.569561 0.865743
vt 0.582954 0.843984
vt 0.601140 0.842206
vt 0.603665 0.862259
vt 0.583183 0.864359
vt 0.616321 0.839946
vt 0.618503 0.860128
vt 0.573189 0.904479
vt 0.554476 0.908966
vt 0.555163 0.887089
vt 0.570053 0.885308
vt 0.574450 0.923274
vt 0.554889 0.930603
vt 0.582144 0.943150
vt 0.553926 0.949610
vt 0.583213 0.949808
vt 0.585159 0.958438
vt 0.556424 0.971421
vt 0.555252 0.960902
vt 0.556124 0.978107
vt 0.590258 0.970906
vt 0.111787 0.056644
vt 0.114543 0.049837
vt 0.142005 0.066407
vt 0.133132 0.070622
vt 0.111413 0.097396
vt 0.103095 0.091532
vt 0.108954 0.068227
vt 0.123997 0.076387
vt 0.098493 0.101036
vt 0.082419 0.106439
vt 0.070761 0.109175
vt 0.053602 0.113466
vt 0.635940 0.836794
vt 0.639092 0.854567
vt 0.159371 0.131159
vt 0.152969 0.130238
vt 0.651243 0.950258
vt 0.656939 0.957614
vt 0.645205 0.934293
vt 0.637624 0.912431
vt 0.639964 0.923505
vt 0.629323 0.896414
vt 0.621226 0.878980
vt 0.615997 0.748885
vt 0.615311 0.772340
vt 0.660424 0.833339
vt 0.663998 0.847553
vt 0.364047 0.833530
vt 0.368968 0.819458
vt 0.383420 0.825989
vt 0.376599 0.839976
vt 0.407863 0.831292
vt 0.397892 0.846659
vt 0.686062 0.276892
vt 0.661450 0.282493
vt 0.703557 0.276102
vt 0.748112 0.272082
vt 0.733221 0.273442
vt 0.778764 0.273926
vt 0.763089 0.272627
vt 0.817339 0.276050
vt 0.796475 0.275150
vt 0.880493 0.259848
vt 0.881203 0.268573
vt 0.881846 0.282349
vt 0.907142 0.267072
vt 0.895432 0.269682
vt 0.942360 0.254237
vt 0.934909 0.257270
vt 0.946925 0.236863
vt 0.948525 0.223837
vt 0.948550 0.191722
vt 0.949073 0.210158
vt 0.952030 0.143344
vt 0.422514 0.833434
vt 0.441963 0.752883
vt 0.438101 0.774174
vt 0.439983 0.835391
vt 0.447793 0.856261
vt 0.451432 0.837060
vt 0.473394 0.837184
vt 0.470571 0.855796
vt 0.501112 0.815330
vt 0.518833 0.818406
vt 0.542495 0.818392
vt 0.555608 0.819798
vt 0.727122 0.082223
vt 0.729061 0.075250
vt 0.726223 0.090036
vt 0.725486 0.099327
vt 0.569868 0.818168
vt 0.724922 0.162850
vt 0.724645 0.141589
vt 0.724697 0.183283
vt 0.720960 0.207285
vt 0.718610 0.221392
vt 0.717653 0.239888
vt 0.718948 0.266235
vt 0.718204 0.250441
vt 0.581600 0.818147
vt 0.599195 0.817164
vt 0.718486 0.274865
vt 0.101943 0.265163
vt 0.105105 0.281570
vt 0.103142 0.273075
vt 0.108955 0.303361
vt 0.110621 0.312965
vt 0.113397 0.326055
vt 0.116198 0.349334
vt 0.115190 0.339385
vt 0.116717 0.403455
vt 0.118111 0.369590
vt 0.615715 0.815278
vt 0.115783 0.426518
vt 0.115233 0.445175
vt 0.115155 0.437279
vt 0.115777 0.456020
vt 0.633873 0.815538
vt 0.658324 0.814147
vt 0.371563 0.801040
vt 0.388329 0.807769
vt 0.416135 0.810925
vt 0.429941 0.812190
vt 0.446042 0.813310
vt 0.457023 0.813625
vt 0.478380 0.813974
vt 0.434688 0.791492
vt 0.450874 0.791778
vt 0.421249 0.791269
vt 0.390264 0.789279
vt 0.370971 0.782359
vt 0.753707 0.632887
vt 0.632385 0.794602
vt 0.656197 0.795137
vt 0.615777 0.792225
vt 0.598248 0.793118
vt 0.581517 0.793233
vt 0.748709 0.618456
vt 0.555620 0.794880
vt 0.570266 0.792934
vt 0.544089 0.794212
vt 0.519978 0.795189
vt 0.504774 0.792449
vt 0.483138 0.791468
vt 0.461286 0.791438
vt 0.454228 0.773591
vt 0.733862 0.605347
vt 0.758020 0.604799
vt 0.736985 0.592490
vt 0.755156 0.599765
vt 0.457310 0.751383
vt 0.617257 0.588438
vt 0.601758 0.589477
vt 0.600074 0.574708
vt 0.617702 0.576564
vt 0.687458 0.116441
vt 0.598586 0.563461
vt 0.613893 0.565086
vt 0.612809 0.615326
vt 0.601342 0.613607
vt 0.635501 0.321877
vt 0.646994 0.323525
vt 0.636618 0.356329
vt 0.622690 0.352268
vt 0.638016 0.361142
vt 0.623666 0.356839
vt 0.635864 0.370588
vt 0.621180 0.366391
vt 0.633952 0.379040
vt 0.618904 0.374852
vt 0.630987 0.389653
vt 0.615543 0.386025
vt 0.626618 0.407526
vt 0.610184 0.404376
vt 0.624563 0.415532
vt 0.607770 0.412213
vt 0.624107 0.431943
vt 0.607287 0.429010
vt 0.623719 0.450061
vt 0.606881 0.448496
vt 0.623126 0.461832
vt 0.606019 0.461398
vt 0.622476 0.479023
vt 0.605402 0.479944
vt 0.356510 0.166025
vt 0.378304 0.175642
vt 0.359966 0.162952
vt 0.375965 0.159146
vt 0.621496 0.491946
vt 0.618431 0.518985
vt 0.623564 0.529836
vt 0.600500 0.534193
vt 0.615185 0.542137
vt 0.600547 0.541665
vt 0.615893 0.551125
vt 0.600293 0.551053
vt 0.034606 0.115896
vt 0.962450 0.151511
vt 0.959127 0.160782
vt 0.954714 0.176066
vt 0.957348 0.195346
vt 0.961496 0.214946
vt 0.962178 0.224338
vt 0.961278 0.233837
vt 0.958276 0.248615
vt 0.959917 0.261808
vt 0.963353 0.277539
vt 0.189421 0.498369
vt 0.204985 0.519281
vt 0.969543 0.289251
vt 0.978049 0.296677
vt 0.356486 0.335467
vt 0.349420 0.349804
vt 0.356674 0.351038
vt 0.351446 0.389309
vt 0.343543 0.390873
vt 0.348732 0.364072
vt 0.358513 0.363507
vt 0.349832 0.406670
vt 0.971004 0.781371
vt 0.969656 0.784248
vt 0.961324 0.782660
vt 0.963636 0.778996
vt 0.971106 0.761850
vt 0.979919 0.766418
vt 0.974890 0.772364
vt 0.967220 0.767628
vt 0.910956 0.784248
vt 0.899857 0.376879
vt 0.897339 0.378779
vt 0.902230 0.374569
vt 0.932726 0.365162
vt 0.922797 0.372967
vt 0.916869 0.365480
vt 0.927286 0.358912
vt 0.915192 0.761180
vt 0.912041 0.757200
vt 0.916903 0.766831
vt 0.918891 0.812939
vt 0.913292 0.813237
vt 0.911379 0.809748
vt 0.917120 0.806990
vt 0.913499 0.358323
vt 0.923800 0.353257
vt 0.946273 0.741537
vt 0.946210 0.736917
vt 0.944792 0.748020
vt 0.968641 0.788762
vt 0.959978 0.787408
vt 0.912575 0.344083
vt 0.921190 0.338917
vt 0.581102 0.565016
vt 0.582723 0.551442
vt 0.911633 0.335220
vt 0.919412 0.333482
vt 0.971722 0.778721
vt 0.962463 0.773437
vt 0.936043 0.760076
vt 0.942083 0.754507
vt 0.960317 0.764347
vt 0.955467 0.770781
vt 0.953524 0.781398
vt 0.955094 0.776545
vt 0.952642 0.786893
vt 0.910145 0.329117
vt 0.916688 0.326565
vt 0.948367 0.817142
vt 0.942475 0.820926
vt 0.938461 0.815297
vt 0.945232 0.812022
vt 0.942769 0.807279
vt 0.934781 0.810115
vt 0.965081 0.758041
vt 0.946288 0.761568
vt 0.939004 0.768755
vt 0.927912 0.767043
vt 0.937277 0.773636
vt 0.933247 0.778965
vt 0.925266 0.778306
vt 0.926141 0.772162
vt 0.932830 0.785763
vt 0.924942 0.786872
vt 0.948280 0.802659
vt 0.941487 0.804792
vt 0.938538 0.798787
vt 0.946598 0.797647
vt 0.930457 0.376827
vt 0.903984 0.371756
vt 0.952756 0.755471
vt 0.902230 0.362421
vt 0.903357 0.348855
vt 0.902665 0.341332
vt 0.567794 0.520946
vt 0.547007 0.520207
vt 0.547644 0.498240
vt 0.569763 0.493894
vt 0.953027 0.762566
vt 0.960455 0.756254
vt 0.948873 0.769664
vt 0.947679 0.775028
vt 0.946119 0.780625
vt 0.944689 0.786645
vt 0.902226 0.335947
vt 0.901377 0.329771
vt 0.935059 0.824932
vt 0.976944 0.341476
vt 0.984024 0.344495
vt 0.979173 0.355014
vt 0.974879 0.355439
vt 0.965166 0.356579
vt 0.970966 0.343323
vt 0.956919 0.747154
vt 0.955148 0.739935
vt 0.953653 0.736963
vt 0.959793 0.736860
vt 0.966273 0.749604
vt 0.956223 0.729396
vt 0.933289 0.807617
vt 0.929849 0.799881
vt 0.947214 0.339381
vt 0.954295 0.334518
vt 0.958462 0.336036
vt 0.949673 0.343148
vt 0.962629 0.339664
vt 0.954469 0.347692
vt 0.967631 0.343770
vt 0.959986 0.352625
vt 0.285675 0.342349
vt 0.307718 0.318220
vt 0.305276 0.298845
vt 0.307539 0.290967
vt 0.317003 0.298610
vt 0.313583 0.307933
vt 0.319810 0.290669
vt 0.928693 0.313946
vt 0.923911 0.303144
vt 0.939460 0.300719
vt 0.942357 0.312184
vt 0.549280 0.481236
vt 0.570659 0.481589
vt 0.550086 0.458899
vt 0.572019 0.460179
vt 0.550979 0.445106
vt 0.572702 0.445626
vt 0.550947 0.423525
vt 0.572982 0.424322
vt 0.550623 0.407017
vt 0.573116 0.407436
vt 0.555184 0.395847
vt 0.576957 0.398459
vt 0.563997 0.371166
vt 0.583828 0.377733
vt 0.566595 0.361061
vt 0.588665 0.364569
vt 0.573367 0.347895
vt 0.592021 0.356067
vt 0.577854 0.336319
vt 0.595365 0.345340
vt 0.579479 0.325072
vt 0.595365 0.338468
vt 0.598553 0.300351
vt 0.613116 0.310877
vt 0.576788 0.617720
vt 0.559596 0.623337
vt 0.559168 0.607145
vt 0.574438 0.601970
vt 0.567382 0.568379
vt 0.548204 0.568623
vt 0.547534 0.551149
vt 0.568071 0.551024
vt 0.547246 0.542974
vt 0.567741 0.543927
vt 0.547446 0.529803
vt 0.567288 0.536911
vt 0.581978 0.535973
vt 0.488135 0.474557
vt 0.469410 0.472879
vt 0.488777 0.450612
vt 0.826031 0.834264
vt 0.248897 0.117315
vt 0.252932 0.121178
vt 0.258067 0.120195
vt 0.262380 0.122146
vt 0.804685 0.823464
vt 0.818836 0.810390
vt 0.809147 0.828062
vt 0.842249 0.849564
vt 0.228124 0.140698
vt 0.223788 0.145502
vt 0.709716 0.619460
vt 0.909790 0.252705
vt 0.919587 0.249207
vt 0.926313 0.261010
vt 0.915792 0.264797
vt 0.906194 0.239247
vt 0.912030 0.234227
vt 0.455291 0.165948
vt 0.459760 0.165142
vt 0.391799 0.137488
vt 0.407576 0.138284
vt 0.417776 0.138993
vt 0.400931 0.114941
vt 0.414154 0.117539
vt 0.419435 0.119181
vt 0.421270 0.140120
vt 0.432287 0.116917
vt 0.429855 0.138607
vt 0.438362 0.286346
vt 0.438839 0.276402
vt 0.442719 0.277983
vt 0.441737 0.287242
vt 0.933455 0.322207
vt 0.940702 0.321091
vt 0.944035 0.325028
vt 0.935242 0.328516
vt 0.963750 0.805956
vt 0.971875 0.804514
vt 0.974125 0.809174
vt 0.966196 0.810537
vt 0.970300 0.801351
vt 0.962413 0.802613
vt 0.924519 0.811250
vt 0.920596 0.802865
vt 0.938891 0.332325
vt 0.946852 0.328063
vt 0.218487 0.147555
vt 0.898503 0.357325
vt 0.897597 0.352072
vt 0.213760 0.150318
vt 0.838871 0.880798
vt 0.834677 0.879103
vt 0.831724 0.875698
vt 0.829982 0.871866
vt 0.834847 0.914358
vt 0.819361 0.902926
vt 0.822790 0.901013
vt 0.838518 0.911363
vt 0.202101 0.162282
vt 0.218939 0.173204
vt 0.219812 0.177991
vt 0.200938 0.167507
vt 0.199087 0.171124
vt 0.200151 0.169412
vt 0.212527 0.186898
vt 0.197042 0.174457
vt 0.209233 0.190344
vt 0.194011 0.177519
vt 0.825760 0.932884
vt 0.808010 0.927477
vt 0.826075 0.928291
vt 0.849618 0.928330
vt 0.195912 0.211477
vt 0.196407 0.214742
vt 0.197461 0.221535
vt 0.799406 0.964222
vt 0.804032 0.961332
vt 0.806965 0.958739
vt 0.810778 0.955734
vt 0.827059 0.964091
vt 0.799327 0.946220
vt 0.488945 0.438882
vt 0.489262 0.417201
vt 0.793665 0.939635
vt 0.938222 0.369849
vt 0.953878 0.796697
vt 0.961154 0.795807
vt 0.961636 0.800801
vt 0.954769 0.801522
vt 0.949262 0.805032
vt 0.951227 0.809311
vt 0.954275 0.814185
vt 0.925883 0.331209
vt 0.922690 0.324753
vt 0.928728 0.336135
vt 0.933048 0.347864
vt 0.936456 0.352564
vt 0.941466 0.358187
vt 0.946310 0.362643
vt 0.957211 0.807471
vt 0.955503 0.803651
vt 0.969585 0.796331
vt 0.969615 0.799920
vt 0.960144 0.812204
vt 0.928120 0.323614
vt 0.930979 0.329869
vt 0.933836 0.334244
vt 0.938978 0.343968
vt 0.942012 0.348647
vt 0.946930 0.353874
vt 0.951721 0.358656
vt 0.960861 0.792111
vt 0.969011 0.792623
vt 0.953189 0.792087
vt 0.926063 0.793341
vt 0.933717 0.792060
vt 0.945034 0.792272
vt 0.948024 0.364092
vt 0.950091 0.366086
vt 0.944035 0.373817
vt 0.941612 0.371504
vt 0.935023 0.380300
vt 0.940752 0.381257
vt 0.957286 0.361382
vt 0.909488 0.828154
vt 0.905474 0.827250
vt 0.880740 0.349327
vt 0.884965 0.346837
vt 0.883542 0.340787
vt 0.882681 0.336222
vt 0.881457 0.330200
vt 0.922174 0.838330
vt 0.877661 0.790718
vt 0.893895 0.784931
vt 0.883058 0.372328
vt 0.881720 0.374367
vt 0.884117 0.370460
vt 0.884933 0.363287
vt 0.884642 0.368564
vt 0.882973 0.358209
vt 0.892575 0.804811
vt 0.896533 0.766350
vt 0.875407 0.768132
vt 0.874804 0.771072
vt 0.873664 0.775150
vt 0.893251 0.414884
vt 0.887313 0.416982
vt 0.894928 0.416315
vt 0.901501 0.419078
vt 0.896308 0.417910
vt 0.903740 0.424794
vt 0.898315 0.730837
vt 0.895166 0.731584
vt 0.891733 0.731380
vt 0.936857 0.428125
vt 0.942836 0.428076
vt 0.948104 0.423660
vt 0.905509 0.714155
vt 0.905761 0.721329
vt 0.949130 0.444228
vt 0.945692 0.441578
vt 0.951512 0.441385
vt 0.983193 0.732315
vt 0.445882 0.118063
vt 0.442808 0.139347
vt 0.453708 0.120286
vt 0.451430 0.140988
vt 0.461067 0.123228
vt 0.458297 0.143561
vt 0.467641 0.122181
vt 0.463958 0.142695
vt 0.477514 0.123497
vt 0.471070 0.144288
vt 0.487896 0.123253
vt 0.481603 0.144138
vt 0.492378 0.128921
vt 0.488102 0.149606
vt 0.501746 0.131901
vt 0.497557 0.152685
vt 0.511774 0.138554
vt 0.506261 0.155537
vt 0.527761 0.141197
vt 0.521065 0.158470
vt 0.533862 0.146216
vt 0.525685 0.162453
vt 0.334672 0.156763
vt 0.329199 0.139745
vt 0.340991 0.130085
vt 0.345850 0.149356
vt 0.347890 0.125047
vt 0.352220 0.144547
vt 0.353204 0.120372
vt 0.356379 0.140742
vt 0.372774 0.136098
vt 0.384403 0.113577
vt 0.371252 0.114914
vt 0.883987 0.187977
vt 0.887201 0.184813
vt 0.489402 0.401286
vt 0.494768 0.386738
vt 0.731627 0.486280
vt 0.716389 0.482974
vt 0.508929 0.351832
vt 0.869191 0.485163
vt 0.874817 0.483348
vt 0.859110 0.488588
vt 0.863991 0.486832
vt 0.853308 0.490706
vt 0.840567 0.494958
vt 0.835187 0.496464
vt 0.823486 0.496416
vt 0.827497 0.496359
vt 0.817948 0.496538
vt 0.813097 0.496911
vt 0.798421 0.494373
vt 0.804882 0.495168
vt 0.788470 0.496344
vt 0.771406 0.495503
vt 0.776895 0.498069
vt 0.762860 0.493925
vt 0.406215 0.296851
vt 0.415340 0.297216
vt 0.422509 0.297707
vt 0.418679 0.297295
vt 0.428244 0.297706
vt 0.432810 0.296933
vt 0.440774 0.296165
vt 0.436964 0.296367
vt 0.445605 0.295734
vt 0.442304 0.295884
vt 0.450460 0.295560
vt 0.455850 0.294863
vt 0.460579 0.295613
vt 0.471563 0.298362
vt 0.725303 0.610791
vt 0.476545 0.299626
vt 0.372294 0.298351
vt 0.366691 0.301172
vt 0.379750 0.296365
vt 0.383360 0.295208
vt 0.530354 0.304298
vt 0.534715 0.292763
vt 0.554946 0.260825
vt 0.509359 0.656974
vt 0.501070 0.620819
vt 0.779037 0.608946
vt 0.494888 0.609488
vt 0.797560 0.611197
vt 0.494507 0.581635
vt 0.652442 0.248295
vt 0.632202 0.249439
vt 0.609140 0.261250
vt 0.625446 0.257541
vt 0.810961 0.618886
vt 0.824835 0.624857
vt 0.309198 0.942903
vt 0.282886 0.935854
vt 0.345156 0.959713
vt 0.371809 0.966336
vt 0.404465 0.980266
vt 0.490976 0.556961
vt 0.503940 0.554105
vt 0.506148 0.576937
vt 0.463884 0.986010
vt 0.427432 0.985099
vt 0.489313 0.990000
vt 0.506456 0.987427
vt 0.534945 0.988377
vt 0.833824 0.636682
vt 0.589209 0.983072
vt 0.558367 0.985516
vt 0.630845 0.973782
vt 0.606038 0.982254
vt 0.487873 0.543008
vt 0.657641 0.966879
vt 0.446746 0.412728
vt 0.446958 0.449574
vt 0.446538 0.437473
vt 0.454478 0.514534
vt 0.446220 0.488767
vt 0.450212 0.535410
vt 0.453243 0.560203
vt 0.451121 0.548085
vt 0.460078 0.594567
vt 0.460218 0.615567
vt 0.468394 0.636549
vt 0.473534 0.673293
vt 0.499779 0.274575
vt 0.522225 0.243495
vt 0.495448 0.291469
vt 0.502687 0.513291
vt 0.529903 0.518538
vt 0.531042 0.533640
vt 0.502322 0.532643
vt 0.529863 0.496232
vt 0.531341 0.480260
vt 0.531878 0.456249
vt 0.532397 0.443265
vt 0.532491 0.422044
vt 0.532086 0.405698
vt 0.539967 0.388070
vt 0.547183 0.365116
vt 0.551419 0.351356
vt 0.557726 0.339549
vt 0.563938 0.323959
vt 0.565682 0.315451
vt 0.583839 0.291797
vt 0.544961 0.633270
vt 0.543304 0.615729
vt 0.589161 0.594265
vt 0.586511 0.579146
vt 0.835162 0.674561
vt 0.843550 0.696557
vt 0.843869 0.711545
vt 0.839872 0.726426
vt 0.830696 0.746884
vt 0.822917 0.758745
vt 0.028207 0.766008
vt 0.030710 0.757174
vt 0.023962 0.778914
vt 0.016930 0.793056
vt 0.796438 0.785109
vt 0.785179 0.796003
vt 0.781804 0.777731
vt 0.010000 0.792586
vt 0.777029 0.762085
vt 0.766499 0.745483
vt 0.763688 0.737001
vt 0.761557 0.794545
vt 0.910121 0.197501
vt 0.912676 0.204738
vt 0.910901 0.207796
vt 0.916355 0.213775
vt 0.911717 0.218488
vt 0.907093 0.217064
vt 0.902147 0.217367
vt 0.900305 0.221637
vt 0.893477 0.220786
vt 0.887904 0.225365
vt 0.888765 0.220441
vt 0.730026 0.796010
vt 0.297651 0.285533
vt 0.698969 0.780958
vt 0.883544 0.217027
vt 0.878679 0.210928
vt 0.874679 0.201201
vt 0.879156 0.199691
vt 0.880332 0.191166
vt 0.691204 0.771222
vt 0.681917 0.759923
vt 0.665005 0.734228
vt 0.661725 0.710505
vt 0.656793 0.692549
vt 0.662818 0.663819
vt 0.667290 0.658019
vt 0.840083 0.754713
vt 0.828418 0.768222
vt 0.851637 0.729576
vt 0.855715 0.711640
vt 0.855801 0.694665
vt 0.843640 0.675709
vt 0.846469 0.627516
vt 0.824893 0.614028
vt 0.817420 0.608313
vt 0.803403 0.592490
vt 0.777448 0.594958
vt 0.698699 0.610217
vt 0.713860 0.598543
vt 0.680751 0.622687
vt 0.661607 0.633389
vt 0.647381 0.649350
vt 0.644775 0.666107
vt 0.642837 0.693351
vt 0.652286 0.741206
vt 0.647200 0.714395
vt 0.673551 0.767660
vt 0.684482 0.779214
vt 0.694362 0.789038
vt 0.726908 0.806748
vt 0.759928 0.800059
vt 0.787690 0.804289
vt 0.801829 0.800395
vt 0.011998 0.756757
vt 0.017545 0.750501
vt 0.017715 0.777141
vt 0.532520 0.570764
vt 0.530572 0.552491
vt 0.529850 0.543285
vt 0.572917 0.584064
vt 0.591891 0.193788
vt 0.588628 0.199926
vt 0.648246 0.478252
vt 0.647401 0.490514
vt 0.643771 0.518185
vt 0.641003 0.534576
vt 0.582589 0.542713
vt 0.682610 0.544775
vt 0.680276 0.552681
vt 0.677521 0.563676
vt 0.674125 0.579025
vt 0.662152 0.534377
vt 0.685315 0.535410
vt 0.672522 0.590384
vt 0.663012 0.621764
vt 0.698197 0.319442
vt 0.691313 0.351765
vt 0.694324 0.368248
vt 0.696920 0.377150
vt 0.696448 0.384977
vt 0.696468 0.393251
vt 0.697334 0.402518
vt 0.696967 0.422320
vt 0.696603 0.431678
vt 0.696606 0.444560
vt 0.696928 0.458071
vt 0.696122 0.468152
vt 0.695522 0.478483
vt 0.670564 0.478115
vt 0.694874 0.490265
vt 0.669832 0.489976
vt 0.690037 0.518976
vt 0.665774 0.517899
vt 0.586037 0.481306
vt 0.587265 0.460241
vt 0.587892 0.446679
vt 0.588504 0.425558
vt 0.588878 0.408460
vt 0.591862 0.400618
vt 0.598008 0.381661
vt 0.602278 0.369451
vt 0.880336 0.296271
vt 0.605366 0.360842
vt 0.608195 0.350668
vt 0.608163 0.344098
vt 0.623924 0.316292
vt 0.588734 0.615624
vt 0.553899 0.591618
vt 0.551238 0.180250
vt 0.545491 0.179043
vt 0.459392 0.470621
vt 0.447079 0.461741
vt 0.532407 0.593002
vt 0.097856 0.369542
vt 0.079093 0.377015
vt 0.107901 0.364332
vt 0.117057 0.359452
vt 0.122700 0.358571
vt 0.130921 0.357603
vt 0.144992 0.356109
vt 0.161976 0.355369
vt 0.172414 0.354106
vt 0.183374 0.352188
vt 0.194679 0.350105
vt 0.207019 0.348373
vt 0.219359 0.346559
vt 0.231296 0.344955
vt 0.243056 0.345051
vt 0.254689 0.343160
vt 0.891842 0.541147
vt 0.896382 0.556694
vt 0.887826 0.523537
vt 0.883055 0.504029
vt 0.879586 0.481832
vt 0.876272 0.460233
vt 0.871804 0.440318
vt 0.866913 0.422022
vt 0.862647 0.406119
vt 0.858050 0.392460
vt 0.853811 0.380930
vt 0.262860 0.210706
vt 0.270697 0.219621
vt 0.254662 0.202496
vt 0.245900 0.195227
vt 0.236744 0.189057
vt 0.227852 0.183067
vt 0.282124 0.343707
vt 0.838754 0.560976
vt 0.733025 0.393568
vt 0.736248 0.381698
vt 0.730001 0.407564
vt 0.725072 0.422944
vt 0.718747 0.440905
vt 0.713362 0.460634
vt 0.709834 0.482139
vt 0.707357 0.504133
vt 0.702066 0.523370
vt 0.695399 0.540241
vt 0.689578 0.555433
vt 0.842228 0.579219
vt 0.550174 0.149444
vt 0.556484 0.152256
vt 0.484593 0.495150
vt 0.645077 0.263872
vt 0.623217 0.271103
vt 0.604658 0.272858
vt 0.474102 0.343466
vt 0.480529 0.326674
vt 0.491177 0.330560
vt 0.493087 0.307891
vt 0.502446 0.311127
vt 0.508668 0.315684
vt 0.521899 0.323783
vt 0.542492 0.311428
vt 0.537319 0.328296
vt 0.545863 0.300618
vt 0.498637 0.334670
vt 0.508017 0.603841
vt 0.514144 0.613934
vt 0.522852 0.647174
vt 0.566742 0.270962
vt 0.514453 0.340929
vt 0.527739 0.345855
vt 0.522530 0.356879
vt 0.512234 0.382543
vt 0.504383 0.403161
vt 0.504331 0.418771
vt 0.504353 0.440195
vt 0.503974 0.452754
vt 0.502857 0.475619
vt 0.501373 0.491681
vt 0.498533 0.541505
vt 0.791549 0.740151
vt 0.801840 0.751805
vt 0.808873 0.761209
vt 0.816664 0.768365
vt 0.828975 0.784496
vt 0.034505 0.746911
vt 0.028960 0.743579
vt 0.049727 0.755335
vt 0.066346 0.765514
vt 0.085293 0.776131
vt 0.101397 0.785056
vt 0.248553 0.574757
vt 0.232057 0.561206
# 3845 texture coordinates

vn -0.487696 -0.073075 0.869950
vn -0.494684 0.011517 0.868997
vn -0.529755 -0.116887 0.840058
vn -0.525222 -0.141277 0.839156
vn -0.468483 -0.053935 0.881824
vn -0.436749 0.028866 0.899120
vn -0.415819 0.017847 0.909272
vn -0.385703 0.014549 0.922508
vn -0.386775 0.056697 0.920430
vn -0.383241 -0.178675 0.906202
vn -0.516636 -0.083195 0.852154
vn -0.638847 -0.099540 0.762868
vn -0.574553 -0.154429 0.803766
vn -0.566382 -0.028909 0.823636
vn -0.401849 0.153104 0.902816
vn -0.356284 -0.035896 0.933688
vn -0.429052 -0.223950 0.875078
vn -0.441832 -0.111442 0.890149
vn -0.387141 -0.126912 0.913245
vn -0.391097 -0.287893 0.874163
vn -0.522693 0.070094 0.849634
vn -0.506990 0.153734 0.848131
vn -0.519182 -0.037156 0.853856
vn -0.504850 -0.261665 0.822592
vn 0.366993 0.037109 0.929483
vn 0.320935 -0.044232 0.946068
vn 0.333378 -0.122773 0.934765
vn 0.392132 -0.157971 0.906244
vn 0.485933 -0.019599 0.873776
vn 0.507634 -0.061648 0.859365
vn 0.459606 0.006986 0.888095
vn 0.442125 0.071983 0.894060
vn 0.303528 -0.126298 0.944415
vn 0.286492 -0.027711 0.957682
vn 0.383342 0.150292 0.911297
vn 0.472742 0.039628 0.880309
vn 0.602850 -0.118008 0.789079
vn 0.574479 -0.048936 0.817055
vn 0.573386 0.014957 0.819149
vn 0.444596 -0.217021 0.869043
vn 0.411238 -0.099723 0.906057
vn 0.366555 -0.038395 0.929604
vn 0.466166 0.108705 0.877993
vn 0.429421 0.137020 0.892650
vn 0.485905 0.007104 0.873982
vn 0.496528 -0.042771 0.866966
vn 0.495886 -0.016658 0.868228
vn 0.416714 -0.149384 0.896679
vn 0.454239 0.062501 0.888685
vn -0.328775 -0.007993 0.944374
vn 0.380562 -0.329471 0.864073
vn 0.596493 -0.140996 0.790137
vn 0.612777 -0.053373 0.788452
vn 0.522067 0.070357 0.849998
vn 0.457700 0.222328 0.860860
vn 0.276943 0.161393 0.947236
vn 0.232867 -0.011916 0.972436
vn 0.166569 -0.271862 0.947811
vn -0.306772 -0.132866 0.942463
vn -0.205672 0.040262 0.977792
vn -0.163593 0.308250 0.937134
vn -0.343259 0.354541 0.869755
vn -0.623785 0.168409 0.763237
vn -0.679862 -0.130164 0.721696
vn -0.578111 -0.279888 0.766453
vn -0.376513 -0.308058 0.873692
vn -0.296081 -0.595363 0.746913
vn 0.346748 -0.680508 0.645503
vn 0.478858 -0.450021 0.753774
vn 0.400574 -0.126370 0.907508
vn 0.144206 -0.156743 0.977055
vn -0.214112 -0.324501 0.921333
vn -0.481987 -0.232233 0.844841
vn -0.558913 -0.455430 0.692965
vn -0.231666 -0.067560 0.970447
vn 0.291018 -0.021723 0.956471
vn 0.547153 -0.023782 0.836695
vn 0.578684 -0.245159 0.777831
vn 0.351306 -0.550807 0.757097
vn -0.342484 -0.557434 0.756288
vn -0.574994 -0.275216 0.770480
vn -0.622977 -0.154698 0.766791
vn 0.335626 0.088708 0.937809
vn -0.282585 0.052028 0.957830
vn 0.555691 0.048349 0.829982
vn 0.640724 -0.338713 0.689018
vn 0.418567 -0.627217 0.656811
vn -0.389691 -0.679190 0.621966
vn -0.599122 -0.383056 0.703080
vn -0.632751 -0.062605 0.771821
vn -0.200175 -0.368904 0.907656
vn 0.031158 0.055282 0.997984
vn 0.043480 0.123566 0.991383
vn 0.061810 -0.015282 0.997971
vn 0.134624 -0.209865 0.968418
vn -0.442251 -0.253286 0.860384
vn 0.039354 -0.267178 0.962843
vn 0.149763 -0.437814 0.886504
vn 0.286597 -0.186212 0.939780
vn 0.027261 -0.033769 0.999058
vn 0.095777 -0.589898 0.801778
vn 0.033477 -0.640919 0.766878
vn 0.032482 -0.733928 0.678450
vn 0.607805 -0.115124 0.785697
vn 0.587903 -0.060750 0.806647
vn -0.580465 -0.137381 0.802612
vn -0.599488 -0.130411 0.789688
vn -0.042319 -0.239592 0.969951
vn 0.809255 -0.246448 0.533264
vn -0.337851 0.001043 0.941199
vn -0.116012 0.170795 0.978453
vn 0.676922 -0.143045 0.722022
vn 0.389761 0.371348 0.842726
vn -0.573476 -0.021590 0.818938
vn -0.819501 -0.567522 -0.079599
vn 0.967280 -0.251620 0.032514
vn 0.818399 0.549549 0.167985
vn 0.644228 -0.282002 -0.710946
vn 0.324898 0.770908 -0.547852
vn -0.191378 -0.410245 -0.891669
vn -0.105232 0.629542 -0.769807
vn -0.632596 -0.488378 -0.601090
vn -0.316465 0.800416 -0.509101
vn -0.772030 -0.285900 0.567655
vn -0.316476 0.505357 0.802781
vn -0.509506 0.854336 0.102533
vn -0.327873 -0.007366 0.944693
vn -0.549946 -0.020117 0.834958
vn -0.604313 -0.529221 0.595593
vn -0.679925 -0.290116 0.673450
vn -0.950600 -0.188372 0.246730
vn -0.845242 -0.132287 0.517751
vn -0.998256 -0.014512 0.057220
vn -0.960576 0.004557 0.277981
vn -0.961410 -0.275081 -0.004617
vn -0.916659 -0.277870 0.287270
vn -0.861809 -0.506078 0.034196
vn -0.827262 -0.436450 0.353765
vn -0.559702 -0.810446 0.172950
vn -0.602595 -0.682691 0.413294
vn -0.383492 -0.849036 0.363417
vn -0.344961 -0.892179 0.291579
vn 0.028258 -0.942081 0.334193
vn 0.037813 -0.931350 0.362157
vn 0.494547 -0.816958 0.296655
vn 0.499530 -0.799630 0.333260
vn 0.681684 -0.704515 0.197395
vn 0.713252 -0.616701 0.333095
vn 0.961720 -0.141929 0.234417
vn 0.842086 -0.120955 0.525605
vn 0.736535 -0.031671 0.675657
vn 0.942603 -0.026310 0.332877
vn 0.762624 -0.445478 0.468993
vn 0.797061 -0.576038 0.181311
vn 0.561678 0.004162 0.827346
vn 0.566569 0.010670 0.823945
vn 0.001278 0.022200 0.999753
vn -0.058766 -0.037295 0.997575
vn 0.296740 0.014320 0.954851
vn 0.265861 0.027029 0.963632
vn 0.929632 -0.321033 0.180890
vn 0.036922 -0.853273 0.520156
vn 0.475233 -0.729631 0.491724
vn 0.701593 -0.488013 0.519240
vn -0.023243 -0.008078 0.999697
vn -0.408199 -0.780877 0.472869
vn -0.746872 -0.223599 0.626247
vn -0.810708 -0.044479 0.583758
vn -0.660820 -0.087537 0.745422
vn -0.494440 -0.122936 0.860474
vn -0.337125 -0.076853 0.938318
vn -0.110411 -0.029968 0.993434
vn 0.246346 -0.072781 0.966445
vn 0.576338 -0.012216 0.817120
vn 0.523205 -0.138017 0.840956
vn 0.663565 -0.082706 0.743533
vn 0.674799 -0.166959 0.718868
vn 0.682355 -0.264062 0.681662
vn -0.079879 -0.751775 0.654563
vn -0.075694 -0.984742 0.156694
vn -0.083097 -0.991950 -0.095546
vn -0.131071 -0.959737 -0.248447
vn 0.183405 0.977776 -0.101566
vn 0.027852 0.988659 -0.147571
vn 0.059152 0.969728 -0.236915
vn 0.106617 0.987126 -0.119227
vn -0.002432 0.990241 0.139342
vn 0.145102 0.644040 0.751104
vn -0.068413 0.825907 0.559640
vn -0.134844 -0.446878 0.884374
vn 0.158355 -0.364523 0.917631
vn 0.067935 -0.997685 -0.003234
vn 0.161649 -0.981809 -0.099601
vn -0.006447 0.929439 -0.368920
vn 0.070053 0.989335 -0.127708
vn 0.081345 0.847331 0.524798
vn 0.092081 0.888797 0.448956
vn 0.020903 -0.109643 -0.993751
vn -0.140842 -0.192334 -0.971170
vn 0.149951 0.950238 0.273060
vn 0.145391 0.448308 0.881976
vn 0.089513 0.976545 -0.195825
vn 0.309095 -0.214755 -0.926467
vn 0.236978 -0.880471 -0.410625
vn 0.071753 -0.307641 0.948793
vn 0.492813 0.386134 0.779766
vn 0.702862 0.028492 0.710755
vn 0.832856 -0.258598 -0.489365
vn 0.275119 0.001343 -0.961409
vn 0.190418 0.915838 -0.353528
vn 0.259277 0.960982 0.096378
vn 0.019131 0.933208 0.358826
vn 0.077533 0.616158 0.783797
vn 0.026873 -0.433110 0.900940
vn -0.003429 -0.938322 -0.345745
vn 0.022248 0.234029 -0.971975
vn 0.060365 0.871963 -0.485837
vn 0.112653 -0.449121 0.886340
vn 0.188015 0.674913 0.713543
vn 0.153068 0.942942 0.295687
vn 0.069415 0.995072 -0.070810
vn 0.139521 0.108268 -0.984283
vn 0.106053 -0.931166 -0.348829
vn 0.068936 0.677858 0.731954
vn 0.091789 -0.374853 0.922529
vn 0.006804 -0.996869 -0.078775
vn 0.067534 0.379557 -0.922700
vn 0.082705 0.955538 -0.283031
vn 0.070615 0.943361 0.324165
vn 0.100749 0.989672 0.101973
vn 0.154538 0.986816 -0.048093
vn 0.126566 0.991713 -0.022039
vn 0.629057 0.683803 -0.369732
vn 0.848173 -0.207545 -0.487368
vn 0.636988 -0.662022 -0.394934
vn 0.709380 -0.435696 -0.554030
vn -0.023550 0.994798 0.099107
vn -0.209262 0.975780 0.063745
vn -0.137008 -0.771402 -0.621424
vn -0.129024 -0.592131 -0.795446
vn -0.213711 -0.643549 0.734964
vn -0.121528 -0.356969 -0.926177
vn -0.324965 0.928238 -0.181030
vn -0.413444 0.890151 -0.191560
vn -0.762759 -0.513071 -0.393644
vn 0.070422 -0.994684 0.075135
vn 0.497590 -0.806531 -0.319237
vn 0.864121 -0.071357 -0.498201
vn 0.542316 0.839177 -0.040935
vn -0.339611 0.078348 0.937297
vn -0.602801 -0.663627 -0.442979
vn -0.137551 0.786098 0.602602
vn 0.718885 -0.010247 -0.695053
vn -0.714316 -0.421950 -0.558312
vn 0.816556 -0.234436 0.527519
vn 0.097419 -0.292721 0.951222
vn 0.242261 -0.947443 0.208955
vn 0.291101 0.849942 0.439157
vn -0.754527 -0.129542 -0.643357
vn 0.447988 0.814011 -0.369720
vn 0.390376 -0.822999 -0.412649
vn -0.758995 -0.038139 -0.649979
vn -0.733590 -0.067273 -0.676254
vn -0.033677 -0.720098 0.693055
vn -0.661366 0.037177 -0.749142
vn 0.108504 0.632045 -0.767298
vn 0.578261 0.805577 -0.129071
vn 0.454245 0.870090 -0.191325
vn 0.108450 0.885010 -0.452764
vn 0.356525 0.195146 -0.913678
vn 0.266327 0.942322 -0.202728
vn 0.193998 0.978343 0.072179
vn 0.236130 0.897628 0.372165
vn -0.233340 0.175702 0.956390
vn -0.020316 0.892802 -0.449991
vn -0.521027 -0.384137 0.762214
vn -0.114651 0.972825 -0.201164
vn -0.408589 -0.907083 0.101265
vn -0.067079 0.991898 -0.107883
vn 0.165355 -0.922347 -0.349191
vn 0.657700 -0.752134 -0.041536
vn 0.883233 -0.200622 0.423851
vn 0.159606 0.396596 0.904012
vn 0.607828 0.270571 0.746550
vn 0.504988 -0.635485 -0.584077
vn 0.718820 -0.691376 -0.072782
vn 0.636994 0.350742 0.686454
vn 0.134873 -0.978657 -0.155045
vn -0.354480 0.212927 -0.910498
vn -0.333829 -0.781571 0.526977
vn 0.859256 0.243896 -0.449659
vn 0.814457 0.546047 -0.196197
vn 0.766969 0.043873 -0.640183
vn -0.146406 -0.986236 -0.076842
vn -0.318280 -0.202284 0.926163
vn 0.193923 -0.203622 0.959652
vn 0.806487 0.521063 0.279413
vn 0.218676 0.038533 -0.975036
vn 0.185811 0.599546 -0.778472
vn 0.628571 -0.135502 0.765857
vn 0.059231 0.167462 -0.984098
vn 0.808298 0.264475 -0.526030
vn 0.525324 -0.719500 0.454263
vn -0.246852 -0.789164 -0.562391
vn -0.349225 0.376497 -0.858075
vn 0.613994 0.705814 0.353323
vn 0.239217 0.913804 0.328235
vn 0.687018 -0.719750 -0.099828
vn 0.192081 0.627405 -0.754631
vn 0.191785 -0.661081 -0.725390
vn 0.187789 -0.846758 0.497731
vn 0.142403 0.445165 0.884053
vn -0.056224 0.271199 0.960880
vn 0.769021 0.288638 -0.570346
vn 0.791435 0.069499 -0.607289
vn 0.804198 -0.153369 -0.574234
vn 0.786303 -0.198444 -0.585105
vn 0.306092 0.940349 -0.148496
vn 0.303113 -0.856149 -0.418486
vn 0.058053 0.789334 -0.611214
vn 0.000820 -0.585082 -0.810974
vn 0.450809 -0.747801 0.487407
vn 0.693193 -0.463167 0.552231
vn 0.459361 0.090542 0.883623
vn 0.884459 0.382488 0.267273
vn 0.897949 0.384801 -0.213580
vn 0.261957 0.520137 -0.812918
vn 0.792155 -0.018820 0.610030
vn -0.828054 0.517359 -0.216022
vn -0.874017 0.452078 0.178100
vn -0.560425 0.552377 0.617093
vn 0.864885 0.472946 0.168214
vn 0.915861 0.361647 -0.174388
vn 0.223961 0.366324 -0.903133
vn -0.799321 0.403283 -0.445476
vn -0.130864 -0.197658 0.971497
vn -0.501511 -0.861288 0.081671
vn -0.881561 0.413263 0.228175
vn 0.572275 -0.820047 0.005011
vn -0.539497 0.454826 0.708574
vn -0.308056 -0.090070 0.947095
vn -0.027377 -0.998193 0.053498
vn 0.180526 -0.983252 0.025018
vn 0.037213 -0.863625 -0.502759
vn -0.995221 -0.005935 0.097465
vn -0.335165 0.210079 -0.918440
vn -0.551471 -0.805393 -0.217306
vn -0.272811 -0.939243 0.208321
vn -0.437418 -0.898754 -0.030121
vn 0.670271 -0.625277 -0.399707
vn 0.069385 -0.392520 -0.917123
vn -0.685843 -0.384213 0.618062
vn -0.932312 0.215039 -0.290779
vn -0.965178 0.242574 0.097924
vn -0.707848 0.179270 0.683238
vn 0.924258 0.290578 -0.247611
vn 0.215232 -0.848392 0.483638
vn -0.135344 -0.327427 -0.935133
vn -0.532050 -0.693212 0.486188
vn -0.480726 -0.795953 -0.367915
vn -0.936091 0.129961 -0.326868
vn -0.082752 0.129170 -0.988164
vn 0.171800 0.072511 -0.982460
vn 0.944512 0.191513 -0.266870
vn -0.034054 -0.208004 0.977535
vn 0.167551 -0.076995 0.982852
vn 0.870815 -0.017807 -0.491288
vn 0.888322 0.198565 -0.414072
vn 0.415437 -0.086526 -0.905497
vn 0.299314 0.314388 -0.900872
vn -0.863597 -0.070009 -0.499298
vn -0.818772 0.276257 -0.503283
vn -0.995595 -0.024838 0.090407
vn -0.987870 0.115534 0.103759
vn 0.343704 -0.874481 -0.342274
vn 0.649311 0.030806 0.759899
vn -0.000470 -0.081739 0.996654
vn 0.244631 -0.929196 0.277038
vn 0.029873 -0.922387 0.385111
vn -0.280920 -0.920947 0.270074
vn -0.319552 -0.915629 -0.243947
vn -0.707646 0.042978 0.705259
vn 0.052626 -0.980220 0.190786
vn -0.013404 -0.951456 0.307493
vn -0.386937 -0.896168 0.217171
vn -0.434206 -0.851307 -0.294518
vn 0.245265 -0.929637 -0.274990
vn 0.000000 1.000000 0.000000
vn -0.059323 -0.066311 0.996034
vn 0.000000 1.000000 0.000000
vn 0.387742 -0.919591 -0.063318
vn 0.273685 -0.950170 -0.149246
vn 0.439612 -0.898183 -0.002844
vn 0.049174 -0.986649 0.155259
vn -0.292735 -0.929643 0.223762
vn -0.171605 -0.955039 -0.241769
vn 0.407140 -0.910483 0.072514
vn 0.020999 -0.951143 0.308035
vn -0.343995 -0.878788 0.330756
vn -0.278334 -0.894727 -0.349276
vn 0.706204 0.012099 0.707905
vn -0.821434 -0.068982 0.566116
vn -0.746750 0.019702 0.664813
vn 0.178477 0.018107 -0.983777
vn -0.083784 0.139971 -0.986604
vn -0.495831 -0.066323 -0.865883
vn -0.418422 0.182819 -0.889663
vn -0.121908 0.101104 -0.987379
vn -0.101811 0.491444 -0.864938
vn -0.515261 -0.051948 0.855458
vn -0.168202 0.448343 0.877893
vn -0.112509 0.721135 -0.683598
vn -0.218079 0.125135 -0.967875
vn -0.325220 0.128413 -0.936879
vn -0.206783 -0.045881 -0.977310
vn -0.362030 0.272683 0.891391
vn 0.260321 0.208604 0.942718
vn 0.166034 0.450164 0.877374
vn 0.652258 0.380822 0.655389
vn -0.706156 0.413852 0.574517
vn -0.950243 0.180436 0.253930
vn -0.580957 -0.071278 -0.810807
vn -0.898671 -0.376626 -0.224817
vn -0.766368 -0.613397 -0.190851
vn -0.969614 -0.060017 -0.237164
vn -0.921315 0.047912 -0.385853
vn -0.496535 -0.688891 -0.528093
vn -0.010494 -0.674917 -0.737819
vn -0.120858 0.897511 -0.424108
vn -0.111283 0.985056 0.131456
vn -0.350323 0.893404 -0.281253
vn -0.108674 0.858311 -0.501490
vn -0.604794 -0.083973 -0.791942
vn -0.068193 0.910842 -0.407084
vn -0.798821 -0.295019 -0.524260
vn -0.071096 0.997463 -0.003498
vn -0.080581 0.978414 0.190298
vn -0.825063 -0.565011 0.005859
vn -0.070534 -0.911521 -0.405161
vn 0.133850 -0.396428 -0.908256
vn -0.031702 -0.414687 -0.909412
vn 0.356092 0.437844 -0.825525
vn 0.001925 0.993893 -0.110332
vn -0.203584 0.964884 -0.165992
vn -0.238168 0.219186 -0.946168
vn -0.187454 -0.955269 -0.228742
vn -0.142439 -0.274965 0.950845
vn 0.161586 -0.563138 0.810410
vn -0.181907 0.814314 0.551183
vn -0.026118 0.931520 0.362750
vn 0.145155 0.152775 0.977543
vn -0.121957 0.109123 0.986518
vn 0.007540 -0.982737 -0.184857
vn -0.189803 -0.981730 0.013433
vn -0.082617 0.214618 0.973198
vn -0.245490 0.265908 0.932216
vn -0.320319 0.182497 -0.929565
vn -0.273418 0.175436 -0.945762
vn 0.089968 0.133691 -0.986931
vn 0.226790 -0.268358 0.936243
vn -0.116258 -0.400489 0.908896
vn 0.556908 0.117455 0.822227
vn 0.964956 0.171888 -0.198277
vn 0.087592 -0.221906 -0.971126
vn -0.198578 -0.606216 -0.770110
vn 0.046853 -0.559693 -0.827375
vn -0.191467 -0.377619 -0.905950
vn -0.961873 0.089300 -0.258507
vn -0.984025 0.159067 0.079956
vn -0.717717 0.135700 0.682985
vn -0.210281 -0.001491 -0.977640
vn -0.027314 0.002756 -0.999623
vn 0.310081 -0.038648 -0.949924
vn 0.877365 -0.208277 -0.432262
vn 0.727501 -0.067065 0.682822
vn -0.020000 0.137796 0.990259
vn -0.222098 0.093847 0.970497
vn -0.868229 -0.004663 0.496141
vn -0.997631 -0.053222 0.043577
vn -0.919497 -0.103397 -0.379256
vn 0.773885 -0.096134 0.625987
vn 0.016532 0.094277 0.995409
vn -0.291410 -0.014749 0.956484
vn -0.789579 -0.176114 0.587834
vn -0.883981 -0.170214 -0.435436
vn -0.465426 -0.026520 -0.884690
vn -0.140047 0.000273 -0.990145
vn 0.010798 -0.076333 -0.997024
vn 0.382956 -0.128375 -0.914803
vn 0.846283 -0.184264 -0.499852
vn 0.407483 0.142226 0.902070
vn -0.930320 0.288579 0.226335
vn 0.977548 0.196974 -0.074836
vn 0.960255 0.160445 -0.228403
vn 0.925471 -0.117474 0.360144
vn -0.691774 -0.077108 0.717986
vn -0.973855 0.218231 0.063106
vn -0.972875 0.124763 -0.194805
vn 0.312082 0.002353 -0.950052
vn 0.826362 0.522586 0.209831
vn -0.471535 0.628790 0.618286
vn -0.888507 0.411358 0.203323
vn -0.784312 0.519636 -0.338872
vn 0.246129 0.495937 -0.832747
vn 0.893549 0.396645 -0.210340
vn 0.956505 0.193562 0.218249
vn -0.586493 0.221543 0.779067
vn -0.917212 0.349569 0.191112
vn -0.815121 0.346378 -0.464328
vn 0.237343 0.217133 -0.946848
vn 0.978437 0.121092 -0.167324
vn -0.039087 0.884160 0.465546
vn -0.056107 0.617666 0.784437
vn -0.099573 0.294191 0.950546
vn -0.098296 -0.032949 0.994612
vn -0.083216 -0.436979 0.895614
vn -0.105485 0.874888 0.472698
vn -0.138857 0.984593 0.106281
vn -0.158798 0.983655 0.084889
vn 0.951977 0.305063 -0.026008
vn 0.970473 0.238810 -0.033954
vn 0.999074 0.033650 -0.026824
vn 0.990600 0.096884 -0.096569
vn 0.996977 -0.048771 -0.060490
vn 0.990840 -0.127128 -0.045554
vn -0.167576 0.929296 -0.329132
vn -0.159135 0.787428 -0.595510
vn -0.174734 0.886966 -0.427505
vn -0.176570 0.852299 -0.492351
vn -0.163933 0.599370 -0.783506
vn -0.169625 0.182803 -0.968406
vn -0.138647 -0.292917 -0.946032
vn -0.068241 -0.551099 -0.831645
vn 0.716643 0.371552 0.590230
vn 0.991292 -0.113815 -0.066226
vn 0.983085 -0.143935 -0.113252
vn 0.897713 -0.417180 -0.141678
vn 0.917478 0.374499 -0.134107
vn 0.479229 -0.644181 -0.596130
vn 0.713515 -0.679673 -0.170122
vn -0.470802 0.205058 -0.858077
vn -0.005549 0.345508 -0.938399
vn 0.531174 0.306830 -0.789753
vn -0.582396 -0.415136 -0.698912
vn 0.026756 -0.401305 -0.915553
vn 0.531976 -0.407761 -0.742113
vn -0.577823 -0.140052 -0.804056
vn 0.007505 -0.195187 -0.980737
vn 0.560194 -0.231300 -0.795414
vn -0.925942 -0.122405 -0.357279
vn -0.003415 -0.105572 -0.994406
vn 0.589235 -0.129179 -0.797568
vn -0.936890 -0.344480 -0.059756
vn -0.998691 -0.021076 -0.046607
vn -0.957925 -0.239659 -0.157934
vn -0.956497 0.136273 -0.257960
vn -0.787412 -0.594297 -0.163688
vn -0.498284 -0.864886 -0.060714
vn -0.414717 -0.877529 0.240733
vn 0.020987 -0.724585 0.688865
vn 0.529674 -0.743590 0.408068
vn 0.679634 -0.733220 0.022063
vn 0.775241 -0.631462 -0.016038
vn 0.940862 -0.338636 -0.010227
vn 0.988079 -0.141933 -0.059614
vn 0.998375 -0.056848 -0.004077
vn 0.968213 0.248134 0.031503
vn 0.236203 0.085655 0.967921
vn 0.585632 0.024209 0.810215
vn 0.929114 -0.005909 0.369747
vn 0.989521 -0.124290 0.073483
vn 0.996354 -0.082045 -0.023401
vn 0.608848 0.012726 -0.793185
vn 0.000084 -0.076620 -0.997060
vn -0.598123 -0.062542 -0.798960
vn -0.907760 -0.059544 -0.415243
vn -0.983882 -0.002148 -0.178808
vn -0.951239 0.042315 0.305537
vn -0.600954 -0.037064 0.798424
vn -0.331253 0.014035 0.943438
vn 0.019171 0.133531 0.990859
vn 0.096542 0.772544 -0.627579
vn 0.172523 0.867700 -0.466189
vn 0.356796 0.841452 -0.405778
vn 0.291366 0.863729 -0.411190
vn -0.123700 0.881318 -0.456044
vn 0.163468 0.918884 -0.359070
vn 0.470264 0.866224 -0.168840
vn 0.206181 0.966177 -0.154889
vn 0.135324 0.773842 -0.618754
vn 0.053986 0.916937 -0.395362
vn 0.276796 0.770563 -0.574122
vn 0.199619 0.890791 -0.408220
vn 0.466655 0.776745 -0.422967
vn 0.114031 0.949131 -0.293509
vn -0.294121 0.928713 -0.225798
vn 0.203525 0.956465 -0.209168
vn 0.482490 0.862630 -0.151897
vn 0.202300 0.951065 0.233560
vn 0.114076 0.750308 -0.651172
vn 0.178567 0.943069 -0.280597
vn 0.041921 0.835618 -0.547709
vn 0.412138 0.823937 -0.388934
vn 0.045055 0.745236 -0.665277
vn -0.089821 0.766596 -0.635817
vn -0.062240 0.997912 0.017240
vn -0.008365 0.928986 -0.370019
vn -0.594811 0.712375 -0.372453
vn 0.425507 0.658824 -0.620399
vn 0.276430 0.949142 -0.150719
vn 0.474976 0.845150 -0.245193
vn -0.064259 0.993856 0.090116
vn -0.344018 0.926337 -0.153466
vn -0.232248 0.940061 -0.249691
vn 0.080200 0.996468 -0.024901
vn 0.113633 0.808015 -0.578100
vn -0.584046 0.811720 -0.000462
vn -0.130799 0.668221 -0.732374
vn 0.501123 0.451439 0.738294
vn 0.372979 0.923219 0.092481
vn 0.555583 0.088494 0.826739
vn 0.628555 -0.453371 0.631960
vn 0.524907 -0.834607 0.167047
vn 0.128518 -0.073928 -0.988948
vn 0.134812 -0.640184 -0.756300
vn 0.268253 -0.871013 -0.411555
vn 0.356750 -0.931805 0.066845
vn 0.315958 0.913059 -0.257866
vn 0.807332 -0.017929 0.589825
vn 0.963143 -0.069702 -0.259802
vn -0.370310 -0.334501 -0.866591
vn -0.453627 0.377439 -0.807318
vn 0.051012 0.998687 0.004665
vn -0.424232 -0.355846 -0.832707
vn 0.544426 -0.813570 0.204217
vn 0.782767 -0.436563 0.443495
vn 0.894370 0.086503 0.438886
vn 0.658733 0.679820 0.322360
vn 0.330749 0.893446 -0.303906
vn 0.527399 0.552059 0.645818
vn 0.667237 -0.383747 0.638383
vn 0.434274 -0.896525 0.087454
vn 0.330401 -0.683224 -0.651184
vn 0.357817 -0.150700 -0.921551
vn -0.054820 -0.772225 -0.632980
vn -0.071935 -0.930869 -0.358200
vn -0.083389 -0.980918 -0.175631
vn -0.092629 -0.990869 0.097974
vn -0.015248 -0.854383 0.519421
vn -0.137267 0.145750 0.979752
vn 0.623310 0.132375 0.770689
vn 0.066447 -0.128169 0.989524
vn 0.118055 0.122056 0.985477
vn 0.103258 0.206525 0.972977
vn 0.060598 0.184456 0.980971
vn 0.171474 0.001648 0.985187
vn -0.109044 0.242481 0.964009
vn -0.114632 -0.131067 -0.984724
vn -0.092701 -0.171357 -0.980838
vn -0.093904 -0.156330 -0.983231
vn 0.114163 -0.091885 -0.989204
vn 0.038247 0.322727 0.945719
vn -0.298532 0.123271 0.946405
vn -0.013271 -0.410944 0.911564
vn 0.939067 -0.317360 -0.132047
vn -0.072126 -0.076141 0.994485
vn -0.067405 0.205208 0.976394
vn -0.060131 0.542925 0.837626
vn -0.115397 -0.124856 0.985441
vn 0.193500 -0.222592 0.955516
vn 0.015711 0.426064 -0.904557
vn -0.164492 0.644142 -0.747010
vn 0.215252 0.895811 -0.388830
vn 0.071040 0.326430 -0.942548
vn 0.084721 0.509659 -0.856195
vn 0.156140 0.727081 -0.668561
vn 0.102091 0.841974 -0.529770
vn 0.074057 0.786548 -0.613073
vn 0.120984 0.498816 -0.858222
vn -0.044989 0.482006 -0.875012
vn -0.310997 0.469298 -0.826463
vn -0.345371 0.469759 -0.812432
vn -0.053412 0.639235 0.767154
vn 0.928955 -0.349577 -0.121817
vn -0.102671 0.872219 0.478219
vn -0.115234 0.992195 -0.047653
vn -0.078799 0.921786 -0.379606
vn -0.173657 0.856341 -0.486338
vn 0.102580 0.893564 -0.437058
vn 0.972522 0.193085 0.130076
vn 0.599424 -0.796750 0.076682
vn -0.402103 -0.915121 0.029436
vn -0.342303 -0.927387 0.150936
vn 0.119858 -0.934152 0.336145
vn 0.234402 -0.937906 0.255712
vn -0.449217 -0.789692 -0.417840
vn -0.824309 -0.007083 -0.566096
vn -0.624823 -0.044690 -0.779487
vn -0.964490 -0.260448 0.043880
vn -0.236412 -0.538548 -0.808750
vn 0.056982 -0.454725 -0.888807
vn 0.049084 0.091570 -0.994588
vn 0.150737 0.262050 -0.953209
vn 0.119598 -0.074958 -0.989989
vn 0.081053 -0.062246 -0.994764
vn 0.096521 -0.019770 -0.995135
vn 0.076734 0.192464 -0.978299
vn 0.194742 0.540413 -0.818553
vn 0.182963 0.945991 -0.267630
vn 0.276361 0.955866 -0.099722
vn 0.297273 0.946628 0.124593
vn 0.308531 0.456304 0.834623
vn 0.326623 0.253842 0.910429
vn 0.401501 0.207468 0.892050
vn 0.503714 0.014069 0.863756
vn 0.532360 0.041675 0.845491
vn 0.599126 -0.030675 0.800067
vn 0.492144 -0.087678 0.866087
vn 0.216306 -0.031351 0.975822
vn 0.123341 -0.069123 0.989954
vn 0.043570 -0.148543 0.987946
vn -0.683447 0.090186 0.724408
vn -0.608809 0.032140 0.792666
vn -0.548520 -0.055343 0.834304
vn -0.507523 -0.082641 0.857666
vn -0.517254 -0.068358 0.853098
vn -0.523817 -0.084877 0.847592
vn -0.498619 -0.082600 0.862877
vn -0.132697 0.097267 0.986372
vn 0.026427 -0.888002 0.459080
vn 0.037830 -0.926907 -0.373380
vn 0.006446 -0.970514 -0.240957
vn -0.204675 -0.912295 0.354721
vn -0.170105 -0.959773 0.223385
vn 0.636773 -0.624317 -0.452492
vn 0.751415 0.197917 -0.629448
vn -0.444934 -0.108711 0.888941
vn -0.365117 -0.087230 0.926866
vn -0.285505 -0.027989 0.957968
vn -0.171644 0.084616 0.981518
vn -0.070104 0.081418 0.994211
vn 0.004821 -0.057871 0.998312
vn 0.115596 -0.127696 0.985054
vn 0.852290 0.161852 -0.497399
vn 0.901945 0.144966 -0.406791
vn 0.764402 0.314663 -0.562741
vn 0.764290 0.272713 -0.584370
vn 0.742718 -0.019747 -0.669313
vn 0.767068 -0.198073 -0.610225
vn 0.822032 -0.165938 -0.544727
vn 0.717141 -0.229048 -0.658214
vn 0.171475 -0.689320 -0.703871
vn 0.032524 -0.870382 -0.491302
vn 0.042773 -0.803505 -0.593760
vn 0.025212 -0.655512 -0.754764
vn -0.017397 -0.783882 -0.620666
vn 0.021889 -0.643413 -0.765206
vn 0.094195 -0.982261 -0.162144
vn 0.248072 -0.967589 -0.047241
vn 0.132868 -0.990431 0.037324
vn -0.072094 -0.977580 -0.197837
vn 0.168457 -0.975125 -0.144059
vn 0.133298 -0.958874 0.250584
vn 0.066294 -0.996864 0.043211
vn 0.134883 -0.981326 -0.137134
vn 0.173245 -0.646377 0.743090
vn 0.866060 -0.157299 0.474550
vn 0.907215 -0.160356 0.388904
vn 0.908269 -0.174805 0.380119
vn 0.925101 -0.040343 0.377571
vn 0.926275 0.035784 0.375144
vn 0.905992 0.056636 0.419489
vn 0.841826 0.189184 0.505508
vn 0.761455 0.240557 0.601929
vn 0.200743 -0.187244 0.961583
vn 0.289181 -0.153409 0.944902
vn 0.430114 0.078136 0.899387
vn 0.507702 0.237750 0.828078
vn 0.413246 0.314321 0.854652
vn 0.223152 0.377855 0.898571
vn 0.150636 0.427130 0.891554
vn 0.634486 0.130796 0.761787
vn 0.439242 -0.712975 0.546564
vn -0.291504 -0.935989 -0.197356
vn -0.359393 -0.894938 -0.264430
vn -0.060261 -0.997748 0.029453
vn 0.164856 0.419840 0.892500
vn 0.323543 -0.915401 0.239500
vn 0.392997 -0.903166 0.172754
vn -0.526467 -0.850019 -0.017332
vn -0.980158 0.188915 -0.060014
vn 0.166478 0.244554 0.955237
vn 0.130719 0.023439 0.991142
vn 0.055866 -0.525648 0.848866
vn -0.012680 -0.991218 0.131631
vn -0.029817 -0.942625 -0.332518
vn 0.005186 -0.905750 -0.423782
vn 0.078517 -0.910243 -0.406562
vn -0.682419 -0.729348 -0.048551
vn 0.880010 -0.474308 0.024788
vn 0.116241 -0.973193 -0.198453
vn 0.160465 -0.971450 0.174747
vn 0.180054 -0.900819 0.395102
vn 0.990750 0.131260 0.034416
vn 0.892619 0.448817 0.042354
vn 0.880969 0.473147 0.005107
vn 0.932061 0.361960 -0.015697
vn 0.995377 0.073628 0.061671
vn 0.064335 -0.996642 -0.050651
vn -0.482292 -0.875056 -0.040876
vn -0.339092 -0.940593 -0.017359
vn 0.146685 -0.910130 0.387488
vn 0.387010 -0.882397 -0.267582
vn 0.256149 -0.935946 -0.241647
vn -0.370636 -0.924420 0.089870
vn -0.893667 0.180024 0.411035
vn -0.803071 0.500964 0.322664
vn -0.732484 0.532719 0.423884
vn -0.701782 0.433075 0.565640
vn -0.758429 0.234901 0.607953
vn 0.101539 -0.957791 0.268935
vn -0.089842 -0.982967 -0.160328
vn -0.316468 -0.692716 -0.648068
vn -0.911917 0.234541 0.336747
vn -0.934214 0.157454 0.320082
vn -0.935631 0.018488 0.352495
vn -0.914980 0.060070 0.399002
vn -0.945816 -0.032492 0.323074
vn -0.910642 -0.249697 0.329214
vn -0.929753 -0.003413 0.368169
vn -0.770468 -0.506994 0.386440
vn -0.079713 0.935119 -0.345250
vn -0.042639 0.881639 -0.469994
vn 0.007543 0.791324 -0.611350
vn 0.011017 0.536938 -0.843550
vn -0.171892 -0.977026 -0.125988
vn -0.141876 -0.989236 -0.035819
vn 0.162782 -0.753832 0.636584
vn -0.047822 -0.665754 0.744637
vn 0.131659 -0.680653 0.720678
vn 0.135414 -0.765923 0.628510
vn -0.112155 -0.848858 0.516586
vn -0.432734 -0.240799 -0.868768
vn -0.030595 0.188980 0.981504
vn -0.516492 0.168166 0.839616
vn -0.459399 0.238790 -0.855530
vn -0.880551 -0.021308 0.473473
vn -0.957563 0.002660 0.288210
vn -0.997366 0.035198 0.063418
vn -0.940496 -0.127154 -0.315118
vn -0.427628 0.503921 -0.750465
vn -0.459287 -0.034055 -0.887635
vn -0.427608 0.646074 -0.632250
vn 0.000471 0.012876 -0.999917
vn 0.065735 0.083537 -0.994334
vn 0.392338 -0.003335 -0.919815
vn -0.504447 0.587589 -0.632671
vn 0.737758 -0.203557 -0.643644
vn 0.846891 -0.266956 -0.459903
vn 0.944369 -0.303985 -0.125539
vn -0.525178 0.425435 -0.737017
vn 0.889920 -0.164249 0.425517
vn 0.710642 -0.024835 0.703115
vn 0.458213 0.086035 0.884669
vn 0.003858 0.081818 0.996640
vn -0.343745 0.010186 0.939008
vn -0.596909 -0.005950 0.802287
vn -0.967200 0.028419 0.252423
vn -0.979779 -0.049314 -0.193911
vn -0.909245 -0.100543 -0.403936
vn -0.746916 -0.058639 -0.662328
vn -0.590180 -0.088252 -0.802433
vn -0.003356 -0.103683 -0.994605
vn 0.595967 -0.079969 -0.799017
vn 0.803174 -0.063580 -0.592342
vn 0.995313 -0.092091 -0.029531
vn 0.994747 -0.089948 0.048871
vn 0.957266 -0.051278 0.284627
vn 0.585696 0.035051 0.809772
vn 0.287196 0.035909 0.957199
vn 0.138186 -0.988998 -0.052789
vn -0.118264 -0.568771 0.813949
vn -0.513454 0.257315 -0.818630
vn -0.075099 -0.090541 0.993057
vn 0.061408 0.293456 0.953998
vn 0.011339 -0.921568 0.388051
vn 0.131187 -0.988837 0.070658
vn 0.106598 0.944698 0.310135
vn -0.009608 0.945266 0.326160
vn 0.054868 0.993027 -0.104344
vn -0.030125 0.958472 -0.283591
vn -0.216937 0.793432 -0.568687
vn -0.470556 0.060466 -0.880296
vn -0.579267 0.073136 -0.811850
vn -0.126660 -0.951919 -0.278940
vn 0.022946 -0.996050 -0.085781
vn 0.015961 -0.999849 -0.006850
vn -0.933519 0.338014 0.119534
vn 0.046010 0.883689 0.465808
vn -0.182486 0.902902 0.389188
vn -0.013889 0.990304 -0.138221
vn -0.107614 0.930644 -0.349744
vn -0.330954 0.695434 -0.637841
vn -0.507098 -0.055730 -0.860085
vn -0.643087 0.021286 -0.765497
vn -0.269927 -0.785518 -0.556867
vn -0.002822 -0.993354 -0.115065
vn -0.006123 -0.998296 0.058027
vn -0.923832 0.322970 -0.205489
vn 0.009695 0.570150 0.821484
vn 0.186679 0.685604 0.703632
vn -0.194453 0.429094 0.882081
vn -0.573680 0.018641 -0.818868
vn -0.014973 -0.983791 -0.178693
vn -0.000802 -0.996513 -0.083431
vn -0.030835 -0.998001 -0.055162
vn -0.836185 0.282081 -0.470345
vn -0.379367 0.090146 -0.920844
vn -0.078407 0.860539 -0.503314
vn 0.128845 0.969572 -0.208158
vn 0.186228 0.978771 -0.085590
vn 0.150447 0.973583 0.171759
vn 0.136151 0.930882 0.339000
vn 0.169657 0.616809 0.768611
vn 0.129426 0.188277 0.973551
vn 0.126185 -0.110927 0.985785
vn -0.660586 0.181747 -0.728419
vn 0.180450 -0.564747 0.805294
vn 0.195723 -0.902287 0.384149
vn 0.093728 -0.992199 -0.082192
vn 0.174577 -0.979740 0.098146
vn -0.452574 -0.012579 -0.891638
vn 0.293484 -0.250250 -0.922628
vn 0.086665 0.868948 -0.487257
vn 0.086720 0.946596 -0.310542
vn 0.138426 0.989386 -0.044200
vn 0.292791 0.947085 0.131543
vn 0.314356 0.351946 0.881654
vn 0.356879 -0.053008 0.932645
vn 0.454854 -0.143451 0.878937
vn 0.582977 -0.429275 0.689827
vn -0.299116 -0.002699 -0.954213
vn 0.659362 -0.745533 -0.097072
vn 0.585711 -0.637681 -0.500306
vn 0.510167 -0.460620 -0.726333
vn 0.381719 -0.364808 -0.849238
vn 0.176448 -0.375833 -0.909734
vn 0.107394 -0.241569 -0.964423
vn -0.004319 -0.068200 -0.997662
vn 0.075506 -0.099756 -0.992143
vn 0.030768 -0.186560 -0.981962
vn -0.150716 -0.110984 -0.982327
vn -0.529527 -0.050623 -0.846781
vn -0.483672 -0.043245 -0.874180
vn -0.375496 -0.085161 -0.922903
vn -0.378006 -0.168985 -0.910250
vn 0.534840 -0.172317 -0.827196
vn 0.556847 -0.058169 -0.828576
vn 0.557342 -0.034881 -0.829550
vn 0.456689 -0.258739 -0.851170
vn 0.623729 0.050726 -0.779993
vn 0.553695 0.236574 -0.798407
vn 0.398453 0.161919 -0.902783
vn 0.278950 -0.044795 -0.959260
vn 0.154326 -0.173227 -0.972716
vn 0.302029 -0.071663 -0.950601
vn 0.791352 -0.132489 -0.596832
vn 0.970100 -0.155986 -0.185941
vn 0.992927 -0.113004 0.036420
vn 0.941091 -0.017164 0.337718
vn 0.766186 0.111786 0.632821
vn -0.006655 0.311000 0.950387
vn 0.104888 0.140489 -0.984511
vn -0.405678 -0.065627 -0.911657
vn -0.045239 -0.990115 0.132765
vn -0.093859 -0.942212 0.321602
vn -0.045860 -0.927722 0.370443
vn -0.509846 0.268996 0.817128
vn 0.130893 -0.969672 0.206405
vn 0.300575 -0.953192 -0.032854
vn 0.379513 -0.909129 -0.171620
vn -0.387511 -0.881860 0.268623
vn -0.793893 0.280649 0.539417
vn -0.788613 0.288508 0.543003
vn -0.957182 0.249925 0.146082
vn -0.962991 0.176428 -0.203766
vn -0.854582 0.130165 -0.502739
vn -0.748922 0.087474 -0.656860
vn -0.258788 -0.089041 -0.961821
vn 0.321563 -0.222900 -0.920279
vn -0.388825 -0.434104 0.812631
vn -0.058529 -0.275494 0.959520
vn 0.036185 -0.103494 0.993972
vn 0.182354 -0.158210 0.970421
vn 0.242300 -0.066294 0.967934
vn 0.229803 0.093001 0.968784
vn 0.128885 0.123047 0.983996
vn 0.079036 0.171319 0.982040
vn 0.049291 0.195216 0.979521
vn 0.106882 0.234146 0.966308
vn 0.190697 0.221873 0.956246
vn 0.245214 -0.147338 0.958207
vn 0.646870 -0.472166 0.598848
vn 0.047026 -0.292879 0.954992
vn 0.771929 -0.635674 0.006718
vn 0.738278 -0.663565 -0.120941
vn 0.924941 -0.376463 -0.052529
vn 0.991123 -0.132814 0.006045
vn 0.995473 -0.088318 0.035124
vn 0.995353 -0.087855 0.039418
vn 0.993084 -0.114276 0.026917
vn 0.957537 0.284819 0.044727
vn 0.270402 -0.388759 0.880766
vn -0.663460 -0.597132 0.450837
vn -0.621269 -0.783480 -0.013538
vn -0.785719 -0.602237 -0.141267
vn -0.915252 -0.369680 -0.160158
vn -0.971151 -0.035069 -0.235873
vn -0.950903 -0.181300 -0.250827
vn -0.958324 -0.078657 -0.274640
vn -0.962862 -0.039942 -0.267023
vn -0.959777 0.152287 -0.235876
vn -0.494453 0.866472 -0.068873
vn 0.011765 0.968213 -0.249850
vn 0.127345 0.878963 -0.459572
vn 0.119637 0.840968 -0.527693
vn 0.087053 0.818032 -0.568546
vn 0.238631 0.880663 -0.409252
vn 0.405442 0.841604 -0.356818
vn 0.100434 0.183459 0.977883
vn 0.083958 0.132758 0.987586
vn 0.121427 0.065626 0.990429
vn 0.159080 0.020275 0.987057
vn 0.164517 0.009815 0.986325
vn 0.145288 -0.037991 0.988660
vn 0.151150 -0.064403 0.986411
vn 0.169569 -0.020354 0.985308
vn 0.178264 0.141951 0.973690
vn 0.118756 0.071117 0.990373
vn 0.096842 -0.027234 0.994927
vn 0.204268 -0.646674 0.734906
vn 0.161195 -0.341870 0.925819
vn 0.052999 -0.202672 0.977811
vn 0.142303 -0.628636 0.764569
vn 0.194134 -0.712859 0.673902
vn 0.248613 -0.825008 0.507498
vn 0.267409 -0.893629 0.360445
vn 0.250813 -0.905587 0.342059
vn -0.180272 -0.918916 0.350850
vn -0.581282 0.391516 0.713321
vn -0.010778 0.682616 -0.730698
vn -0.017013 -0.508018 -0.861179
vn -0.304612 -0.900366 0.310730
vn -0.301379 0.491439 -0.817103
vn -0.278685 -0.869196 -0.408451
vn -0.217072 -0.228574 0.949017
vn -0.252457 0.673577 0.694665
vn -0.335098 0.471604 -0.815658
vn -0.171108 -0.529396 -0.830940
vn -0.110978 -0.904463 0.411863
vn -0.327679 0.340061 0.881468
vn -0.443975 0.816568 -0.368921
vn -0.569154 -0.169059 -0.804663
vn -0.196666 -0.653006 0.731373
vn -0.088063 0.528904 0.844100
vn 0.380092 -0.524040 -0.762176
vn 0.434161 0.214726 -0.874870
vn 0.249545 0.737619 -0.627412
vn -0.600106 0.799761 0.015982
vn -0.038290 0.116780 -0.992419
vn -0.634280 -0.442406 0.634008
vn 0.453570 0.174077 -0.874054
vn -0.902638 -0.379411 0.203204
vn 0.473676 0.045713 -0.879512
vn -0.429392 -0.253093 -0.866929
vn -0.303279 0.224611 0.926052
vn -0.412765 0.845776 -0.338066
vn -0.995774 0.060775 -0.068854
vn -0.406280 -0.872962 0.269952
vn -0.316680 -0.110522 -0.942071
vn -0.323215 -0.404723 0.855413
vn -0.650965 0.670750 0.355443
vn -0.783413 -0.619087 -0.054736
vn -0.175465 -0.971306 -0.160553
vn -0.375512 0.863284 0.337240
vn -0.715024 -0.689091 -0.117876
vn -0.176793 0.052364 0.982854
vn -0.845170 0.413774 0.338348
vn -0.628237 0.427126 -0.650293
vn 0.467208 -0.031232 -0.883595
vn -0.454801 -0.889808 0.037381
vn -0.954621 -0.213969 0.207160
vn -0.802156 0.530241 0.274572
vn -0.402712 0.779118 -0.480414
vn -0.481652 0.552418 -0.680327
vn -0.574898 0.789111 0.216323
vn -0.764155 0.469213 0.442614
vn -0.843606 -0.320281 0.430987
vn -0.317848 -0.947792 0.025765
vn -0.254773 -0.908662 -0.330793
vn -0.433045 -0.241963 -0.868289
vn 0.141651 0.253376 0.956941
vn -0.098882 0.747155 0.657254
vn -0.501616 0.790572 0.351251
vn -0.806555 0.580225 -0.113171
vn -0.887101 -0.001514 -0.461572
vn 0.193327 -0.405270 0.893522
vn 0.041415 -0.933812 0.355358
vn -0.399130 -0.873357 -0.279182
vn -0.506156 0.284593 0.814133
vn -0.469623 0.704672 0.531875
vn -0.604187 -0.234198 0.761649
vn -0.339959 -0.911651 0.230913
vn -0.265183 -0.932607 -0.244789
vn -0.523126 -0.281751 -0.804335
vn -0.517826 0.495668 -0.697258
vn -0.461595 0.810612 -0.360331
vn -0.683701 0.649119 -0.333463
vn -0.425060 -0.731000 -0.533819
vn 0.346432 -0.458800 0.818222
vn 0.162871 0.484929 0.859254
vn -0.404454 0.826229 0.392126
vn -0.074954 -0.964138 0.254597
vn 0.251622 -0.040821 0.966964
vn -0.710162 -0.159960 0.685626
vn -0.795181 -0.048565 -0.604424
vn 0.149986 0.421020 0.894565
vn -0.218312 0.369839 0.903083
vn 0.396378 0.118368 0.910425
vn 0.514368 -0.254688 0.818877
vn 0.396771 -0.903531 0.161875
vn -0.179974 -0.786957 -0.590177
vn -0.559624 -0.667331 -0.491416
vn -0.976578 -0.145811 0.158221
vn 0.461843 -0.097332 -0.881605
vn 0.461640 -0.125097 -0.878202
vn 0.460647 -0.162204 -0.872637
vn 0.458473 -0.235744 -0.856871
vn 0.454752 -0.286476 -0.843286
vn 0.441132 -0.387173 -0.809629
vn 0.407768 -0.500417 -0.763746
vn 0.389289 -0.612114 -0.688310
vn 0.395042 -0.715397 -0.576324
vn 0.459530 -0.406754 -0.789546
vn 0.347425 0.416465 -0.840151
vn 0.130938 0.699931 -0.702106
vn -0.033765 0.614554 -0.788152
vn -0.092426 0.556162 -0.825919
vn -0.029469 0.431669 -0.901551
vn -0.006848 0.257858 -0.966159
vn -0.018012 0.116716 -0.993002
vn -0.003341 0.006731 -0.999972
vn -0.002551 -0.002845 -0.999993
vn -0.062751 -0.029377 -0.997597
vn -0.081746 -0.042798 -0.995734
vn -0.021767 -0.001113 -0.999763
vn 0.005409 0.020422 -0.999777
vn 0.001703 0.023662 -0.999719
vn -0.013446 0.102679 -0.994624
vn -0.031740 0.198630 -0.979560
vn -0.070023 0.114154 -0.990992
vn -0.120413 -0.171891 -0.977729
vn -0.146647 -0.629189 -0.763293
vn -0.015345 -0.955482 -0.294649
vn 0.189603 -0.981728 0.016152
vn 0.029427 -0.931803 0.361769
vn -0.117211 -0.470164 0.874761
vn -0.006833 -0.002930 0.999972
vn 0.004903 -0.052536 0.998607
vn -0.088389 -0.235099 0.967944
vn -0.155115 -0.240028 0.958293
vn -0.098636 -0.164030 0.981512
vn -0.047060 -0.085724 0.995207
vn -0.064290 0.021692 0.997695
vn -0.076329 0.095792 0.992471
vn -0.023358 0.105350 0.994161
vn 0.036962 0.140443 0.989399
vn 0.039994 0.207096 0.977503
vn -0.013506 0.286949 0.957851
vn -0.234896 0.197373 0.951771
vn -0.424967 0.135009 0.895084
vn -0.407563 -0.128586 0.904078
vn -0.287969 -0.375030 0.881150
vn -0.247286 -0.277703 0.928295
vn -0.215671 -0.640695 0.736883
vn -0.120804 -0.941070 0.315901
vn -0.123278 -0.927491 0.352936
vn -0.109310 -0.850714 0.514137
vn -0.069392 -0.740179 0.668820
vn -0.028913 -0.645504 0.763210
vn -0.000213 -0.315535 0.948914
vn 0.047834 -0.202857 0.978039
vn -0.048928 -0.675944 0.735327
vn 0.093819 -0.459086 0.883424
vn 0.209923 -0.751788 0.625098
vn 0.144887 -0.800168 0.582013
vn 0.042808 -0.839984 0.540921
vn 0.005816 -0.567610 0.823277
vn 0.027924 -0.038695 0.998861
vn 0.021871 0.054697 0.998263
vn -0.005672 0.115829 0.993253
vn -0.039342 0.127432 0.991067
vn -0.050332 0.067943 0.996419
vn -0.052980 -0.015064 0.998482
vn -0.050739 -0.051268 0.997395
vn -0.049708 0.035444 0.998135
vn -0.058877 0.012698 0.998184
vn -0.081222 -0.053528 0.995258
vn -0.106869 0.017374 0.994121
vn -0.097257 0.066355 0.993045
vn -0.059266 0.103759 0.992835
vn -0.029776 0.102469 0.994290
vn -0.034418 0.106449 0.993722
vn -0.093331 0.152992 0.983810
vn -0.241135 0.936696 0.253878
vn -0.022027 0.695483 -0.718205
vn 0.057338 0.747991 -0.661228
vn 0.087537 0.751012 -0.654460
vn 0.093672 0.738919 -0.667251
vn -0.086798 0.816505 -0.570777
vn -0.016361 -0.008630 -0.999829
vn -0.173674 -0.048652 -0.983601
vn -0.108189 0.922282 -0.371068
vn -0.476511 -0.041049 -0.878209
vn 0.772521 -0.271257 -0.574135
vn -0.894479 -0.109596 -0.433469
vn 0.166021 0.947290 -0.274005
vn -0.991490 -0.125630 0.034122
vn -0.937993 -0.053371 0.342522
vn -0.843539 -0.002486 0.537063
vn 0.961546 -0.212504 -0.173986
vn -0.243012 -0.009887 0.969973
vn -0.010575 0.118972 0.992841
vn 0.189390 0.095149 0.977281
vn -0.503772 -0.117253 -0.855842
vn 0.511053 0.001399 0.859548
vn 0.751229 -0.067503 0.656581
vn 0.913231 -0.157361 0.375828
vn 0.983861 -0.166080 0.066597
vn 0.967220 -0.238586 -0.086957
vn 0.866185 -0.151998 -0.476046
vn 0.862182 -0.167043 -0.478266
vn -0.639273 -0.069928 -0.765794
vn 0.437462 -0.171723 -0.882688
vn 0.207926 -0.161878 -0.964657
vn 0.141516 -0.082798 -0.986467
vn 0.250329 -0.638040 -0.728176
vn 0.315373 -0.391591 -0.864405
vn 0.312894 -0.226959 -0.922273
vn 0.269256 -0.120596 -0.955488
vn 0.263232 -0.100546 -0.959479
vn 0.276243 -0.053727 -0.959585
vn 0.217804 0.394628 -0.892654
vn -0.225085 0.973479 0.040939
vn -0.047360 0.971287 -0.233149
vn -0.008606 0.920626 -0.390351
vn -0.066231 0.869710 -0.489099
vn -0.020152 0.833228 -0.552562
vn 0.250025 0.894722 -0.370080
vn 0.291474 0.890721 -0.348796
vn 0.525215 0.835455 -0.161751
vn 0.742860 0.543257 0.391191
vn 0.679306 0.053343 0.731914
vn 0.670080 0.053905 0.740329
vn 0.647768 0.008185 0.761793
vn 0.611125 -0.028068 0.791037
vn 0.567411 -0.086476 0.818882
vn 0.504136 -0.116469 0.855735
vn 0.433917 -0.121737 0.892690
vn 0.466101 0.042423 0.883714
vn 0.528675 0.180512 0.829409
vn 0.567762 0.045573 0.821930
vn 0.526652 -0.272155 0.805338
vn 0.434392 -0.111921 0.893744
vn 0.414873 0.082835 0.906101
vn 0.490604 -0.051440 0.869863
vn 0.575122 -0.014093 0.817946
vn 0.570085 -0.045018 0.820352
vn 0.427651 -0.422329 0.799220
vn 0.320709 -0.770961 0.550240
vn 0.205248 -0.854902 0.476462
vn 0.117697 -0.874208 0.471071
vn -0.022712 -0.437150 0.899102
vn -0.302437 -0.730048 0.612831
vn -0.069601 -0.346667 0.935402
vn -0.162304 -0.635805 0.754592
vn -0.218372 -0.740011 0.636158
vn -0.264778 -0.836838 0.479161
vn -0.265542 -0.900718 0.343793
vn -0.244199 -0.919295 0.308648
vn 0.250176 0.938454 -0.238149
vn -0.385456 -0.772546 0.504576
vn -0.561894 -0.419750 0.712801
vn -0.575639 -0.334116 0.746329
vn -0.360881 0.261254 0.895272
vn -0.238508 0.413218 0.878843
vn -0.105131 0.368862 0.923520
vn 0.026212 0.197312 0.979990
vn 0.004045 0.129034 0.991632
vn -0.034664 0.053756 0.997952
vn -0.128075 0.057394 0.990102
vn -0.163199 -0.091882 0.982305
vn -0.031862 -0.227940 0.973154
vn 0.016303 -0.046578 0.998782
vn 0.099406 -0.439169 0.892888
vn 0.503414 -0.768161 0.395605
vn 0.691694 -0.722098 0.011586
vn 0.312045 -0.888021 -0.337708
vn -0.104455 -0.620247 -0.777420
vn -0.102996 0.098148 -0.989828
vn -0.243327 0.111527 -0.963511
vn -0.163706 -0.002516 -0.986506
vn -0.097942 -0.016506 -0.995055
vn -0.108636 -0.053553 -0.992638
vn -0.077006 -0.013718 -0.996936
vn -0.092750 0.047172 -0.994571
vn -0.144304 0.146317 -0.978656
vn -0.027658 0.550057 -0.834669
vn 0.100313 0.598768 -0.794615
vn 0.193401 -0.467222 -0.862728
vn -0.106684 -0.581959 0.806190
vn -0.528220 -0.445345 0.722947
vn -0.619087 -0.124787 0.775344
vn -0.609861 -0.076272 0.788829
vn -0.547643 -0.104605 0.830147
vn -0.496014 0.000088 0.868315
vn -0.467022 -0.111245 0.877220
vn -0.439966 -0.345722 0.828798
vn -0.463506 -0.047412 0.884825
vn -0.436798 0.342327 0.831877
vn -0.403333 0.087354 0.910874
vn -0.352044 -0.241866 0.904193
vn -0.433168 -0.174069 0.884345
vn -0.519242 -0.079362 0.850935
vn -0.614876 0.017973 0.788419
vn -0.676574 0.003677 0.736365
vn -0.739208 0.025515 0.672993
vn -0.778325 -0.024896 0.627368
vn -0.902616 0.398364 0.163065
vn -0.199650 0.861127 -0.467547
vn 0.178907 0.842766 -0.507680
vn -0.038848 -0.048155 0.998084
vn -0.064102 0.057399 0.996291
vn -0.171032 0.148225 0.974052
vn -0.194444 -0.021437 0.980679
vn -0.119824 -0.038890 0.992033
vn -0.030135 -0.004080 0.999537
vn -0.095143 -0.012178 0.995389
vn -0.183171 0.017401 0.982927
vn -0.184430 0.041248 0.981980
vn -0.150955 0.067216 0.986253
vn -0.320651 0.151314 0.935033
vn -0.255479 0.759709 -0.597973
vn 0.088593 0.767972 -0.634326
vn 0.032225 0.411462 -0.910857
vn 0.018286 0.193668 -0.980897
vn -0.046760 -0.368126 -0.928599
vn -0.113278 0.993169 0.027992
vn -0.024473 -0.737050 -0.675395
vn 0.001575 -0.780829 -0.624743
vn -0.061488 -0.981374 -0.182002
vn -0.026879 -0.940707 0.338153
vn 0.072825 -0.950408 0.302360
vn 0.075194 -0.847084 0.526112
vn 0.052926 -0.522916 0.850740
vn 0.045216 0.064121 0.996917
vn 0.004092 0.393937 0.919128
vn -0.969534 -0.217592 0.112506
vn -0.929851 -0.118176 0.348443
vn -0.772897 -0.068382 0.630836
vn -0.603188 -0.073855 0.794173
vn -0.409391 -0.113811 0.905233
vn -0.526359 -0.097105 0.844699
vn -0.672250 -0.014398 0.740184
vn -0.438361 0.130646 0.889253
vn -0.338211 0.162471 0.926939
vn -0.169312 0.208711 0.963210
vn -0.411942 0.036764 0.910468
vn -0.533391 -0.150263 0.832415
vn -0.362986 -0.119217 0.924137
vn -0.191024 -0.074550 0.978750
vn 0.056972 -0.041031 0.997532
vn 0.165905 -0.047827 0.984981
vn 0.289740 -0.064088 0.954957
vn 0.377370 -0.061366 0.924027
vn 0.340498 0.018915 0.940055
vn 0.255483 0.094138 0.962220
vn 0.462342 0.119404 0.878625
vn 0.548185 0.097829 0.830616
vn 0.570513 0.008529 0.821245
vn 0.489195 -0.058642 0.870201
vn 0.507039 -0.046091 0.860690
vn 0.577332 -0.002015 0.816507
vn 0.622828 -0.017201 0.782170
vn 0.806290 -0.021142 0.591142
vn 0.960772 -0.030149 0.275697
vn -0.649065 0.705444 0.284716
vn 0.994266 -0.089781 -0.058096
vn 0.992410 -0.121893 0.016238
vn 0.985949 -0.137157 -0.095354
vn 0.800728 -0.182194 -0.570648
vn 0.577607 -0.172116 -0.797964
vn 0.292036 -0.142611 -0.945715
vn -0.002091 -0.115520 -0.993303
vn -0.875221 0.395219 0.278908
vn -0.576544 -0.056408 -0.815117
vn -0.759526 -0.012225 -0.650362
vn -0.958497 -0.056193 -0.279509
vn -0.968356 -0.111921 -0.223069
vn -0.982670 -0.160307 -0.093061
vn -0.936611 0.109790 0.332726
vn -0.609815 -0.150509 0.778121
vn -0.779197 -0.160499 0.605882
vn -0.949999 -0.144504 0.276803
vn -0.988675 -0.149769 0.009494
vn -0.888477 -0.077531 0.452325
vn -0.968951 -0.245965 -0.025199
vn -0.951299 -0.223984 -0.211807
vn -0.946033 -0.215290 -0.242222
vn -0.742887 -0.282789 -0.606753
vn -0.584791 -0.268216 -0.765558
vn 0.252292 0.691276 -0.677116
vn 0.022294 -0.292242 -0.956085
vn 0.318283 -0.295953 -0.900615
vn 0.549423 -0.293839 -0.782172
vn 0.753545 -0.289103 -0.590415
vn 0.958731 -0.254085 -0.127578
vn 0.972115 -0.234448 -0.005223
vn 0.970495 -0.240405 -0.018583
vn 0.392819 0.896048 -0.206860
vn 0.949177 -0.241960 0.201293
vn 0.829133 -0.203096 0.520855
vn 0.672047 -0.152999 0.724530
vn 0.591990 -0.092576 0.800611
vn 0.492694 -0.001182 0.870202
vn 0.506566 -0.018268 0.862008
vn 0.622760 -0.104051 0.775463
vn 0.579266 -0.077028 0.811491
vn 0.435820 -0.074543 0.896942
vn 0.181744 -0.141317 0.973139
vn 0.311035 -0.098550 0.945275
vn 0.415592 0.019840 0.909335
vn 0.321233 0.066958 0.944630
vn 0.184613 0.081038 0.979465
vn 0.056217 0.075886 0.995530
vn -0.196681 0.068316 0.978085
vn -0.371850 0.071135 0.925563
vn -0.506283 0.076888 0.858933
vn -0.412065 0.014718 0.911036
vn -0.244715 -0.089553 0.965450
vn -0.330837 -0.221151 0.917409
vn -0.445149 -0.257827 0.857536
vn -0.639117 -0.215142 0.738406
vn -0.541881 -0.110659 0.833138
vn -0.465729 -0.085670 0.880771
vn -0.941526 -0.336727 0.011981
vn -0.891840 -0.326354 0.313233
vn -0.719900 -0.221495 0.657788
vn -0.569671 -0.129313 0.811636
vn -0.581039 -0.082275 0.809706
vn -0.608862 -0.018694 0.793056
vn -0.344799 0.138454 0.928410
vn -0.114725 0.136010 0.984042
vn 0.036828 0.110234 0.993223
vn 0.147488 0.129396 0.980563
vn 0.364474 0.148554 0.919288
vn 0.522893 0.028270 0.851930
vn 0.536314 -0.076458 0.840548
vn 0.601183 -0.130780 0.788337
vn 0.673438 -0.191029 0.714135
vn 0.785980 -0.336048 0.518948
vn 0.873497 -0.452118 0.180533
vn 0.157034 0.800629 -0.578215
vn 0.881569 -0.471503 -0.022824
vn 0.855891 -0.505328 -0.109978
vn 0.817312 -0.549728 -0.172624
vn 0.681609 -0.545357 -0.487847
vn 0.502902 -0.512102 -0.696305
vn 0.295091 -0.529058 -0.795625
vn 0.016695 -0.548953 -0.835687
vn 0.004994 0.773347 -0.633963
vn -0.560470 -0.550656 -0.618588
vn -0.671601 -0.537855 -0.509573
vn -0.851009 -0.481760 -0.209025
vn -0.879876 -0.447588 -0.159635
vn -0.904928 -0.406170 -0.127009
vn -0.289928 0.782589 -0.550905
vn -0.725644 -0.682787 0.085101
vn -0.734616 -0.555244 0.389927
vn -0.655105 -0.381687 0.652037
vn -0.605137 -0.241927 0.758473
vn -0.596991 -0.189101 0.779643
vn -0.452644 -0.205007 0.867805
vn -0.153937 -0.214552 0.964506
vn -0.026457 -0.256837 0.966093
vn 0.085983 -0.094324 0.991822
vn 0.059936 0.029969 0.997752
vn 0.027153 0.088159 0.995736
vn 0.307624 -0.072623 0.948733
vn 0.596819 -0.110436 0.794740
vn 0.649075 -0.197168 0.734728
vn 0.712676 -0.364152 0.599572
vn 0.751060 -0.530158 0.393499
vn 0.741135 -0.648424 0.173969
vn -0.242186 0.780535 -0.576291
vn 0.688803 -0.724785 -0.015426
vn 0.689814 -0.719774 -0.077986
vn 0.737900 -0.665325 -0.113338
vn 0.646038 -0.677020 -0.352533
vn 0.504968 -0.710374 -0.490281
vn 0.182159 -0.745833 -0.640743
vn -0.063993 -0.780108 -0.622363
vn 0.007084 0.786635 -0.617378
vn -0.401009 -0.808229 -0.431228
vn -0.492795 -0.798483 -0.345800
vn -0.627766 -0.768295 -0.125032
vn -0.642073 -0.761996 -0.084287
vn -0.627877 -0.764285 -0.147102
vn 0.461336 0.727929 -0.507237
vn 0.288217 -0.143386 0.946769
vn 0.504042 -0.408979 0.760709
vn 0.558963 -0.502019 0.659952
vn 0.611896 -0.620565 0.490390
vn 0.632374 -0.708955 0.312228
vn 0.621413 -0.745509 0.240961
vn 0.377099 0.876022 -0.300635
vn 0.666070 -0.720817 0.191765
vn 0.797717 -0.549673 0.248005
vn 0.907036 -0.101385 0.408664
vn 0.694947 0.510931 0.505962
vn 0.290482 0.843974 0.450919
vn 0.357253 0.771827 0.525978
vn 0.324570 0.852600 0.409544
vn 0.163149 0.934245 0.317126
vn 0.174895 0.913591 0.367100
vn 0.018386 0.890846 0.453933
vn 0.102323 0.856186 0.506435
vn 0.091443 0.843999 0.528493
vn 0.021328 0.863177 0.504450
vn -0.090949 0.939411 0.330508
vn 0.011991 0.988495 0.150779
vn 0.091764 0.992170 0.084721
vn 0.199956 0.973669 0.109482
vn 0.237898 0.894342 0.378890
vn 0.195109 0.693595 0.693440
vn 0.417129 0.006252 0.908826
vn 0.388220 -0.777577 0.494631
vn 0.077471 0.021777 0.996757
vn 0.109507 -0.180188 0.977517
vn 0.372060 -0.658903 0.653773
vn 0.441204 -0.620838 0.647997
vn 0.478464 -0.027307 0.877683
vn 0.501542 0.091300 0.860302
vn 0.500347 0.124702 0.856798
vn 0.476723 0.125877 0.869995
vn 0.465667 0.147776 0.872535
vn 0.363120 -0.166428 0.916758
vn 0.238684 -0.324160 0.915396
vn 0.267583 -0.091588 0.959172
vn 0.296364 0.038700 0.954291
vn 0.323104 0.113668 0.939512
vn 0.341576 0.213353 0.915318
vn 0.396635 0.073461 0.915032
vn 0.419859 -0.133624 0.897699
vn 0.400913 -0.223461 0.888445
vn 0.403762 -0.134108 0.904981
vn 0.427547 0.034791 0.903323
vn 0.453991 0.016134 0.890860
vn 0.454719 0.019623 0.890419
vn 0.427217 0.032510 0.903565
vn 0.443493 0.408814 0.797612
vn 0.582053 0.788767 -0.197640
vn 0.480163 0.769451 -0.421175
vn -0.532187 -0.001120 0.846626
vn -0.550911 0.078450 0.830868
vn -0.536481 0.086224 0.839496
vn -0.522931 0.139279 0.840919
vn -0.465204 -0.006701 0.885178
vn -0.330408 -0.227977 0.915891
vn -0.251420 -0.161429 0.954321
vn -0.228411 0.007600 0.973535
vn -0.226036 0.181393 0.957081
vn -0.213558 0.349913 0.912115
vn -0.348911 0.030075 0.936673
vn -0.439000 -0.309478 0.843506
vn -0.435296 -0.235816 0.868855
vn -0.436557 -0.119458 0.891711
vn -0.453624 -0.022421 0.890911
vn -0.479478 -0.017698 0.877376
vn -0.501228 -0.008682 0.865272
vn -0.499837 -0.027900 0.865670
vn -0.310282 0.416367 0.854613
vn -0.330579 0.916894 -0.223657
vn -0.146012 0.712486 -0.686326
vn 0.031390 0.853906 -0.519479
vn 0.077985 0.843513 -0.531417
vn 0.019208 0.866748 -0.498376
vn 0.110836 0.872724 -0.475467
vn 0.385194 0.835477 -0.391924
vn 0.311424 0.908974 -0.277095
vn -0.459589 0.878685 -0.129188
vn -0.492534 -0.127221 0.860944
vn -0.482682 -0.548541 0.682730
vn -0.457266 -0.629162 0.628540
vn -0.324811 -0.303381 0.895800
vn -0.311467 -0.175950 0.933825
vn -0.396003 -0.257166 0.881503
vn -0.500998 -0.410277 0.762019
vn -0.533930 -0.543241 0.647926
vn -0.524306 -0.674493 0.519771
vn -0.481761 -0.779086 0.401162
vn -0.431885 -0.866852 0.249083
vn 0.181117 0.925021 -0.333966
vn -0.464285 -0.883297 0.065012
vn -0.717759 -0.679382 0.152521
vn -0.919209 -0.338328 0.201468
vn -0.442448 0.784654 0.434233
vn -0.116003 0.817425 0.564233
vn -0.010191 -0.843291 0.537361
vn -0.019252 -0.940812 0.338382
vn 0.016870 -0.915349 0.402308
vn 0.040493 -0.979606 -0.196807
vn -0.020115 -0.799881 -0.599822
vn -0.152926 0.513455 0.844380
vn 0.031405 0.541838 0.839896
vn -0.030718 -0.827061 -0.561273
vn -0.053581 -0.587106 -0.807735
vn -0.173337 -0.026552 -0.984505
vn -0.714036 -0.237599 -0.658558
vn -0.761073 -0.087472 -0.642741
vn -0.767182 -0.077167 -0.636771
vn -0.762472 -0.073400 -0.642845
vn -0.745789 -0.107231 -0.657496
vn -0.761376 -0.094176 -0.641434
vn -0.689224 0.276954 -0.669527
vn -0.757033 0.216318 -0.616529
vn -0.838768 0.033646 -0.543448
vn -0.736648 0.061718 -0.673454
vn 0.899222 -0.153964 0.409505
vn 0.640594 -0.072259 0.764472
vn 0.070095 0.190098 0.979260
vn -0.605385 0.268416 -0.749307
vn -0.615995 0.376841 -0.691767
vn -0.613932 0.551076 -0.565157
vn -0.606174 0.624268 -0.492791
vn -0.728605 0.223047 -0.647599
vn -0.486275 -0.720093 -0.494978
vn 0.055961 -0.970573 0.234213
vn 0.245206 -0.915098 0.320108
vn 0.589886 0.730699 -0.343677
vn 0.373514 -0.925205 0.066949
vn 0.330092 -0.910431 -0.249307
vn 0.249899 -0.883961 -0.395176
vn -0.228062 0.427657 -0.874699
vn -0.222812 0.512839 -0.829066
vn -0.149330 -0.147711 -0.977692
vn 0.327568 0.200941 -0.923213
vn 0.060343 -0.913921 0.401381
vn 0.067906 -0.960805 0.268779
vn -0.103364 -0.693394 -0.713107
vn -0.143523 0.076128 -0.986715
vn -0.182731 0.601451 -0.777731
vn -0.235918 0.564641 -0.790900
vn -0.306634 0.426271 -0.851039
vn -0.336750 0.257020 -0.905837
vn -0.484258 0.245558 0.839759
vn -0.818244 0.278803 0.502738
vn 0.870199 -0.243848 0.428125
vn -0.288560 -0.262006 -0.920916
vn -0.402453 -0.226947 -0.886863
vn -0.440679 0.245268 -0.863508
vn -0.532444 0.212936 -0.819244
vn -0.601713 -0.078705 -0.794825
vn -0.557237 -0.045752 -0.829092
vn -0.566571 -0.058104 -0.821962
vn -0.619696 0.012234 -0.784747
vn -0.388460 0.085869 -0.917456
vn -0.513919 0.071604 -0.854845
vn -0.342382 0.461095 -0.818636
vn -0.399418 0.827206 -0.395215
vn -0.393908 0.908114 -0.142006
vn -0.279476 0.953136 0.115864
vn -0.216380 0.854642 0.471982
vn -0.194564 0.555146 0.808677
vn -0.365171 0.295254 0.882879
vn -0.212562 0.142001 0.966775
vn -0.482540 0.103518 0.869735
vn -0.406940 0.055703 0.911755
vn -0.381050 -0.038743 0.923742
vn -0.377558 -0.054245 0.924396
vn -0.402912 -0.082717 0.911493
vn -0.320977 -0.156959 0.933990
vn -0.159857 -0.064750 0.985014
vn 0.118970 -0.072526 0.990246
vn 0.331924 -0.230830 0.914628
vn 0.964428 -0.256330 0.064607
vn 0.950853 -0.226927 -0.210671
vn 0.813949 -0.187471 -0.549857
vn 0.777768 0.324975 0.538023
vn 0.658549 0.495138 0.566703
vn 0.544880 0.517138 0.660056
vn 0.525102 0.439563 0.728733
vn 0.508076 -0.050332 0.859840
vn 0.048961 -0.972153 0.229174
vn -0.246414 -0.874538 -0.417688
vn -0.135467 -0.931876 -0.336535
vn -0.120573 -0.988501 -0.091253
vn -0.086635 -0.963241 0.254285
vn 0.523532 0.809198 -0.266670
vn -0.637214 0.115570 -0.761973
vn 0.226107 -0.038471 0.973342
vn 0.097284 -0.091920 0.991003
vn -0.114258 -0.170187 0.978765
vn -0.232977 -0.131313 0.963576
vn -0.374724 -0.096424 0.922108
vn 0.362413 -0.148048 -0.920184
vn -0.789420 -0.041398 0.612456
vn -0.931006 0.041715 0.362612
vn -0.988750 0.122628 0.085651
vn 0.353122 0.896074 -0.268992
vn -0.837532 0.168091 -0.519890
vn -0.746784 0.132490 -0.651736
vn -0.261927 -0.025947 -0.964739
vn -0.595417 0.064634 -0.800813
vn -0.481534 0.023123 -0.876122
vn 0.336018 0.861627 -0.380383
vn -0.283730 -0.007481 -0.958875
vn -0.255370 0.020701 -0.966622
vn 0.083001 0.065788 -0.994376
vn 0.292636 0.139217 -0.946035
vn 0.255732 0.127240 -0.958338
vn 0.551331 0.111868 -0.826752
vn -0.587244 0.250834 -0.769563
vn 0.788992 0.129954 -0.600503
vn 0.868905 0.055132 -0.491900
vn 0.991427 0.066420 -0.112518
vn -0.739858 0.005093 -0.672744
vn 0.927323 0.013952 0.374002
vn 0.758675 0.021572 0.651112
vn 0.556050 -0.050931 0.829587
vn 0.106499 -0.276830 0.954999
vn -0.052679 -0.286227 0.956713
vn 0.016337 -0.191332 0.981390
vn -0.069303 -0.185417 0.980213
vn -0.234002 -0.149854 0.960618
vn -0.886147 0.084539 -0.455628
vn -0.715347 0.043313 0.697426
vn -0.920937 0.055642 0.385718
vn -0.993584 0.041107 0.105357
vn -0.170231 0.977702 -0.122968
vn -0.878736 0.192169 -0.436914
vn -0.694375 0.281740 -0.662168
vn -0.967139 0.189299 -0.169727
vn -0.479467 0.273498 -0.833853
vn -0.377416 0.259179 -0.889035
vn -0.305111 0.917075 -0.256672
vn -0.296005 0.247199 -0.922645
vn -0.144638 0.219758 -0.964773
vn -0.111516 0.190148 -0.975401
vn -0.011104 0.178090 -0.983952
vn 0.300121 0.230269 -0.925691
vn 0.487608 0.325778 -0.810005
vn -0.588848 0.297406 -0.751537
vn 0.747016 0.354173 -0.562609
vn 0.903971 0.257793 -0.341144
vn 0.993534 0.106679 -0.038856
vn -0.962803 0.214092 0.164848
vn 0.920201 0.028371 0.390416
vn 0.679492 -0.026726 0.733196
vn 0.376822 -0.129589 0.917176
vn -0.635318 0.244007 -0.732688
vn 0.243564 -0.030092 0.969418
vn 0.097276 -0.012286 0.995182
vn -0.173951 0.022402 0.984499
vn -0.326964 0.006533 0.945014
vn -0.400965 -0.019326 0.915890
vn -0.852313 0.188403 0.487921
vn -0.807518 -0.177443 0.562520
vn -0.918864 -0.231021 0.319872
vn -0.971722 -0.221735 0.081181
vn -0.356189 0.911502 -0.205652
vn -0.871367 -0.188388 -0.453022
vn -0.738070 -0.191024 -0.647119
vn -0.564265 0.113135 0.817806
vn -0.563332 -0.120282 -0.817429
vn -0.468921 -0.087424 -0.878903
vn -0.263739 0.963670 -0.042211
vn -0.149480 -0.015674 -0.988640
vn -0.084573 0.010314 -0.996364
vn 0.112564 -0.049712 -0.992400
vn -0.024382 -0.087049 -0.995906
vn 0.555352 -0.076394 -0.828099
vn 0.641997 -0.101008 -0.760024
vn -0.677516 0.096307 -0.729175
vn 0.672209 -0.159055 -0.723075
vn 0.866547 -0.129704 -0.481947
vn 0.988211 -0.150979 -0.025388
vn -0.016666 -0.052165 0.998499
vn 0.920334 -0.111617 0.374869
vn 0.788913 -0.077367 0.609616
vn 0.596874 0.002339 0.802332
vn -0.662158 -0.092759 -0.743601
vn 0.521605 -0.205613 0.828041
vn 0.855850 -0.269804 0.441278
vn 0.958660 -0.279671 0.052494
vn 0.917328 -0.294459 -0.267962
vn 0.776899 -0.283810 -0.562032
vn 0.363145 -0.175399 -0.915074
vn -0.259441 -0.019007 -0.965572
vn -0.669721 0.009230 -0.742555
vn -0.933854 0.129120 -0.333534
vn -0.973507 0.206932 -0.097281
vn -0.965258 0.226893 0.129601
vn -0.873530 0.198504 0.444456
vn -0.642865 0.114857 0.757319
vn -0.169426 -0.058330 0.983815
vn 0.510825 -0.245693 0.823828
vn 0.831786 -0.307121 0.462394
vn 0.950745 -0.307562 0.038586
vn 0.900185 -0.347625 -0.262344
vn 0.703756 -0.352773 -0.616668
vn 0.288011 -0.202491 -0.935974
vn -0.223744 -0.070110 -0.972123
vn -0.649753 0.003767 -0.760136
vn -0.329172 0.941169 0.076464
vn -0.946817 0.135909 -0.291660
vn -0.982284 0.176438 -0.063151
vn -0.973220 0.199391 0.114399
vn -0.904975 0.183556 0.383833
vn -0.703291 0.112840 0.701890
vn -0.457271 0.888870 0.028505
vn -0.277926 -0.005419 0.960587
vn 0.476813 -0.246437 0.843752
vn -0.923548 -0.223309 0.311757
vn -0.991015 -0.126872 -0.042352
vn -0.899673 -0.087936 -0.427617
vn -0.726862 -0.123952 -0.675506
vn -0.198109 0.978864 0.050783
vn -0.609941 -0.143437 -0.779357
vn -0.426811 -0.076719 -0.901081
vn -0.077233 0.032568 -0.996481
vn -0.618689 -0.155720 -0.770048
vn 0.249655 0.074661 -0.965452
vn 0.190306 0.981673 -0.010114
vn 0.595270 0.115762 -0.795143
vn 0.821713 0.195352 -0.535374
vn 0.911728 0.260712 -0.317460
vn 0.969825 0.239699 -0.044529
vn 0.967647 0.135744 0.212682
vn 0.857970 0.052163 0.511044
vn 0.703643 0.021584 0.710226
vn 0.501436 -0.015911 0.865048
vn 0.081425 -0.116967 0.989792
vn -0.273016 -0.222409 0.935947
vn -0.499050 -0.269755 0.823518
vn 0.740875 0.229240 0.631310
vn 0.862128 0.289962 0.415520
vn 0.941445 0.299427 0.154998
vn 0.916131 0.370835 -0.152270
vn 0.709602 0.425175 -0.561864
vn 0.467040 0.407493 -0.784744
vn 0.259978 0.340842 -0.903459
vn -0.149220 0.260512 0.953870
vn -0.623657 -0.060704 -0.779338
vn -0.073988 0.275340 -0.958496
vn -0.485186 0.196555 -0.852033
vn -0.648964 0.144536 -0.746964
vn -0.710548 0.114438 -0.694281
vn -0.336119 0.069246 0.939271
vn -0.372376 0.134968 0.918215
vn -0.463503 0.014071 0.885984
vn -0.527368 -0.022546 0.849338
vn -0.595985 -0.047502 0.801590
vn -0.644581 -0.077405 0.760607
vn -0.666293 -0.088644 0.740402
vn -0.660389 -0.118776 0.741470
vn -0.653485 -0.115602 0.748060
vn -0.735084 -0.038748 0.676868
vn -0.797751 0.001337 0.602986
vn -0.814505 0.031619 0.579294
vn -0.618433 -0.255958 0.742984
vn -0.234013 0.527490 -0.816696
vn -0.234596 0.715372 -0.658185
vn -0.220740 0.863544 -0.453393
vn -0.189303 0.845475 -0.499336
vn -0.188988 0.883770 -0.428058
vn -0.142298 -0.926134 0.349322
vn 0.110261 -0.985253 0.130836
vn -0.155518 0.383426 0.910384
vn -0.064525 0.512241 0.856415
vn -0.041632 0.461403 0.886213
vn -0.209718 -0.156399 0.965172
vn -0.045508 -0.993238 0.106805
vn 0.174777 -0.918394 -0.354971
vn 0.237518 -0.130478 0.962580
vn -0.100763 -0.106945 0.989146
vn -0.538462 -0.116107 0.834613
vn -0.688130 0.061147 0.723006
vn -0.900009 0.262849 0.347700
vn -0.936789 0.349894 -0.000203
vn -0.790408 0.477559 -0.383656
vn -0.604633 0.469870 -0.643150
vn 0.361716 0.842341 -0.399529
vn -0.195948 0.447186 -0.872713
vn 0.187755 0.395308 -0.899155
vn 0.502879 0.486384 -0.714523
vn 0.777361 0.414912 -0.472819
vn 0.947570 0.295756 0.120994
vn 0.828305 0.265281 0.493495
vn 0.585099 0.056647 0.808981
vn 0.091798 0.579234 0.809976
vn 0.138698 0.355836 0.924199
vn 0.004588 0.966459 0.256782
vn -0.022782 0.983669 0.178542
vn 0.028446 0.992620 -0.117885
vn -0.094200 -0.993542 -0.063254
vn -0.016668 -0.983019 -0.182746
vn -0.877949 0.072723 -0.473198
vn -0.048254 0.373576 0.926343
vn -0.029686 0.758413 0.651098
vn -0.032748 0.926082 0.375899
vn -0.093767 0.993161 0.069563
vn -0.081072 0.995695 -0.044935
vn 0.536099 0.751466 -0.384573
vn 0.478780 -0.422329 -0.769680
vn 0.507202 0.238029 -0.828305
vn -0.058929 0.506008 0.860513
vn -0.231849 0.738617 0.633002
vn -0.354669 0.848161 0.393488
vn -0.541815 0.832258 -0.117403
vn -0.567673 0.819937 -0.073826
vn 0.373043 0.669452 -0.642396
vn 0.258122 0.916015 -0.307066
vn 0.165902 0.968433 -0.186047
vn -0.017569 0.724540 0.689009
vn -0.001587 0.352071 0.935972
vn 0.020343 0.947562 0.318924
vn 0.115821 0.988057 0.101633
vn 0.139371 0.989555 -0.036844
vn -0.156397 -0.987432 -0.022739
vn -0.203101 -0.978594 -0.033224
vn -0.251768 -0.958961 -0.130412
vn 0.111689 -0.575527 0.810120
vn 0.083653 0.005559 0.996479
vn 0.014346 -0.922498 0.385735
vn -0.207524 -0.687879 0.695526
vn -0.102818 -0.136548 0.985283
vn -0.212765 -0.963382 0.163177
vn -0.195296 0.674789 -0.711702
vn 0.004538 0.770761 -0.637108
vn -0.365775 0.540429 -0.757724
vn -0.419004 0.425407 -0.802162
vn -0.175797 0.542804 -0.821255
vn -0.004342 0.573696 -0.819057
vn 0.059031 0.489408 -0.870055
vn 0.056875 0.207517 -0.976577
vn 0.238221 0.625847 -0.742675
vn 0.199253 0.834228 -0.514161
vn 0.069715 0.873307 -0.482156
vn -0.023185 0.627559 -0.778224
vn 0.122840 0.430793 -0.894051
vn 0.130973 0.357878 -0.924537
vn -0.096903 0.443286 -0.891127
vn -0.178701 0.359809 -0.915753
vn -0.988892 -0.060434 0.135792
vn -0.899407 -0.145960 0.412022
vn 0.449648 0.884766 -0.122500
vn -0.657195 -0.063347 -0.751054
vn -0.555287 -0.029338 0.831141
vn -0.217286 0.022760 0.975843
vn 0.009808 0.001094 0.999951
vn 0.325149 0.046710 0.944509
vn 0.634822 0.145631 0.758810
vn 0.685519 0.558961 0.466504
vn 0.845419 0.482332 0.229394
vn 0.896504 0.441311 0.039060
vn 0.883168 0.453169 -0.121043
vn 0.024231 0.937256 0.347800
vn 0.833921 0.443298 -0.328729
vn 0.694218 0.403068 -0.596321
vn 0.374693 0.375662 -0.847634
vn -0.657713 -0.040094 -0.752201
vn 0.011076 0.391454 -0.920131
vn -0.697840 -0.035690 -0.715364
vn -0.249669 0.098301 -0.963329
vn -0.815918 0.293791 -0.497960
vn -0.925464 0.241773 -0.291653
vn 0.701250 0.517667 -0.490174
vn 0.667752 0.201316 -0.716645
vn 0.323214 -0.528147 -0.785235
vn -0.393483 -0.918421 -0.040905
vn -0.607905 -0.456028 0.649993
vn -0.022690 0.998711 -0.045395
vn -0.291023 0.233954 0.927670
vn 0.379681 0.787626 0.485270
vn 0.674789 0.721029 -0.157406
vn -0.978365 0.206869 -0.002822
vn -0.652180 -0.359969 0.667146
vn -0.469110 -0.882329 -0.037845
vn 0.285627 -0.640595 -0.712780
vn 0.798835 0.039658 -0.600242
vn 0.873354 0.376785 -0.308685
vn -0.950821 0.219010 0.219030
vn 0.772467 0.634601 0.023985
vn 0.375062 0.770848 0.514900
vn -0.267504 0.380554 0.885224
vn 0.386375 0.043882 -0.921297
vn 0.231450 -0.746524 -0.623805
vn -0.003372 -0.998160 0.060535
vn -0.218535 -0.680305 0.699591
vn -0.244554 0.182407 0.952324
vn -0.002268 0.897472 0.441066
vn 0.293966 0.854408 -0.428451
vn 0.388103 0.064572 -0.919351
vn 0.271136 -0.689208 -0.671921
vn 0.019673 -0.999801 0.003354
vn -0.212497 -0.682682 0.699136
vn -0.279200 0.122768 0.952352
vn -0.095402 0.877323 0.470322
vn 0.243890 0.866575 -0.435392
vn 0.066283 -0.343662 0.936751
vn -0.321057 0.347393 -0.881045
vn -0.393287 0.272664 -0.878055
vn -0.375689 0.050294 -0.925380
vn -0.229883 0.927390 0.295129
vn -0.154155 0.502760 0.850570
vn -0.090918 0.274602 0.957250
vn -0.064652 0.070147 0.995439
vn -0.020112 -0.371521 0.928207
vn -0.189666 0.897134 -0.398972
vn 0.175555 0.899863 -0.399283
vn -0.213382 -0.963181 -0.163555
vn 0.030670 -0.942032 0.334117
vn 0.631804 0.774498 -0.031241
vn 0.402832 -0.496100 -0.769162
vn 0.461176 0.225652 -0.858136
vn -0.246694 0.890613 -0.382034
vn -0.116521 0.954837 -0.273328
vn 0.324601 0.663580 -0.674015
vn 0.025592 -0.823821 -0.566272
vn 0.030234 -0.237083 -0.971019
vn 0.069098 0.442136 -0.894283
vn 0.166973 0.962994 0.211572
vn 0.180089 0.817530 0.547003
vn 0.145990 0.405917 0.902174
vn 0.007013 -0.941810 0.336072
vn -0.006813 -0.827937 -0.560780
vn -0.006933 -0.248496 -0.968608
vn -0.022875 0.330716 -0.943453
vn 0.062120 0.997549 -0.032213
vn 0.080575 0.868279 0.489490
vn 0.060322 0.338243 0.939123
vn 0.035968 -0.404880 0.913662
vn 0.243350 -0.433647 0.867600
vn 0.131158 -0.865309 0.483774
vn -0.076385 -0.962567 -0.260058
vn -0.163920 -0.724409 -0.669598
vn -0.217355 -0.124786 -0.968083
vn -0.163678 0.630743 -0.758533
vn 0.005481 0.999984 -0.001244
vn 0.252628 0.127170 0.959170
vn 0.313332 -0.363235 0.877430
vn 0.189103 -0.846681 0.497364
vn -0.030258 -0.958873 -0.282218
vn -0.144480 -0.667148 -0.730780
vn -0.192117 -0.005118 -0.981359
vn -0.094940 0.674239 -0.732385
vn 0.133105 0.986184 -0.098612
vn 0.358668 0.233388 0.903818
vn 0.156755 -0.971915 0.175525
vn 0.835503 0.545544 -0.065698
vn -0.444868 -0.368382 -0.816325
vn -0.410656 0.369597 -0.833523
vn 0.167978 0.979652 -0.109842
vn 0.538578 0.627227 0.562601
vn 0.586600 -0.101925 0.803437
vn 0.399305 -0.718223 0.569834
vn 0.412845 -0.612539 0.674059
vn 0.206022 -0.914882 0.347197
vn 0.057313 -0.657976 -0.750855
vn -0.479774 -0.371495 -0.794864
vn -0.465486 0.367201 -0.805286
vn 0.095539 0.995203 0.021057
vn 0.479036 0.536225 0.694973
vn 0.534808 -0.121824 0.836145
vn 0.295829 0.818036 0.493257
vn -0.050237 0.526582 0.848639
vn -0.281656 0.016274 0.959378
vn -0.795288 0.324817 0.511870
vn -0.241827 -0.577998 0.779383
vn 0.038875 -0.969468 0.242117
vn 0.301926 -0.950956 -0.067252
vn 0.380313 -0.914518 -0.137911
vn -0.232345 -0.671277 -0.703849
vn 0.486552 -0.856936 -0.170082
vn 0.427899 -0.853212 -0.298214
vn 0.407559 -0.909464 -0.082282
vn -0.451527 -0.693578 -0.561313
vn -0.347261 -0.277794 -0.895679
vn -0.107814 -0.993929 0.021948
vn -0.111752 -0.993638 -0.013946
vn 0.208043 0.967362 -0.144667
vn 0.251803 0.910202 -0.328828
vn 0.376329 0.684557 -0.624307
vn 0.526965 0.208979 -0.823793
vn 0.521970 -0.355952 -0.775142
vn 0.605164 0.787089 0.119447
vn -0.357865 0.341158 -0.869220
vn 0.099611 -0.972760 -0.209322
vn -0.019123 -0.996131 -0.085773
vn -0.142334 -0.987996 -0.060043
vn -0.268430 -0.941680 -0.202941
vn 0.466177 0.536268 -0.703630
vn 0.229280 0.938782 -0.257137
vn 0.184408 0.940538 -0.285275
vn 0.471868 0.144949 -0.869673
vn 0.345753 -0.442585 -0.827390
vn 0.537125 0.765072 0.355191
vn 0.129042 0.931109 -0.341152
vn 0.034371 -0.951191 -0.306682
vn 0.024140 -0.976865 -0.212490
vn 0.051608 -0.959354 -0.277447
vn 0.133101 -0.962474 -0.236493
vn -0.132477 -0.989280 -0.061445
vn -0.095353 -0.995378 -0.011452
vn -0.337422 -0.890061 -0.306493
vn 0.047405 0.665372 0.745005
vn 0.108047 0.374299 0.920992
vn -0.011256 0.963835 0.266260
vn 0.000465 0.989624 0.143678
vn 0.017164 0.995618 -0.091920
vn 0.156250 0.968767 -0.192555
vn 0.189033 0.936618 -0.294979
vn 0.365406 0.631686 -0.683704
vn 0.486397 0.145267 -0.861577
vn 0.472809 -0.381916 -0.794098
vn 0.306020 0.837676 0.452383
vn 0.550236 0.829603 -0.094864
vn 0.108985 -0.950218 -0.291905
vn -0.033821 -0.978452 -0.203686
vn -0.163914 -0.960328 -0.225615
vn -0.223995 -0.887389 -0.402948
vn 0.106229 0.776538 -0.621051
vn 0.476459 0.831378 0.286002
vn -0.401750 0.350082 0.846191
vn -0.394358 -0.327195 0.858735
vn -0.286785 -0.801587 0.524608
vn 0.613838 0.767398 0.185213
vn 0.219403 -0.523570 -0.823248
vn 0.259227 0.179510 -0.948988
vn 0.169672 0.810753 -0.560260
vn -0.668416 0.700884 0.248963
vn -0.481102 0.385395 0.787408
vn -0.486466 -0.217580 0.846173
vn -0.328769 -0.779226 0.533590
vn -0.682210 0.677749 0.274311
vn 0.329065 -0.541145 -0.773872
vn 0.367163 0.203584 -0.907604
vn -0.016660 0.858046 -0.513302
vn -0.180444 0.686494 0.704391
vn -0.182010 0.262515 0.947607
vn -0.151378 -0.171938 0.973408
vn -0.053300 -0.900543 0.431487
vn 0.039149 -0.939648 -0.339896
vn 0.075046 -0.316923 -0.945477
vn 0.041682 0.460955 -0.886444
vn -0.037893 0.457108 -0.888604
vn -0.090143 0.903581 -0.418826
vn -0.132047 0.679356 0.721830
vn -0.131715 0.269093 0.954065
vn -0.127924 -0.169645 0.977167
vn -0.061930 -0.925295 0.374158
vn -0.016104 -0.926240 -0.376590
vn 0.001768 -0.325885 -0.945408
vn -0.063167 0.430581 0.900339
vn -0.101367 0.863575 0.493926
vn -0.107109 0.780769 -0.615571
vn -0.081539 0.243909 -0.966364
vn -0.038799 -0.401014 -0.915250
vn 0.002677 -0.977793 -0.209557
vn 0.010210 -0.841480 0.540192
vn -0.020931 -0.178754 0.983671
vn -0.015566 -0.237619 0.971234
vn -0.081628 0.328800 0.940865
vn -0.130770 0.826377 0.547723
vn -0.094519 0.873878 -0.476869
vn -0.060356 0.409630 -0.910253
vn -0.009588 -0.329641 -0.944058
vn 0.039569 -0.958025 -0.283942
vn 0.040388 -0.853029 0.520298
vn 0.154765 0.390594 0.907460
vn -0.049015 0.902360 0.428187
vn -0.256462 0.912163 -0.319666
vn -0.308946 0.567988 -0.762851
vn -0.281995 0.031340 -0.958904
vn -0.128223 -0.758040 -0.639480
vn 0.130751 -0.930459 0.342272
vn 0.227103 -0.273911 0.934557
vn 0.089725 0.490984 0.866536
vn -0.096491 0.936838 0.336190
vn -0.245285 0.876948 -0.413277
vn -0.294355 0.490568 -0.820182
vn -0.292025 -0.134842 -0.946858
vn -0.141018 -0.863511 -0.484213
vn 0.086337 -0.887947 0.451769
vn 0.174202 -0.170563 0.969826
vn 0.086378 0.519292 0.850221
vn 0.409830 0.062178 0.910040
vn 0.551605 -0.304845 0.776403
vn 0.444120 -0.892250 0.081529
vn -0.164694 -0.693834 -0.701050
vn -0.613510 -0.083543 -0.785255
vn -0.724527 0.566947 -0.391960
vn -0.444250 0.846293 0.293988
vn 0.146591 0.578070 0.802712
vn -0.342479 0.912820 0.222415
vn -0.633546 0.653347 -0.414436
vn -0.622253 0.008270 -0.782772
vn -0.253965 -0.691196 -0.676572
vn 0.327777 -0.939275 0.101613
vn 0.527640 -0.369451 0.764920
vn 0.431202 0.059056 0.900320
vn -0.132825 0.771329 0.622422
vn -0.157171 0.344383 0.925580
vn -0.046014 0.998781 -0.017880
vn -0.020535 0.941570 -0.336190
vn -0.070603 0.964511 -0.254427
vn -0.107427 0.911483 -0.397062
vn -0.150778 0.843318 -0.515829
vn -0.209255 0.637869 -0.741172
vn -0.157688 0.149130 -0.976163
vn -0.047187 -0.077142 -0.995903
vn -0.023277 -0.274720 -0.961242
vn -0.266433 0.886243 0.378929
vn 0.389257 0.792804 -0.468978
vn -0.041985 -0.559835 -0.827540
vn -0.076831 -0.627476 -0.774836
vn -0.173056 -0.792032 -0.585437
vn -0.225614 -0.973370 -0.040613
vn -0.179396 -0.915270 0.360691
vn -0.115311 -0.844277 0.523355
vn -0.103080 -0.615279 0.781541
vn -0.117175 -0.351340 0.928886
vn -0.139091 -0.110046 0.984146
vn -0.197568 -0.775837 0.599202
vn -0.217235 -0.883718 0.414551
vn -0.216863 -0.974582 -0.056209
vn 0.368450 0.917706 -0.148527
vn -0.413352 0.901318 0.129486
vn -0.226980 -0.729350 -0.645390
vn -0.262887 -0.532716 -0.804428
vn -0.334665 -0.475634 -0.813494
vn -0.355633 -0.189118 -0.915292
vn -0.286360 -0.144661 -0.947139
vn -0.227128 -0.058155 -0.972127
vn -0.282892 0.574743 -0.767882
vn -0.256006 0.890630 -0.375817
vn -0.213664 0.927419 -0.306988
vn -0.177931 0.959965 -0.216350
vn -0.134881 0.970711 -0.198813
vn -0.069581 0.996975 0.034622
vn -0.061425 0.805462 0.589456
vn -0.093122 0.391593 0.915414
vn -0.146776 -0.022785 0.988907
vn -0.187179 -0.327374 0.926169
vn -0.202954 -0.587986 0.782996
vn 0.004719 -0.934873 0.354952
vn -0.001955 -0.891475 0.453065
vn 0.033486 -0.977036 -0.210428
vn 0.061719 -0.763444 -0.642918
vn 0.038602 -0.817187 -0.575078
vn -0.729729 0.671676 -0.127854
vn 0.416972 0.904760 -0.086852
vn -0.007017 -0.405697 -0.913981
vn -0.027125 0.202382 -0.978931
vn -0.012465 0.395314 -0.918461
vn 0.009764 0.520365 -0.853888
vn -0.007257 0.675880 -0.736976
vn -0.057632 0.757838 -0.649893
vn -0.092207 0.901363 -0.423134
vn -0.128978 0.887306 -0.442779
vn 0.427122 0.877590 0.217720
vn -0.825105 0.506944 0.249419
vn -0.186064 0.934810 -0.302508
vn -0.142184 0.900761 0.410383
vn -0.053964 0.590850 0.804974
vn 0.012427 0.332231 0.943116
vn 0.036906 0.066621 0.997096
vn -0.000555 -0.454496 0.890749
vn -0.015499 -0.883438 0.468292
vn 0.021871 -0.773318 0.633641
vn 0.032133 -0.979445 0.199135
vn -0.052783 -0.994146 0.094274
vn -0.118454 -0.975822 -0.183686
vn 0.129544 -0.720232 0.681530
vn -0.453856 0.450502 0.768806
vn 0.210500 -0.977011 -0.033750
vn 0.176163 -0.902448 -0.393133
vn 0.054493 -0.803081 -0.593373
vn -0.598645 -0.253669 -0.759787
vn 0.073969 -0.280334 -0.957048
vn 0.111914 -0.022978 -0.993452
vn 0.103825 0.778571 -0.618908
vn 0.109600 0.837972 -0.534594
vn 0.107860 0.985171 -0.133436
vn 0.154297 0.987751 0.023228
vn 0.099055 0.945192 0.311126
vn 0.100587 0.936296 0.336499
vn 0.146743 0.591478 0.792856
vn 0.073285 -0.005396 0.997297
vn 0.038854 -0.350249 0.935850
vn 0.193022 0.174932 0.965475
vn 0.142900 -0.523615 0.839885
vn 0.080671 -0.729369 0.679348
vn -0.182569 0.501047 0.845943
vn -0.020917 -0.999536 -0.022139
vn 0.059135 -0.946602 -0.316934
vn 0.062375 -0.850808 -0.521761
vn -0.294289 -0.213405 -0.931586
vn 0.131668 -0.155219 -0.979066
vn 0.191530 0.172699 -0.966173
vn 0.132740 0.313697 -0.940199
vn 0.090794 0.530603 -0.842744
vn 0.010568 0.985688 -0.168247
vn -0.027547 0.983754 0.177396
vn 0.132662 0.924679 0.356888
vn 0.178466 0.883052 0.434015
vn 0.197084 0.681535 0.704747
vn 0.003190 -0.331319 0.943513
vn -0.001787 0.216530 0.976274
vn 0.018589 0.591147 0.806349
vn 0.021680 0.891435 0.452629
vn 0.021061 0.959935 0.279432
vn 0.171541 0.984324 -0.041000
vn 0.144916 0.851905 -0.503247
vn 0.033955 0.449170 -0.892801
vn 0.045360 0.305802 -0.951014
vn -0.031282 0.391945 -0.919456
vn -0.030182 -0.077865 -0.996507
vn -0.809635 0.319482 0.492364
vn -0.032260 -0.735079 -0.677214
vn -0.042203 -0.966069 -0.254811
vn 0.061542 -0.959867 -0.273620
vn 0.171847 0.541062 0.823238
vn 0.012059 -0.649492 0.760273
vn 0.191323 -0.397189 0.897573
vn 0.179984 0.080430 0.980376
vn 0.099470 0.699212 0.707961
vn 0.054464 0.843977 0.533607
vn 0.027095 0.900545 0.433917
vn 0.038698 0.983917 -0.174382
vn 0.039941 0.984891 -0.168507
vn -0.001456 0.338571 -0.940940
vn -0.016026 0.568223 -0.822718
vn 0.053709 0.115788 -0.991821
vn 0.074484 -0.137300 -0.987725
vn -0.940062 0.254200 0.227302
vn 0.038293 -0.676634 -0.735323
vn 0.133798 -0.984445 -0.113873
vn 0.181021 -0.974858 0.129938
vn 0.389279 0.567680 0.725397
vn 0.192537 -0.726652 0.659474
vn -0.120904 -0.184922 0.975288
vn -0.094665 0.055587 0.993956
vn -0.100788 0.530680 0.841558
vn -0.114783 0.842422 0.526451
vn -0.106338 0.993765 0.033523
vn -0.112220 0.990174 -0.083434
vn -0.072855 0.855422 -0.512783
vn -0.082917 0.876665 -0.473903
vn -0.067694 0.290556 -0.954461
vn 0.014689 0.086561 -0.996138
vn -0.010623 -0.320609 -0.947152
vn -0.815742 0.358219 -0.454141
vn 0.444110 0.806671 0.389934
vn -0.216684 -0.929996 -0.296909
vn -0.297215 -0.954604 0.019877
vn -0.251370 -0.965271 -0.071165
vn -0.285148 -0.910699 0.298862
vn -0.238161 -0.249837 0.938542
vn 0.077448 -0.391440 0.916939
vn 0.070347 0.077856 0.994480
vn 0.125559 0.687141 0.715593
vn 0.127466 0.829459 0.543829
vn 0.116195 0.872461 0.474670
vn 0.053148 0.978780 -0.197902
vn 0.061028 0.970485 -0.233314
vn 0.050581 0.543128 -0.838125
vn 0.029651 0.625388 -0.779751
vn 0.096098 -0.181817 -0.978625
vn 0.090169 -0.170654 -0.981197
vn -0.976567 0.214292 -0.019895
vn 0.198694 -0.719976 -0.664947
vn 0.150856 -0.986760 0.059554
vn 0.140255 -0.983141 0.117317
vn 0.476539 0.578731 0.661801
vn 0.125682 -0.782620 0.609680
vn 0.236951 -0.800395 0.550656
vn -0.892823 0.406648 -0.193658
vn -0.277526 0.020680 -0.960496
vn -0.422581 0.096262 -0.901199
vn 0.701644 0.297105 0.647630
vn -0.833149 0.076799 -0.547690
vn -0.967679 0.014314 -0.251778
vn -0.909351 0.264683 -0.320973
vn -0.996189 -0.003130 0.087169
vn -0.946113 0.011263 0.323641
vn -0.725666 0.046721 0.686459
vn -0.410176 0.106149 0.905808
vn 0.853788 0.323277 0.408091
vn -0.071662 0.000956 0.997429
vn -0.058241 -0.043452 0.997356
vn -0.027377 -0.033071 0.999078
vn 0.007852 0.027287 0.999597
vn 0.022358 0.041055 0.998907
vn -0.930151 0.244896 -0.273578
vn 0.135268 0.044685 0.989801
vn 0.633167 0.063543 0.771402
vn 0.903600 0.035741 0.426883
vn 0.940784 0.316159 0.122345
vn 0.999146 0.016481 -0.037903
vn 0.980376 0.088186 -0.176310
vn 0.858592 0.143291 -0.492227
vn -0.813210 0.310857 -0.491994
vn 0.357078 0.038641 -0.933275
vn 0.144565 -0.024417 -0.989194
vn 0.946287 0.299303 -0.122308
vn -0.014553 -0.985174 -0.170938
vn -0.051240 -0.998344 0.026156
vn -0.729625 0.186685 -0.657872
vn -0.396440 -0.902605 0.167747
vn -0.429406 -0.899067 -0.085379
vn -0.384207 -0.890240 -0.244658
vn -0.267991 -0.920097 -0.285662
vn 0.819424 0.348802 -0.454842
vn 0.121917 -0.949016 -0.290697
vn 0.084374 -0.978963 -0.185773
vn 0.044673 -0.986655 -0.156574
vn 0.115492 -0.987297 -0.109114
vn -0.458046 0.285045 -0.841988
vn -0.054554 -0.998419 0.013550
vn -0.186346 -0.980858 -0.056496
vn 0.568030 0.422637 -0.706201
vn 0.083767 -0.996479 -0.003443
vn -0.058653 -0.976616 -0.206834
vn -0.001697 -0.973590 -0.228297
vn -0.604614 0.062721 -0.794045
vn 0.068093 -0.995764 -0.061779
vn -0.034034 -0.992005 0.121525
vn -0.140995 -0.989835 0.018626
vn 0.272341 0.429353 -0.861096
vn 0.004431 -0.991851 0.127326
vn -0.002885 -0.999580 -0.028846
vn 0.063172 -0.979549 -0.191029
vn -0.608766 0.325942 -0.723302
vn 0.182584 -0.979796 -0.081627
vn 0.168614 -0.985477 -0.020110
vn 0.137628 -0.986059 0.093523
vn 0.214096 -0.452038 -0.865924
vn -0.239221 0.582507 -0.776826
vn 0.801559 -0.566488 -0.191296
vn 0.869100 -0.492037 0.050649
vn 0.791473 -0.522623 0.316914
vn 0.420535 -0.499909 0.757127
vn 0.078391 0.324956 -0.942475
vn -0.231614 -0.630422 0.740893
vn -0.591369 -0.490039 0.640426
vn -0.827321 -0.407702 0.386419
vn -0.966249 -0.256749 0.021060
vn 0.007249 0.790171 -0.612843
vn -0.955229 -0.164153 -0.246154
vn -0.691410 -0.214860 -0.689773
vn -0.069636 0.379705 -0.922483
vn -0.134485 -0.315862 -0.939226
vn 0.481118 0.277626 -0.831534
vn 0.811649 0.011339 -0.584036
vn 0.980366 -0.184203 -0.070364
vn 0.984557 -0.139023 0.106393
vn -0.420012 0.314755 -0.851187
vn 0.629099 -0.250793 0.735756
vn 0.344833 -0.308695 0.886452
vn -0.055040 -0.363859 0.929826
vn 0.722668 0.295531 -0.624830
vn -0.791435 -0.241005 0.561736
vn -0.947833 -0.243703 0.205478
vn -0.956970 -0.276391 -0.088408
vn -0.650094 0.278201 -0.707094
vn -0.737256 -0.365346 -0.568310
vn -0.308634 0.101832 -0.945714
vn 0.104962 -0.134190 -0.985381
vn -0.726440 0.244876 -0.642122
vn -0.897360 0.136054 -0.419803
vn -0.986119 -0.005446 0.165949
vn -0.925392 0.015428 0.378697
vn -0.719676 -0.290703 0.630522
vn -0.740218 -0.279354 0.611587
vn -0.573245 0.119544 0.810616
vn -0.195133 0.212304 0.957523
vn 0.221809 0.245415 0.943701
vn 0.417821 0.176166 0.891286
vn 0.543754 0.226887 0.807994
vn -0.206192 -0.133073 0.969421
vn -0.478846 -0.233275 0.846339
vn 0.852114 0.354641 -0.384880
vn -0.791595 -0.240479 0.561736
vn -0.884913 -0.323498 0.335079
vn -0.951564 -0.299176 -0.070845
vn 0.530828 0.259913 0.806640
vn 0.931443 0.178821 0.316917
vn 0.977724 0.209432 0.013958
vn 0.921120 0.330796 -0.205213
vn 0.001060 0.828243 -0.560367
vn 0.300155 0.334771 -0.893216
vn -0.154682 0.420781 -0.893878
vn -0.877813 -0.236504 -0.416545
vn -0.675702 0.473827 -0.564726
vn -0.924539 0.337989 -0.176040
vn 0.286788 0.653356 -0.700627
vn -0.884402 0.449629 0.125164
vn -0.823071 0.465270 0.325697
vn -0.673263 0.310030 0.671266
vn -0.109926 0.213259 0.970792
vn -0.083315 -0.789438 0.608150
vn -0.313743 0.074804 0.946557
vn -0.445380 -0.014520 0.895224
vn -0.582216 -0.084433 0.808638
vn -0.780156 -0.115939 0.614748
vn -0.960242 -0.009714 0.279001
vn 0.564886 0.661127 -0.493776
vn -0.986855 -0.002055 -0.161597
vn -0.967629 -0.036333 -0.249747
vn -0.908664 -0.072123 -0.411252
vn -0.723825 -0.075041 -0.685891
vn -0.580603 -0.031584 -0.813574
vn 0.521792 0.772136 -0.362684
vn 0.001313 0.003488 -0.999993
vn 0.291208 0.025854 -0.956310
vn 0.623639 0.070250 -0.778549
vn 0.788978 0.118357 -0.602913
vn 0.999112 0.019502 -0.037360
vn 0.999357 -0.002188 0.035776
vn 0.996965 0.016431 0.076092
vn 0.432112 0.885392 -0.171346
vn 0.879660 0.080467 0.468746
vn 0.691985 0.044112 0.720563
vn 0.579254 0.043072 0.814009
vn 0.398467 0.067308 0.914710
vn 0.142651 0.129984 0.981201
vn 0.092428 0.197858 0.975863
vn 0.099939 0.162133 0.981695
vn -0.163041 0.101695 0.981364
vn -0.664674 0.085108 0.742270
vn -0.384632 0.063346 0.920894
vn -0.277917 0.079902 0.957276
vn -0.186826 0.093393 0.977944
vn 0.160214 0.146906 0.976089
vn 0.241750 0.367050 0.898238
vn 0.085580 0.192359 0.977586
vn 0.405332 0.184057 0.895449
vn 0.597569 0.155944 0.786506
vn 0.724724 0.156330 0.671071
vn 0.830693 0.111614 0.545428
vn 0.516351 0.854541 -0.056049
vn 0.989611 0.133450 0.053487
vn 0.989729 0.133482 0.051171
vn 0.982985 0.172818 -0.062250
vn 0.797635 0.135607 -0.587698
vn 0.609370 0.135002 -0.781308
vn 0.279058 0.172633 -0.944629
vn -0.003088 0.135994 -0.990705
vn 0.429611 0.898815 -0.086978
vn -0.538452 0.057697 -0.840679
vn -0.706517 -0.019540 -0.707427
vn -0.910406 -0.042479 -0.411530
vn -0.971907 0.003764 -0.235333
vn -0.984147 0.024127 -0.175707
vn 0.209741 0.808901 0.549261
vn -0.976011 0.028710 0.215820
vn -0.888643 0.134539 0.438420
vn 0.958921 -0.079345 -0.272352
vn 0.946503 0.021243 -0.321996
vn 0.915746 0.110132 -0.386367
vn 0.896897 0.191405 -0.398673
vn 0.844223 0.361847 -0.395416
vn -0.163503 0.978128 -0.128576
vn 0.072111 0.977910 -0.196193
vn 0.152415 0.910837 -0.383595
vn -0.080783 0.845537 -0.527769
vn 0.052303 0.880675 -0.470826
vn 0.370910 0.834776 -0.406908
vn 0.349968 0.930812 -0.105408
vn 0.519375 0.853667 0.038757
vn -0.231119 0.764142 -0.602222
vn -0.793695 -0.014307 -0.608147
vn -0.800194 -0.056530 -0.597071
vn -0.802374 -0.087253 -0.590409
vn -0.798542 -0.071198 -0.597714
vn -0.815750 -0.080654 -0.572755
vn -0.860807 -0.060256 -0.505352
vn -0.897425 0.000092 -0.441167
vn -0.905484 -0.094804 -0.413655
vn -0.873139 -0.265160 -0.409046
vn -0.828167 -0.407164 -0.385170
vn -0.781635 -0.522919 -0.340003
vn -0.709750 -0.642033 -0.289911
vn -0.574365 -0.787340 -0.224057
vn -0.789973 -0.550351 -0.270290
vn -0.894023 0.410940 -0.178472
vn -0.513365 0.857190 0.041008
vn -0.325174 0.945213 0.028871
vn -0.210272 0.974156 -0.082497
vn -0.093244 -0.788778 -0.607564
vn -0.108711 -0.631658 -0.767587
vn -0.123856 -0.381590 -0.915996
vn -0.101004 0.104811 -0.989350
vn -0.052692 0.465757 -0.883343
vn -0.048689 0.604057 -0.795453
vn -0.062436 0.853573 -0.517218
vn -0.055790 0.917349 -0.394154
vn -0.013160 0.929813 -0.367798
vn -0.186186 0.982231 0.023579
vn -0.115921 0.992584 -0.036601
vn -0.070195 0.997239 -0.024238
vn -0.042736 0.998429 0.036228
vn 0.003420 0.995155 0.098257
vn 0.089140 0.981792 0.167748
vn -0.048673 0.967730 0.247245
vn -0.448984 0.884849 0.124321
vn -0.402298 0.913827 -0.055461
vn -0.121581 0.991903 -0.036681
vn -0.115284 0.990566 -0.074092
vn -0.560120 0.633952 -0.533263
vn -0.577631 -0.388098 -0.718138
vn -0.196193 -0.793497 -0.576082
vn -0.011078 -0.785457 -0.618817
vn 0.015728 -0.715236 -0.698706
vn -0.399332 -0.672904 -0.622684
vn -0.591534 -0.755602 0.281343
vn -0.115926 -0.558660 0.821255
vn -0.099040 -0.611116 0.785320
vn -0.308000 -0.527063 0.792048
vn -0.651238 0.221201 0.725919
vn -0.363696 0.889265 0.277368
vn -0.124101 0.979566 0.158271
vn -0.112157 0.990429 0.080445
vn -0.397288 0.900089 -0.178894
vn -0.417581 0.877957 -0.234132
vn 0.036309 0.997522 -0.060258
vn 0.170857 0.983851 -0.053334
vn 0.085611 0.977365 -0.193466
vn 0.109338 0.931975 -0.345643
vn 0.032181 0.864715 -0.501230
vn -0.094148 0.794239 -0.600267
vn -0.172358 0.755350 -0.632249
vn -0.048533 0.967588 -0.247829
vn -0.095422 0.980099 0.174072
vn -0.085468 0.859790 0.503444
vn -0.094375 0.658939 0.746253
vn -0.089605 0.365980 0.926299
vn -0.089009 0.018457 0.995860
vn -0.036440 -0.475748 0.878827
vn -0.216445 0.585151 0.781505
vn -0.131759 0.984850 0.112738
vn -0.306502 0.862907 -0.401806
vn -0.326567 0.770649 -0.547223
vn -0.282170 0.687604 -0.669015
vn 0.188811 0.912866 -0.361974
vn -0.023579 0.529442 -0.848019
vn 0.028353 0.486654 -0.873135
vn 0.167885 0.681129 -0.712656
vn 0.239398 0.897687 -0.369929
vn 0.426537 0.874353 -0.231457
vn 0.207621 0.487993 -0.847795
vn 0.218025 0.741051 -0.635066
vn 0.184253 0.359072 -0.914942
vn 0.140127 0.248216 -0.958516
vn 0.113237 0.165998 -0.979603
vn -0.153327 0.256524 -0.954299
vn -0.261653 0.243657 -0.933900
vn -0.339554 0.925003 -0.170506
vn -0.310821 0.291378 -0.904704
vn -0.446570 0.287065 -0.847448
vn -0.517351 0.096526 -0.850312
vn -0.062706 0.896663 -0.438250
vn -0.137777 0.909857 -0.391380
vn -0.228969 0.874939 -0.426679
vn -0.251917 0.751897 -0.609253
vn -0.285660 0.548559 -0.785800
vn -0.275453 0.404471 -0.872083
vn -0.189547 0.244869 -0.950848
vn -0.101403 -0.270171 -0.957458
vn -0.096641 -0.626728 -0.773222
vn -0.232821 0.631948 -0.739213
vn -0.105972 0.563798 -0.819086
vn 0.282423 0.649165 -0.706274
vn 0.344263 0.805773 -0.481886
vn 0.224202 0.868516 -0.442055
vn 0.273004 0.860423 -0.430281
vn 0.313139 0.837485 -0.447843
vn 0.142284 0.879831 -0.453489
vn -0.161341 0.974644 -0.155041
vn -0.248100 0.942647 0.223299
vn -0.210079 0.956325 0.203248
vn -0.463012 0.881697 -0.090721
vn -0.787898 -0.191865 -0.585154
vn -0.241865 -0.906822 -0.345218
vn -0.040511 -0.986192 -0.160576
vn 0.020520 -0.989686 -0.141779
vn 0.025234 -0.956326 -0.291210
vn 0.064580 -0.910762 -0.407850
vn 0.208340 -0.869189 -0.448447
vn 0.314976 -0.809249 -0.495889
vn 0.312643 -0.792616 -0.523463
vn 0.161764 -0.819307 -0.550063
vn -0.081370 -0.801434 -0.592523
vn -0.126403 -0.762658 -0.634331
vn -0.023033 -0.769956 -0.637681
vn -0.173199 -0.738615 -0.651498
vn -0.189942 -0.827999 -0.527579
vn -0.122386 -0.987022 -0.103970
vn -0.077566 -0.939793 0.332826
vn -0.067568 -0.909757 0.409606
vn -0.032006 -0.710506 0.702963
vn -0.039421 -0.352834 0.934855
vn -0.146474 -0.031631 0.988709
vn -0.234595 0.271637 0.933370
vn -0.835254 -0.394930 -0.382598
vn -0.994437 -0.039323 -0.097716
vn -0.981471 -0.088151 -0.170131
vn -0.969594 -0.134614 -0.204369
vn -0.949978 -0.215972 -0.225607
vn -0.957248 -0.185009 -0.222369
vn -0.968023 -0.044812 -0.246828
vn -0.953335 0.168185 -0.250732
vn -0.954342 0.211021 -0.211429
vn -0.983955 0.089012 -0.154625
vn -0.994980 0.036630 -0.093125
vn -0.997797 -0.021270 -0.062840
vn -0.989585 0.122498 -0.075600
vn -0.966279 0.245506 -0.077660
vn -0.745017 -0.214829 -0.631505
vn 0.092591 0.316630 -0.944019
vn 0.051294 0.051425 -0.997359
vn -0.019879 0.002714 -0.999799
vn 0.030401 -0.035514 -0.998907
vn 0.092439 -0.099154 -0.990769
vn 0.133249 -0.094687 -0.986549
vn 0.206728 0.000084 -0.978399
vn 0.137002 0.130111 -0.981989
vn -0.039616 0.184588 -0.982017
vn -0.062975 0.175764 -0.982416
vn -0.012360 0.127897 -0.991710
vn -0.002667 -0.132748 -0.991146
vn -0.113535 -0.544032 -0.831348
vn -0.491763 -0.591565 -0.638921
vn -0.588575 -0.201844 -0.782840
vn -0.352451 -0.153426 -0.923168
vn -0.048433 -0.079303 -0.995673
vn 0.920727 0.381143 -0.083619
vn 0.302321 0.036101 -0.952522
vn 0.637921 0.148432 -0.755662
vn 0.842476 0.195370 -0.502061
vn 0.931569 0.212597 -0.294927
vn 0.971244 0.215832 -0.100505
vn 0.973665 0.195131 0.117900
vn 0.899431 0.108126 0.423476
vn -0.946998 0.035394 -0.319282
vn -0.844990 -0.368763 -0.387306
vn -0.449291 -0.859235 -0.244649
vn 0.130009 -0.987288 0.091433
vn 0.294311 -0.918965 0.262457
vn 0.209203 -0.920352 0.330433
vn 0.030292 -0.944283 0.327737
vn 0.927133 0.370724 0.054670
vn -0.157959 -0.916985 0.366316
vn 0.690267 -0.013080 0.723436
vn -0.188755 -0.924008 0.332536
vn -0.147903 -0.977205 0.152298
vn 0.899765 0.403990 0.164967
vn -0.131123 -0.964053 0.231102
vn -0.094755 -0.929672 0.355994
vn 0.056669 -0.946751 0.316942
vn 0.150766 -0.966540 0.207531
vn -0.042360 -0.993115 -0.109217
vn -0.292948 0.354472 -0.887993
vn -0.633190 0.342962 -0.693864
vn -0.314834 0.410954 -0.855568
vn 0.463204 -0.017846 0.886072
vn 0.129699 -0.027091 0.991183
vn -0.014821 -0.189288 0.981810
vn -0.148883 -0.257172 0.954828
vn 0.770826 0.455084 0.445786
vn -0.629239 -0.371420 0.682719
vn -0.876810 -0.346910 0.332953
vn -0.957153 -0.272092 -0.099121
vn -0.776604 -0.313196 -0.546621
vn -0.569794 -0.312527 -0.760041
vn -0.487347 -0.268441 -0.830923
vn -0.242505 -0.449707 -0.859625
vn 0.031032 -0.358826 -0.932888
vn 0.129969 -0.044463 -0.990521
vn 0.125654 0.045565 -0.991027
vn 0.081353 0.185792 -0.979216
vn 0.104015 0.357231 -0.928206
vn 0.117947 0.134903 -0.983814
vn 0.047420 -0.145250 -0.988258
vn 0.134420 -0.061855 -0.988992
vn 0.250242 -0.044299 -0.967169
vn 0.211377 -0.123825 -0.969529
vn 0.196232 -0.046166 -0.979470
vn 0.202109 0.048900 -0.978141
vn 0.184396 0.185002 -0.965284
vn -0.023689 0.381785 -0.923948
vn 0.149681 0.368724 -0.917409
vn 0.173935 0.438819 -0.881581
vn 0.210700 0.631374 -0.746306
vn 0.176101 0.858346 -0.481902
vn 0.071589 0.886088 -0.457955
vn 0.271459 0.916706 -0.293190
vn 0.183944 0.982297 -0.035444
vn 0.183114 0.981441 0.056953
vn 0.197848 0.954719 0.222189
vn 0.242868 0.963477 0.112811
vn 0.566107 0.821042 -0.073577
vn 0.360257 0.794242 0.489280
vn 0.406677 0.439262 0.801038
vn 0.412442 0.220566 0.883879
vn 0.516722 0.132050 0.845908
vn 0.583795 0.049466 0.810393
vn 0.592143 -0.019242 0.805603
vn 0.588894 -0.008515 0.808165
vn 0.611912 -0.021041 0.790646
vn 0.666904 -0.041016 0.744014
vn 0.683340 -0.009108 0.730043
vn 0.628730 -0.008335 0.777579
vn 0.542419 -0.030943 0.839538
vn 0.478716 -0.069272 0.875233
vn 0.404041 0.004170 0.914731
vn 0.340754 0.061614 0.938131
vn 0.233774 0.010089 0.972239
vn 0.068728 -0.072309 0.995012
vn -0.335837 -0.215394 -0.916962
vn 0.007884 -0.105365 -0.994402
vn 0.555997 0.452163 0.697435
vn 0.525812 0.039381 -0.849689
vn 0.771914 0.119606 -0.624375
vn 0.847321 0.177017 -0.500711
vn 0.944310 0.212259 -0.251445
vn 0.975310 0.218543 -0.031785
vn 0.977219 0.212210 0.003292
vn 0.962144 0.169534 0.213395
vn 0.758826 0.057002 0.648794
vn 0.177152 0.115567 0.977375
vn 0.184005 -0.373687 0.909121
vn 0.119461 -0.906426 0.405119
vn -0.012425 -0.984212 -0.176559
vn -0.086729 -0.937272 -0.337638
vn -0.147679 -0.935045 -0.322305
vn -0.234517 -0.963766 -0.127108
vn 0.426792 -0.073360 0.901370
vn -0.349073 -0.932776 -0.089872
vn -0.381564 -0.908374 -0.171072
vn -0.209624 -0.890143 0.404603
vn -0.350383 -0.884300 0.308617
vn -0.193755 -0.902623 0.384358
vn 0.012572 -0.992948 0.117885
vn 0.156510 -0.975751 -0.153017
vn 0.237484 -0.922158 -0.305329
vn 0.152140 -0.980979 -0.120553
vn -0.190869 -0.855352 0.481604
vn -0.450091 -0.272452 0.850405
vn -0.503663 0.162711 0.848439
vn 0.022665 -0.174560 0.984386
vn 0.974926 0.214350 0.059774
vn 0.974452 0.212643 -0.072289
vn 0.945244 0.188684 -0.266295
vn 0.833765 0.181034 -0.521596
vn 0.705141 0.170941 -0.688154
vn 0.439265 0.085964 -0.894235
vn 0.394583 0.448152 0.802162
vn -0.065008 -0.055553 -0.996337
vn -0.383849 -0.114652 -0.916251
vn -0.575095 -0.140349 -0.805958
vn -0.025228 -0.232136 0.972356
vn 0.074929 -0.136409 0.987815
vn 0.077112 0.042448 0.996118
vn 0.134461 -0.083381 0.987405
vn 0.255317 -0.211045 0.943543
vn 0.319785 -0.127359 0.938891
vn 0.326822 -0.048721 0.943829
vn 0.349643 -0.057663 0.935107
vn 0.415179 -0.002750 0.909735
vn 0.432664 0.077186 0.898245
vn 0.384514 0.033124 0.922525
vn 0.319250 0.073368 0.944826
vn 0.271387 0.131552 0.953438
vn 0.271584 0.209952 0.939235
vn 0.295868 0.282735 0.912427
vn 0.336686 0.481791 0.809024
vn 0.412438 0.774890 0.479000
vn 0.517536 0.839096 0.167552
vn 0.781302 0.607318 -0.143987
vn 0.914901 0.329978 -0.232530
vn 0.947496 -0.190892 -0.256537
vn 0.737458 -0.643068 -0.206443
vn 0.691748 -0.678708 -0.246659
vn 0.759184 -0.576381 -0.302365
vn 0.831334 -0.450004 -0.326159
vn 0.897436 -0.276188 -0.343989
vn 0.924865 -0.164438 -0.342907
vn 0.934427 -0.162694 -0.316823
vn 0.947987 -0.147970 -0.281825
vn -0.353623 -0.914339 0.197319
vn -0.240507 -0.898041 0.368346
vn -0.201932 -0.944402 0.259476
vn 0.075866 -0.992004 0.100861
vn 0.634978 -0.747695 -0.194306
vn 0.902525 -0.146316 -0.405019
vn 0.883924 0.187937 -0.428205
vn -0.720241 -0.184113 -0.668846
vn -0.849786 -0.234320 -0.472185
vn -0.942681 -0.323543 -0.081681
vn -0.859657 -0.378218 0.343424
vn -0.679922 -0.362603 0.637358
vn 0.143075 0.457376 0.877688
vn -0.319385 -0.279148 0.905577
vn -0.084076 -0.158576 0.983760
vn 0.090130 -0.122703 0.988342
vn 0.402784 -0.081836 0.911629
vn 0.705078 0.021680 0.708798
vn 0.869668 0.242577 -0.429923
vn 0.914273 0.109912 -0.389903
vn 0.920160 0.076628 -0.383972
vn 0.869881 0.284561 -0.402905
vn 0.836604 0.328686 -0.438246
vn 0.827192 0.261488 -0.497370
vn 0.796317 0.111897 -0.594439
vn 0.779066 -0.039989 -0.625665
vn 0.826604 -0.141874 -0.544608
vn 0.842840 -0.140445 -0.519516
vn 0.805462 -0.161950 -0.570090
vn 0.790754 -0.208444 -0.575551
vn 0.783026 -0.228658 -0.578434
vn 0.782250 -0.265480 -0.563565
vn 0.539457 -0.536816 -0.648702
vn 0.189824 -0.738491 -0.646991
vn 0.121886 -0.855467 -0.503309
vn 0.067402 -0.967723 -0.242834
vn 0.064123 -0.987645 -0.142986
vn 0.021384 -0.977533 -0.209693
vn -0.061155 -0.952154 -0.299439
vn 0.004906 -0.899316 -0.437272
vn 0.110399 -0.878620 -0.464585
vn 0.057864 -0.979200 -0.194471
vn 0.162597 -0.982811 -0.087438
vn 0.095061 -0.942197 -0.321292
vn -0.085166 -0.956620 -0.278614
vn -0.002549 -0.994208 -0.107446
vn 0.014179 -0.995746 -0.091042
vn 0.139085 -0.982798 -0.121507
vn 0.486346 -0.848050 -0.210423
vn 0.668906 -0.687928 -0.281637
vn 0.810285 -0.411833 -0.416932
vn 0.806323 0.155717 -0.570609
vn 0.700202 0.498378 -0.511210
vn 0.641052 0.716236 -0.275785
vn 0.337868 0.924036 -0.178892
vn 0.034648 0.948333 -0.315378
vn -0.114491 0.896602 -0.427780
vn -0.238149 0.804861 -0.543585
vn -0.100300 0.722433 -0.684128
vn 0.088976 0.790583 -0.605856
vn 0.069320 0.878524 -0.472641
vn 0.030103 0.861017 -0.507684
vn 0.085733 0.881068 -0.465155
vn 0.069537 0.828827 -0.555167
vn 0.100975 0.731362 -0.674473
vn 0.071770 0.748928 -0.658753
vn 0.065909 0.795259 -0.602677
vn 0.106910 0.835739 -0.538619
vn 0.081978 0.859236 -0.504969
vn -0.133862 -0.980229 0.145713
vn 0.542712 -0.835145 0.089425
vn 0.987731 -0.146902 0.052982
vn 0.980337 0.186429 0.064681
vn 0.936840 0.153940 0.314060
vn 0.455843 0.428316 0.780226
vn 0.284737 0.428147 0.857680
vn -0.221754 0.336025 0.915376
vn -0.501054 0.325115 0.802026
vn -0.776196 0.365602 0.513668
vn -0.927141 0.264896 0.265026
vn -0.981185 0.178190 0.074332
vn -0.930879 0.186598 -0.314080
vn -0.792719 0.267593 -0.547714
vn 0.951750 0.306305 -0.018683
vn 0.972525 0.232753 -0.004548
vn 0.998360 0.049170 -0.029321
vn 0.989998 0.077183 -0.118094
vn 0.962425 0.182886 -0.200727
vn 0.963673 0.143145 -0.225485
vn 0.981614 0.039832 -0.186674
vn 0.984698 -0.041909 -0.169153
vn 0.974567 -0.145557 -0.170389
vn 0.984378 -0.159121 -0.075373
vn 0.982301 -0.183035 -0.039791
vn 0.947749 -0.268508 -0.172265
vn 0.908343 -0.311932 -0.278587
vn 0.896387 -0.297121 -0.328953
vn 0.632223 -0.702467 -0.326854
vn 0.250884 -0.936132 -0.246402
vn 0.191487 -0.951633 -0.240266
vn 0.117589 -0.970670 -0.209695
vn 0.030118 -0.944487 -0.327165
vn -0.034689 -0.865859 -0.499084
vn 0.018425 -0.885016 -0.465197
vn 0.075421 -0.987635 -0.137433
vn 0.124091 -0.984022 0.127675
vn 0.171919 -0.981504 0.084225
vn 0.166538 -0.985988 0.009679
vn 0.052120 -0.996995 0.057314
vn 0.012985 -0.999284 0.035536
vn 0.035661 -0.998669 -0.037260
vn -0.019559 -0.997339 -0.070237
vn 0.139076 -0.980799 -0.136715
vn 0.438389 -0.886102 -0.150457
vn 0.290733 -0.956686 -0.015030
vn 0.016831 -0.994941 0.099037
vn 0.068209 -0.994234 0.082740
vn 0.498255 -0.854645 0.146027
vn 0.934062 0.119006 0.336700
vn 0.487562 0.788165 0.375605
vn 0.324250 0.752855 0.572775
vn 0.176531 0.660561 0.729723
vn 0.405151 0.558871 0.723544
vn 0.991008 0.063560 -0.117745
vn 0.916416 -0.268964 -0.296378
vn 0.294654 0.616968 -0.729746
vn 0.704553 0.709356 -0.020449
vn 0.008077 0.823909 -0.566664
vn 0.125114 0.933214 -0.336835
vn 0.233822 0.938367 -0.254549
vn 0.504784 0.465559 -0.726945
vn 0.448544 -0.524248 -0.723859
vn 0.471677 0.877058 0.091050
vn 0.206065 0.967717 0.145126
vn 0.212004 0.962005 0.172046
vn 0.135571 0.964222 0.227808
vn 0.057929 0.976089 0.209510
vn 0.061272 0.988696 0.136842
vn 0.090354 0.992858 0.077902
vn 0.072264 0.995213 0.065795
vn 0.011032 0.989402 0.144786
vn 0.060929 0.951099 0.302818
vn 0.075249 0.871330 0.484894
vn 0.016493 0.856535 0.515825
vn 0.053081 0.958239 0.280998
vn 0.128810 0.989857 0.059930
vn 0.151364 0.983879 0.095244
vn 0.159539 0.958168 0.237618
vn 0.721894 -0.590491 -0.360818
vn 0.442198 -0.861809 -0.248489
vn 0.120863 -0.984128 -0.129941
vn -0.003560 -0.993950 -0.109778
vn -0.015026 -0.990598 -0.135980
vn -0.137361 -0.990348 -0.018508
vn 0.007028 -0.981111 0.193316
vn 0.124294 -0.934759 0.332830
vn 0.122512 -0.933383 0.337322
vn 0.220759 -0.924430 0.310958
vn 0.189914 -0.926860 0.323827
vn 0.049836 -0.927715 0.369947
vn -0.081826 -0.900158 0.427809
vn 0.002835 -0.895855 0.444337
vn 0.166933 -0.906912 0.386837
vn 0.205049 -0.912167 0.354832
vn 0.242006 -0.900958 0.360149
vn 0.644971 -0.708760 0.285783
vn 0.930479 -0.343095 0.128432
vn 0.961749 -0.258795 0.089798
vn 0.962939 -0.263112 0.059334
vn 0.971717 -0.235206 -0.021097
vn 0.980348 -0.190705 -0.050488
vn 0.988146 -0.150490 -0.030341
vn 0.999066 -0.037566 -0.021337
vn 0.998825 0.047364 0.010245
vn 0.997323 0.056406 0.046537
vn 0.995774 0.068008 0.061725
vn 0.995357 0.054336 0.079453
vn 0.995266 0.024038 0.094170
vn 0.963814 0.230876 0.133262
vn 0.936825 0.306011 0.169460
vn -0.636819 0.327538 -0.697983
vn -0.367900 0.371887 -0.852261
vn -0.051272 0.401517 -0.914415
vn -0.153311 0.443955 0.882836
vn 0.301495 0.427775 -0.852121
vn 0.657487 0.426025 -0.621461
vn 0.857558 0.385925 -0.340084
vn 0.922237 0.354820 -0.153564
vn 0.925684 0.374340 0.054567
vn 0.848418 0.408657 0.336432
vn 0.690180 0.443490 0.571811
vn 0.889234 0.152604 0.431249
vn 0.898465 -0.201089 0.390287
vn 0.623750 -0.714005 0.318013
vn -0.053332 -0.998474 0.014350
vn 0.373137 0.259067 -0.890872
vn 0.131712 0.318908 -0.938589
vn 0.211734 0.379657 -0.900572
vn 0.186630 0.316678 -0.929992
vn 0.051968 0.265139 -0.962809
vn 0.012006 0.502833 -0.864300
vn 0.050502 0.710759 -0.701621
vn 0.003725 0.642032 -0.766669
vn -0.008585 0.506499 -0.862198
vn 0.056709 0.320048 -0.945703
vn -0.157215 0.011983 -0.987492
vn -0.468286 -0.030608 -0.883047
vn -0.464991 0.110473 -0.878396
vn -0.331007 0.255429 -0.908400
vn -0.204295 0.481719 -0.852180
vn -0.190784 0.685813 -0.702326
vn -0.304286 0.755971 -0.579584
vn -0.296365 0.757471 -0.581726
vn -0.214644 0.763094 -0.609602
vn -0.146344 0.672133 -0.725824
vn -0.042219 -0.265679 -0.963137
vn -0.034770 -0.919965 -0.390454
vn -0.151923 -0.935467 -0.319092
vn -0.143715 -0.962351 -0.230710
vn 0.025861 -0.955733 -0.293095
vn 0.041690 -0.873048 -0.485849
vn -0.142649 -0.800091 -0.582672
vn -0.217057 -0.750119 -0.624667
vn -0.380151 -0.632582 -0.674778
vn -0.456759 -0.406815 -0.791121
vn -0.101707 -0.248474 -0.963284
vn 0.134835 -0.144802 -0.980231
vn 0.000747 -0.135065 -0.990837
vn 0.037599 -0.268697 -0.962491
vn 0.049573 -0.418031 -0.907079
vn -0.017454 -0.474787 -0.879927
vn 0.024375 -0.432392 -0.901356
vn 0.068864 -0.415695 -0.906893
vn 0.064550 -0.519594 -0.851972
vn 0.045733 -0.617241 -0.785444
vn 0.141221 -0.601575 -0.786234
vn 0.429877 -0.392258 -0.813228
vn 0.629919 -0.162776 -0.759412
vn 0.679659 -0.140713 -0.719905
vn 0.754992 -0.071637 -0.651809
vn 0.730422 -0.153440 -0.665537
vn 0.578724 -0.285635 -0.763866
vn 0.613582 -0.132087 -0.778505
vn 0.717230 0.059407 -0.694300
vn 0.714194 0.109443 -0.691338
vn 0.672184 0.260981 -0.692862
vn 0.640023 0.374062 -0.671154
vn 0.623140 0.256799 -0.738749
vn 0.635811 0.158801 -0.755332
vn 0.657225 0.115710 -0.744759
vn 0.604894 0.008584 -0.796259
vn 0.478537 0.433768 0.763444
vn 0.810110 0.108048 0.576235
vn 0.921580 0.174326 0.346844
vn 0.958971 0.272419 0.078502
vn 0.896824 0.348229 -0.272844
vn 0.735090 0.336078 -0.588807
vn 0.524805 0.241242 -0.816322
vn 0.274919 0.166971 -0.946858
vn -0.492208 0.395990 0.775192
vn -0.091242 0.142089 -0.985640
vn -0.511416 0.083662 -0.855251
vn 0.558397 0.206345 -0.803501
vn 0.604288 0.046371 -0.795415
vn 0.403084 -0.605526 -0.686194
vn -0.003011 -0.978646 -0.205532
vn 0.363452 0.930021 -0.054430
vn 0.208635 0.977211 -0.039116
vn 0.371314 0.388100 -0.843507
vn 0.087387 0.787637 -0.609911
vn -0.311741 0.946545 -0.082881
vn -0.408547 0.911702 0.043474
vn -0.235095 0.949413 -0.208197
vn -0.117443 0.897084 -0.425967
vn -0.130367 0.851981 -0.507082
vn -0.050316 0.866193 -0.497169
vn 0.100752 0.858722 -0.502440
vn 0.260500 0.859926 -0.438939
vn 0.333310 0.866700 -0.371129
vn 0.360631 0.842034 -0.401153
vn 0.436022 0.806305 -0.399697
vn 0.505221 0.853757 -0.125897
vn 0.384457 0.906578 0.174095
vn 0.601593 0.657322 0.453887
vn 0.773424 0.150074 0.615868
vn 0.770048 0.083588 0.632487
vn 0.772541 0.055934 0.632497
vn 0.803045 0.009266 0.595847
vn 0.793791 -0.030634 0.607419
vn 0.663444 -0.054535 0.746236
vn 0.569401 -0.037947 0.821183
vn 0.555099 -0.025070 0.831406
vn 0.464493 -0.058749 0.883626
vn 0.451836 0.032234 0.891518
vn 0.535457 0.127710 0.834851
vn 0.585266 0.065328 0.808206
vn 0.617343 -0.001545 0.786693
vn 0.636037 -0.100353 0.765105
vn 0.588536 -0.196529 0.784221
vn 0.462630 -0.055252 0.884828
vn 0.450566 0.029313 0.892262
vn 0.542493 -0.100955 0.833972
vn 0.555151 -0.114637 0.823812
vn 0.576895 -0.050247 0.815271
vn 0.586354 -0.067029 0.807277
vn 0.357735 -0.352594 0.864698
vn 0.270961 -0.498658 0.823359
vn 0.270440 -0.606720 0.747498
vn -0.269325 -0.606563 0.748028
vn -0.398316 -0.518052 0.756946
vn -0.475929 -0.362050 0.801505
vn -0.604389 -0.106166 0.789584
vn -0.585695 -0.080246 0.806549
vn -0.552449 -0.110188 0.826232
vn -0.530200 -0.133848 0.837241
vn -0.489383 -0.050802 0.870588
vn -0.480814 -0.154808 0.863048
vn -0.502000 -0.337910 0.796123
vn -0.551091 -0.260328 0.792798
vn -0.588267 -0.108400 0.801369
vn -0.550138 0.055409 0.833234
vn -0.508141 0.294576 0.809332
vn -0.415532 0.103211 0.903704
vn -0.356643 -0.183707 0.916001
vn -0.459084 -0.122145 0.879956
vn -0.559440 -0.060846 0.826635
vn -0.719024 0.017242 0.694771
vn -0.824936 0.006480 0.565189
vn -0.864094 0.053347 0.500496
vn -0.874890 0.017333 0.484012
vn 0.166256 0.935088 -0.313001
vn 0.237235 0.905412 -0.352064
vn 0.321686 0.909845 -0.262107
vn 0.365275 0.919009 -0.148310
vn 0.309086 0.932237 -0.188149
vn 0.123228 0.963295 -0.238491
vn -0.100027 0.750159 -0.653648
vn -0.236955 0.306348 -0.921956
vn -0.279662 0.107182 -0.954097
vn -0.294834 -0.004889 -0.955536
vn -0.292478 -0.076533 -0.953205
vn -0.289568 -0.109271 -0.950900
vn -0.297899 -0.095204 -0.949838
vn -0.303233 -0.092671 -0.948400
vn -0.301472 -0.160606 -0.939851
vn -0.295051 -0.277631 -0.914257
vn -0.284493 -0.416728 -0.863366
vn -0.270586 -0.572565 -0.773920
vn -0.253104 -0.712921 -0.653974
vn -0.226796 -0.813184 -0.535999
vn -0.395133 -0.420989 -0.816479
vn -0.409694 0.455711 -0.790240
vn -0.282189 0.720535 -0.633402
vn -0.255027 0.640640 -0.724253
vn -0.290220 0.462145 -0.837970
vn -0.303180 0.323437 -0.896365
vn -0.290749 0.249790 -0.923618
vn -0.292959 0.185990 -0.937861
vn -0.318734 0.114567 -0.940895
vn -0.348416 0.003992 -0.937332
vn -0.339195 -0.033534 -0.940118
vn -0.325791 -0.008511 -0.945403
vn -0.360995 -0.056135 -0.930877
vn -0.395179 -0.059602 -0.916669
vn -0.377458 -0.010739 -0.925965
vn -0.320661 0.151108 -0.935063
vn -0.281317 0.260619 -0.923547
vn -0.248597 0.175528 -0.952570
vn -0.192485 -0.060522 -0.979432
vn -0.016681 -0.478038 -0.878181
vn 0.439812 -0.513455 -0.736837
vn -0.632367 0.053292 -0.772833
vn -0.721621 0.040228 -0.691118
vn -0.896084 0.021694 -0.443354
vn -0.997659 -0.060044 0.032718
vn -0.917424 -0.188335 0.350518
vn -0.865299 -0.121606 0.486282
vn 0.801852 0.151030 -0.578120
vn 0.770842 0.302005 -0.560888
vn 0.737061 0.393208 -0.549662
vn 0.723516 0.421713 -0.546519
vn 0.729740 0.342599 -0.591698
vn 0.735212 0.104710 -0.669701
vn 0.551494 -0.580491 -0.599070
vn -0.019001 -0.997097 -0.073729
vn -0.240056 -0.940665 0.239839
vn -0.188106 -0.927146 0.324061
vn -0.088771 -0.907217 0.411189
vn 0.015108 -0.893036 0.449732
vn -0.870704 0.092443 0.483042
vn 0.347026 -0.889161 0.298273
vn 0.323070 -0.925367 0.198297
vn 0.200530 -0.976959 0.073060
vn 0.161325 -0.986687 -0.020565
vn -0.487743 -0.872120 -0.038904
vn -0.990854 -0.134092 -0.015091
vn -0.992833 0.118889 -0.012134
vn -0.956245 0.292409 0.009563
vn -0.908148 0.418423 0.013762
vn -0.909751 0.411895 -0.051927
vn -0.911197 0.388582 -0.136834
vn -0.901639 0.390590 -0.185706
vn -0.502649 -0.213316 0.837759
vn -0.268344 -0.212660 0.939557
vn -0.018510 -0.184400 0.982677
vn 0.389670 -0.033182 0.920356
vn 0.686120 0.087573 0.722198
vn 0.143532 0.879020 -0.454667
vn 0.130448 0.829142 -0.543605
vn 0.126245 0.847940 -0.514839
vn 0.168200 0.855739 -0.489305
vn 0.375660 0.750649 -0.543512
vn -0.126328 0.660330 -0.740274
vn -0.886524 0.261975 -0.381372
vn -0.990076 0.059442 -0.127342
vn -0.998250 -0.001279 -0.059130
vn -0.999560 0.005215 -0.029187
vn -0.999410 0.027958 -0.019953
vn -0.999113 -0.016460 -0.038766
vn -0.962472 -0.269769 -0.029547
vn -0.972377 -0.230329 0.037832
vn -0.994292 -0.032797 0.101525
vn -0.977185 -0.199210 0.073657
vn -0.955369 -0.293681 -0.031971
vn -0.923995 -0.360460 -0.127678
vn -0.805108 -0.565124 -0.180100
vn -0.643767 -0.752066 -0.141284
vn -0.487930 -0.872577 -0.023082
vn -0.403131 -0.909264 0.103555
vn -0.342458 -0.909796 0.234508
vn -0.250609 -0.907871 0.336104
vn -0.139591 -0.911138 0.387740
vn -0.001486 -0.893301 0.449457
vn 0.241708 -0.851438 0.465436
vn 0.505875 -0.786281 0.354757
vn 0.626277 -0.750516 0.210955
vn 0.666492 -0.739951 0.090883
vn 0.715846 -0.697199 0.038452
vn 0.792529 -0.608929 0.033206
vn 0.886033 -0.463553 0.008016
vn 0.943705 -0.330281 -0.018324
vn 0.966281 -0.255724 -0.030093
vn 0.988088 -0.152156 -0.023054
vn 0.998033 -0.061891 0.009974
vn 0.998352 -0.028789 0.049635
vn 0.991467 -0.079437 0.103357
vn 0.974139 -0.093112 0.205872
vn 0.949696 0.028377 0.311885
vn 0.934388 0.103099 0.341012
vn 0.923787 0.209713 0.320371
vn 0.312117 0.806394 0.502307
vn -0.485606 0.857786 0.168493
vn 0.018781 0.995597 -0.091835
vn 0.443460 0.850909 -0.281596
vn 0.363737 0.838818 -0.405067
vn -0.081256 -0.956485 0.280239
vn -0.226883 -0.968927 0.098517
vn -0.184170 -0.937690 0.294650
vn -0.203116 -0.890885 0.406287
vn -0.065664 -0.190099 0.979567
vn -0.236130 -0.257156 0.937077
vn -0.471824 -0.302220 0.828279
vn -0.591017 -0.290276 0.752621
vn -0.590858 -0.244058 0.768975
vn -0.575023 -0.201744 0.792873
vn -0.569796 -0.186418 0.800363
vn -0.563988 -0.203094 0.800419
vn -0.537934 -0.244480 0.806757
vn -0.459392 -0.334635 0.822787
vn -0.290414 -0.456771 0.840844
vn -0.118011 -0.516111 0.848353
vn -0.011053 -0.530510 0.847606
vn 0.033348 -0.540234 0.840854
vn 0.099740 -0.529742 0.842274
vn 0.278966 -0.450534 0.848055
vn 0.435692 -0.308447 0.845596
vn 0.502093 -0.174776 0.846969
vn 0.509424 -0.093081 0.855466
vn 0.506472 -0.111436 0.855025
vn 0.514193 -0.174391 0.839758
vn 0.512175 -0.163027 0.843267
vn 0.520799 -0.200686 0.829755
vn 0.469972 -0.304793 0.828388
vn 0.309032 -0.299106 0.902793
vn 0.135740 -0.216411 0.966820
vn 0.046399 -0.146551 0.988114
vn 0.006832 -0.140396 0.990072
vn 0.081359 -0.751130 0.655122
vn 0.194045 0.723954 -0.661994
vn 0.299745 0.756306 -0.581511
vn 0.135897 0.275725 -0.951582
vn 0.184699 0.319943 -0.929259
# 3404 normals

usemtl Default
f 1331/1/1331 9/2/9 20/3/20 1332/4/1332
f 1585/5/1585 24/6/24 10/7/10 1586/8/1586
f 1454/9/1454 3/10/3 18/11/18 1455/12/1455
f 1455/12/1455 18/11/18 12/13/12 1412/14/1412
f 1372/15/1372 18/11/18 3/10/3 1373/16/1373
f 1325/17/1325 14/18/14 21/19/21 1326/20/1326
f 1576/21/1576 15/22/15 22/23/22 1577/24/1577
f 1447/25/1447 16/26/16 23/27/23 1448/28/1448
f 1379/29/1379 23/27/23 16/26/16 1380/30/1380
f 1371/31/1371 12/13/12 18/11/18 1372/15/1372
f 1332/4/1332 20/3/20 17/32/17 1333/33/1333
f 1326/20/1326 21/19/21 5/34/5 1327/35/1327
f 1577/24/1577 22/23/22 6/36/6 1578/37/1578
f 1448/28/1448 23/27/23 7/38/7 1449/39/1449
f 1378/40/1378 7/38/7 23/27/23 1379/29/1379
f 1584/41/1584 8/42/8 24/6/24 1585/5/1585
f 1385/43/1385 42/44/42 26/45/26 1386/46/1386
f 1442/47/1442 42/44/42 34/48/34 1443/49/1443
f 1555/50/1555 36/51/36 44/52/44 1556/53/1556
f 1275/54/1275 44/52/44 36/51/36 1276/55/1276
f 1434/56/1434 38/57/38 46/58/46 1435/59/1435
f 1392/60/1392 46/58/46 38/57/38 1393/61/1393
f 1268/62/1268 40/63/40 48/64/48 1269/65/1269
f 1564/66/1564 48/64/48 40/63/40 1565/67/1565
f 1384/68/1384 34/48/34 42/44/42 1385/43/1385
f 1441/69/1441 26/45/26 42/44/42 1442/47/1442
f 1556/53/1556 44/52/44 28/70/28 1557/71/1557
f 1274/72/1274 28/70/28 44/52/44 1275/54/1275
f 1435/59/1435 46/58/46 30/73/30 1436/74/1436
f 1391/75/1391 30/73/30 46/58/46 1392/60/1392
f 1269/65/1269 48/64/48 32/76/32 1270/77/1270
f 1563/78/1563 32/76/32 48/64/48 1564/66/1564
f 1560/79/1560 49/80/49 1388/81/1388 1561/82/1561
f 1559/83/1559 1439/84/1439 49/80/49 1560/79/1560
f 3374/85/3374 1602/86/1602 82/87/82 3375/88/3375
f 1438/89/1438 1272/90/1272 49/80/49 1439/84/1439
f 1552/91/1552 77/92/77 85/93/85 1553/94/1553
f 1388/81/1388 49/80/49 1272/90/1272 1389/95/1389
f 3380/96/3380 81/97/81 1608/98/1608 3381/99/3381
f 3382/100/3382 80/101/80 1286/102/1286 3383/103/3383
f 1375/104/1375 1329/105/1329 50/106/50 1376/107/1376
f 3389/108/3389 78/109/78 1500/110/1500 3390/111/3390
f 1451/112/1451 50/106/50 1329/105/1329 1452/113/1452
f 1039/114/1039 92/115/92 100/116/100 1040/117/1040
f 1580/118/1580 1450/119/1450 60/120/60 1581/121/1581
f 3394/122/3394 77/92/77 1552/91/1552 3395/123/3395
f 1581/121/1581 60/120/60 1377/124/1377 1582/125/1582
f 3399/126/3399 1199/127/1199 1342/128/1342 3372/129/3372
f 1273/130/1273 51/131/51 28/70/28 1274/72/1274
f 1436/74/1436 30/73/30 53/132/53 1437/133/1437
f 1390/134/1390 53/132/53 30/73/30 1391/75/1391
f 1270/77/1270 32/76/32 55/135/55 1271/136/1271
f 1562/137/1562 55/135/55 32/76/32 1563/78/1563
f 1386/46/1386 26/45/26 57/138/57 1387/139/1387
f 1440/140/1440 57/138/57 26/45/26 1441/69/1441
f 1557/71/1557 28/70/28 51/131/51 1558/141/1558
f 1449/39/1449 7/38/7 60/120/60 1450/119/1450
f 1377/124/1377 60/120/60 7/38/7 1378/40/1378
f 1583/142/1583 61/143/61 8/42/8 1584/41/1584
f 1330/144/1330 62/145/62 9/2/9 1331/1/1331
f 1373/16/1373 3/10/3 64/146/64 1374/147/1374
f 1453/148/1453 64/146/64 3/10/3 1454/9/1454
f 1327/35/1327 5/34/5 66/149/66 1328/150/1328
f 1578/37/1578 6/36/6 59/151/59 1579/152/1579
f 3388/153/3388 1521/154/1521 78/109/78 3389/108/3389
f 3375/88/3375 82/87/82 1323/155/1323 3376/156/3376
f 1500/110/1500 78/109/78 86/157/86 1501/158/1501
f 1521/154/1521 79/159/79 87/160/87 1522/161/1522
f 1286/102/1286 80/101/80 88/162/88 1287/163/1287
f 1608/98/1608 81/97/81 89/164/89 1609/165/1609
f 1323/155/1323 82/87/82 90/166/90 1324/167/1324
f 1574/168/1574 90/166/90 82/87/82 1602/86/1602
f 1553/94/1553 85/93/85 1467/169/1467 1554/170/1554
f 1575/171/1575 1461/172/1461 90/166/90 1574/168/1574
f 1444/173/1444 1037/174/1037 94/175/94 1445/176/1445
f 1464/177/1464 92/115/92 1039/114/1039 1465/178/1465
f 1520/179/1520 70/180/70 1499/181/1499 1548/182/1548
f 1201/183/1201 1463/184/1463 1343/185/1343 1200/186/1200
f 1204/187/1204 1345/188/1345 1446/189/1446 1203/190/1203
f 1198/191/1198 1321/192/1321 2523/193/2523 1197/194/1197
f 1494/195/1494 72/196/72 1285/197/1285 1495/198/1495
f 1603/199/1603 74/200/74 1322/201/1322 1604/202/1604
f 1606/203/1606 1493/204/1493 73/205/73 1607/206/1607
f 3385/207/3385 102/208/102 1044/209/1044 3386/210/3386
f 1496/211/1496 97/212/97 1043/213/1043 1497/214/1497
f 1550/215/1550 1279/216/1279 69/217/69 1551/218/1551
f 1281/219/1281 1041/220/1041 101/221/101 1282/222/1282
f 3397/223/3397 1040/117/1040 100/116/100 3398/224/3398
f 1044/209/1044 102/208/102 103/225/103 1045/226/1045
f 1277/227/1277 85/93/85 77/92/77 1278/228/1278
f 1491/229/1491 89/164/89 81/97/81 1492/230/1492
f 1200/186/1200 1343/185/1343 1342/128/1342 1199/127/1199
f 3393/231/3393 1278/228/1278 77/92/77 3394/122/3394
f 3379/232/3379 1492/230/1492 81/97/81 3380/96/3380
f 1910/233/1910 112/234/112 1002/235/1002 1895/236/1895
f 1588/237/1588 127/238/127 110/239/110 1589/240/1589
f 1909/241/1909 1529/242/1529 112/234/112 1910/233/1910
f 1901/243/1901 245/244/245 122/245/122 1902/246/1902
f 2903/247/2903 1907/248/1907 234/249/234 2904/250/2904
f 1904/251/1904 120/252/120 1320/253/1320 1905/254/1905
f 3263/255/3263 120/256/120 1904/257/1904 3264/258/3264
f 1899/259/1899 1616/260/1616 115/261/115 1900/262/1900
f 1897/263/1897 1294/264/1294 124/265/124 1898/266/1898
f 1335/267/1335 128/268/128 114/269/114 1336/270/1336
f 1370/271/1370 168/272/168 12/13/12 1371/31/1371
f 1369/273/1369 132/274/132 131/275/131 1368/276/1368
f 1414/277/1414 134/278/134 133/279/133 1415/280/1415
f 1457/281/1457 136/282/136 135/283/135 1456/284/1456
f 1489/285/1489 138/286/138 137/287/137 1488/288/1488
f 1611/289/1611 140/290/140 139/291/139 1612/292/1612
f 1289/293/1289 141/294/141 142/295/142 1290/296/1290
f 1047/297/1047 144/298/144 143/299/143 1048/300/1048
f 1524/301/1524 146/302/146 145/303/145 1525/304/1525
f 1431/305/1431 149/306/149 150/307/150 1432/308/1432
f 1395/309/1395 150/307/150 149/306/149 1396/310/1396
f 1265/311/1265 156/312/156 155/313/155 1266/314/1266
f 1566/315/1566 175/316/175 155/313/155 1567/317/1567
f 1033/318/1033 157/319/157 158/320/158 1034/321/1034
f 1209/322/1209 1349/323/1349 1348/324/1348 1208/325/1208
f 1567/317/1567 155/313/155 156/312/156 1568/326/1568
f 1503/327/1503 148/328/148 147/329/147 1504/330/1504
f 1045/226/1045 103/225/103 162/331/162 1046/332/1046
f 1523/333/1523 163/334/163 146/302/146 1524/301/1524
f 1433/335/1433 176/336/176 38/57/38 1434/56/1434
f 1522/161/1522 87/160/87 163/334/163 1523/333/1523
f 1046/332/1046 162/331/162 144/298/144 1047/297/1047
f 1467/169/1467 85/93/85 1277/227/1277 1468/337/1468
f 1460/338/1460 1324/167/1324 90/166/90 1461/172/1461
f 1205/339/1205 1381/340/1381 1345/188/1345 1204/187/1204
f 1382/341/1382 94/175/94 1037/174/1037 1383/342/1383
f 1035/343/1035 172/344/172 165/345/165 1036/346/1036
f 1393/61/1393 38/57/38 176/336/176 1394/347/1394
f 1333/33/1333 17/32/17 170/348/170 1334/349/1334
f 1586/8/1586 10/7/10 171/350/171 1587/351/1587
f 1207/352/1207 1347/353/1347 1346/354/1346 1206/355/1206
f 1471/356/1471 153/357/153 154/358/154 1472/359/1472
f 1502/360/1502 164/361/164 148/328/148 1503/327/1503
f 1469/362/1469 104/363/104 178/364/178 1470/365/1470
f 1490/366/1490 129/367/129 89/164/89 1491/229/1491
f 1610/368/1610 129/367/129 140/290/140 1611/289/1611
f 1458/369/1458 130/370/130 106/371/106 1459/372/1459
f 1413/373/1413 167/374/167 13/375/13 1412/14/1412
f 1489/285/1489 140/290/140 129/367/129 1490/366/1490
f 1609/165/1609 89/164/89 129/367/129 1610/368/1610
f 1457/281/1457 138/286/138 130/370/130 1458/369/1458
f 1413/373/1413 168/272/168 134/278/134 1414/277/1414
f 1369/273/1369 134/278/134 168/272/168 1370/271/1370
f 1334/349/1334 170/348/170 128/268/128 1335/267/1335
f 1587/351/1587 171/350/171 127/238/127 1588/237/1588
f 1208/325/1208 1348/324/1348 1347/353/1347 1207/352/1207
f 1034/321/1034 158/320/158 172/344/172 1035/343/1035
f 1287/163/1287 88/162/88 166/376/166 1288/377/1288
f 1288/377/1288 166/376/166 141/294/141 1289/293/1289
f 1267/378/1267 175/316/175 40/63/40 1268/62/1268
f 1266/314/1266 155/313/155 175/316/175 1267/378/1267
f 1394/347/1394 176/336/176 150/307/150 1395/309/1395
f 1432/308/1432 150/307/150 176/336/176 1433/335/1433
f 1470/365/1470 178/364/178 153/357/153 1471/356/1471
f 1565/67/1565 40/63/40 175/316/175 1566/315/1566
f 1501/158/1501 86/157/86 164/361/164 1502/360/1502
f 3345/379/3345 560/380/560 2398/381/2398 3346/382/3346
f 1292/383/1292 559/384/559 1014/385/1014 1293/386/1293
f 1365/387/1365 2661/388/2661 2291/389/2291 1364/390/1364
f 920/391/920 891/392/891 890/393/890 921/394/921
f 2386/395/2386 184/396/184 194/397/194 2387/398/2387
f 2351/399/2351 185/400/185 195/401/195 2352/402/2352
f 2382/403/2382 656/404/656 191/405/191 2381/406/2381
f 3068/407/3068 3067/408/3067 842/409/842 2397/410/2397
f 3020/411/3020 2394/412/2394 192/413/192 3021/414/3021
f 3138/415/3138 757/416/757 2393/417/2393 3139/418/3139
f 2390/419/2390 199/420/199 952/421/952 2391/422/2391
f 3050/423/3050 184/396/184 2386/395/2386 3051/424/3051
f 2383/425/2383 189/426/189 1539/427/1539 2384/428/2384
f 3117/429/3117 2389/430/2389 1953/431/1953 3118/432/3118
f 2331/433/2331 224/434/224 1537/435/1537 2332/436/2332
f 3057/437/3057 2325/438/2325 230/439/230 3058/440/3058
f 3110/441/3110 1957/442/1957 2322/443/2322 3111/444/3111
f 2320/445/2320 948/446/948 222/447/222 2321/448/2321
f 3145/449/3145 2318/450/2318 753/451/753 3146/452/3146
f 2310/453/2310 652/454/652 205/455/205 2311/456/2311
f 3013/457/3013 223/458/223 2317/459/2317 3014/460/3014
f 2314/461/2314 838/462/838 3075/463/3075 3074/464/3074
f 939/465/939 651/466/651 207/467/207 940/468/940
f 941/469/941 767/470/767 3079/471/3079 3078/472/3078
f 3009/473/3009 208/474/208 944/475/944 3010/476/3010
f 3149/477/3149 945/478/945 751/479/751 3150/480/3150
f 947/481/947 3148/482/3148 3149/477/3149 946/483/946
f 2813/484/2813 1960/485/1960 1959/486/1959 2814/487/2814
f 2821/488/2821 211/489/211 937/490/937 2822/491/2822
f 1532/492/1532 206/493/206 938/494/938 1533/495/1533
f 2327/496/2327 1535/497/1535 219/498/219 2328/499/2328
f 2347/500/2347 655/501/655 225/502/225 2346/503/2346
f 3072/504/3072 3071/505/3071 840/506/840 2345/507/2345
f 3016/508/3016 2342/509/2342 226/510/226 3017/511/3017
f 3142/512/3142 755/513/755 2341/514/2341 3143/515/3143
f 2338/516/2338 227/517/227 950/518/950 2339/519/2339
f 3113/520/3113 2337/521/2337 1955/522/1955 3114/523/3114
f 3054/524/3054 186/525/186 2334/526/2334 3055/527/3055
f 2313/528/2313 214/529/214 654/530/654 2312/531/2312
f 2308/532/2308 1534/533/1534 201/534/201 2309/535/2309
f 3059/536/3059 2306/537/2306 231/538/231 3060/539/3060
f 3108/540/3108 1958/541/1958 2303/542/2303 3109/543/3109
f 3147/544/3147 2299/545/2299 752/546/752 3148/547/3148
f 3011/548/3011 204/549/204 2298/550/2298 3012/551/3012
f 3076/552/3076 3075/463/3075 838/462/838 2295/553/2295
f 2330/554/2330 654/530/654 214/529/214 2329/555/2329
f 3070/556/3070 3069/557/3069 841/558/841 2362/559/2362
f 3018/560/3018 2359/561/2359 193/562/193 3019/563/3019
f 3140/564/3140 756/565/756 2358/566/2358 3141/567/3141
f 2355/568/2355 198/569/198 951/570/951 2356/571/2356
f 3115/572/3115 2354/573/2354 1954/574/1954 3116/575/3116
f 3052/576/3052 185/400/185 2351/399/2351 3053/577/3053
f 2348/578/2348 188/579/188 1538/580/1538 2349/581/2349
f 2334/526/2334 186/525/186 228/582/228 2335/583/2335
f 2324/584/2324 221/585/221 230/439/230 2325/438/2325
f 2305/586/2305 202/587/202 231/538/231 2306/537/2306
f 935/588/935 210/589/210 232/590/232 936/591/936
f 2671/592/2671 119/593/119 233/594/233 2672/595/2672
f 1906/596/1906 118/597/118 234/249/234 1907/248/1907
f 1509/598/1509 234/249/234 118/597/118 1510/599/1510
f 1477/600/1477 235/601/235 539/602/539 1478/603/1478
f 1425/604/1425 549/605/549 317/606/317 1426/607/1426
f 2621/608/2621 238/609/238 2367/610/2367 2622/611/2622
f 1886/612/1886 2684/613/2684 2685/614/2685 1885/615/1885
f 516/616/516 664/617/664 649/618/649 179/619/179
f 179/619/179 649/618/649 648/620/648 180/621/180
f 2849/622/2849 2875/623/2875 2876/624/2876 2848/625/2848
f 180/621/180 648/620/648 647/626/647 181/627/181
f 2610/628/2610 1681/629/1681 243/630/243 2611/631/2611
f 2607/632/2607 245/244/245 1901/243/1901 2608/633/2608
f 2606/634/2606 1515/635/1515 245/244/245 2607/632/2607
f 2604/636/2604 1483/637/1483 251/638/251 2605/639/2605
f 2601/640/2601 259/641/259 1420/642/1420 2602/643/2602
f 2018/644/2018 250/645/250 241/646/241 2017/647/2017
f 2017/648/2017 241/649/241 246/650/246 2016/651/2016
f 2016/651/2016 246/650/246 247/652/247 2015/653/2015
f 2015/653/2015 247/652/247 248/654/248 2014/655/2014
f 2014/656/2014 248/657/248 249/658/249 2020/659/2020
f 2600/660/2600 1407/661/1407 259/641/259 2601/640/2601
f 2012/662/2012 258/663/258 260/664/260 2013/665/2013
f 2019/666/2019 252/667/252 250/645/250 2018/644/2018
f 253/668/253 260/664/260 258/663/258 255/669/255
f 256/670/256 264/671/264 257/672/257 255/673/255
f 255/669/255 258/663/258 313/674/313 256/675/256
f 255/673/255 257/672/257 261/676/261 253/677/253
f 3047/678/3047 921/394/921 890/393/890 3048/679/3048
f 2597/680/2597 263/681/263 871/682/871 2598/683/2598
f 1541/684/1541 889/685/889 923/686/923 1542/687/1542
f 2595/688/2595 2573/689/2573 2533/690/2533 2596/691/2596
f 2440/692/2440 265/693/265 2594/694/2594 2430/695/2430
f 1967/696/1967 2592/697/2592 267/698/267 1924/699/1924
f 2591/700/2591 268/701/268 267/698/267 2592/697/2592
f 3244/702/3244 268/701/268 2591/700/2591 3243/703/3243
f 2588/704/2588 1257/705/1257 269/706/269 2589/707/2589
f 2586/708/2586 277/709/277 275/710/275 2587/711/2587
f 1825/712/1825 277/709/277 2586/708/2586 1787/713/1787
f 2535/714/2535 2584/715/2584 314/716/314 2529/717/2529
f 2582/718/2582 2539/719/2539 2567/720/2567 2583/721/2583
f 3024/722/3024 915/723/915 288/724/288 3025/725/3025
f 3135/726/3135 914/727/914 895/728/895 3136/729/3136
f 2581/730/2581 572/731/572 876/732/876 2580/733/2580
f 1401/734/1401 317/606/317 549/605/549 1402/735/1402
f 2963/736/2963 636/737/636 637/738/637 2964/739/2964
f 954/740/954 893/741/893 918/742/918 955/743/955
f 2964/744/2964 637/745/637 638/746/638 2965/747/2965
f 2968/748/2968 919/749/919 892/750/892 2969/751/2969
f 3036/752/3036 270/753/270 644/754/644 3037/755/3037
f 640/756/640 249/658/249 248/657/248 641/757/641
f 940/468/940 207/467/207 767/470/767 941/469/941
f 2088/758/2088 250/645/250 252/667/252 2087/759/2087
f 926/760/926 284/761/284 282/762/282 928/763/928
f 928/764/928 282/765/282 281/766/281 929/767/929
f 2005/768/2005 283/769/283 274/770/274 2006/771/2006
f 1994/772/1994 2006/771/2006 1998/773/1998 1992/774/1992
f 1992/775/1992 1998/776/1998 1999/777/1999 1991/778/1991
f 1991/778/1991 1999/777/1999 2000/779/2000 1990/780/1990
f 1990/780/1990 2000/779/2000 2001/781/2001 1989/782/1989
f 1989/782/1989 2001/781/2001 2002/783/2002 1988/784/1988
f 1988/785/1988 2002/786/2002 2004/787/2004 1996/788/1996
f 1995/789/1995 287/790/287 292/791/292 1996/788/1996
f 285/792/285 293/793/293 291/794/291 286/795/286
f 290/796/290 286/797/286 287/790/287 295/798/295
f 286/797/286 291/799/291 292/791/292 287/790/287
f 923/686/923 889/685/889 910/800/910 924/801/924
f 2052/802/2052 640/756/640 641/757/641 2053/803/2053
f 3034/804/3034 2060/805/2060 620/806/620 3035/807/3035
f 630/808/630 628/809/628 306/810/306 629/811/629
f 2044/812/2044 2051/813/2051 2052/802/2052 2045/814/2045
f 3041/815/3041 2043/816/2043 307/817/307 3042/818/3042
f 1546/819/1546 296/820/296 311/821/311 1547/822/1547
f 3042/818/3042 307/817/307 297/823/297 3043/824/3043
f 3043/825/3043 297/826/297 308/827/308 3044/828/3044
f 657/829/657 190/830/190 276/831/276 274/770/274 912/832/912
f 3037/833/3037 644/834/644 643/835/643 3061/836/3061
f 3134/837/3134 758/838/758 914/727/914 3135/726/3135
f 248/654/248 247/652/247 642/839/642 641/840/641
f 1545/841/1545 312/842/312 296/843/296 1546/844/1546
f 2068/845/2068 318/846/318 320/847/320 2067/848/2067
f 3030/849/3030 319/850/319 302/851/302 3031/852/3031
f 302/851/302 319/850/319 321/853/321 301/854/301
f 779/855/779 1699/856/1699 971/857/971 778/858/778
f 2795/859/2795 2922/860/2922 2923/861/2923 2794/862/2794
f 2793/863/2793 2924/864/2924 2926/865/2926 2791/866/2791
f 2797/867/2797 2920/868/2920 2921/869/2921 2796/870/2796
f 2845/871/2845 2879/872/2879 2881/873/2881 2843/874/2843
f 2846/875/2846 2878/876/2878 2879/872/2879 2845/871/2845
f 1851/877/1851 3319/878/3319 3165/879/3165 1850/880/1850
f 2880/881/2880 491/882/491 782/883/782 2844/884/2844
f 1830/885/1830 355/886/355 824/887/824 1829/888/1829
f 1827/889/1827 2740/890/2740 353/891/353 1826/892/1826
f 1235/893/1235 1669/894/1669 1823/895/1823 974/896/974
f 2026/897/2026 2662/898/2662 2663/899/2663 2025/900/2025
f 801/901/801 1707/902/1707 1706/903/1706 798/904/798
f 1819/905/1819 800/906/800 323/907/323 1818/908/1818
f 1821/909/1821 3283/910/3283 350/911/350 1820/912/1820
f 2521/913/2521 496/914/496 1892/915/1892 2522/916/2522
f 1828/917/1828 354/918/354 2740/890/2740 1827/889/1827
f 803/919/803 3301/920/3301 1708/921/1708 802/922/802
f 2452/923/2452 783/924/783 357/925/357 2453/926/2453
f 780/927/780 1700/928/1700 1699/856/1699 779/855/779
f 1832/929/1832 1869/930/1869 355/886/355 1830/885/1830
f 818/931/818 501/932/501 340/933/340 819/934/819
f 3312/935/3312 502/936/502 338/937/338 3313/938/3313
f 861/939/861 1664/940/1664 1663/941/1663 857/942/857
f 2869/943/2869 2454/944/2454 730/945/730 2870/946/2870
f 3291/947/3291 333/948/333 505/949/505 3292/950/3292
f 805/951/805 332/952/332 500/953/500 806/954/806
f 787/955/787 1702/956/1702 1701/957/1701 781/958/781
f 1889/959/1889 340/933/340 501/932/501 1890/960/1890
f 2520/961/2520 816/962/816 496/914/496 2521/913/2521
f 3309/963/3309 497/964/497 2519/965/2519 3310/966/3310
f 851/967/851 2514/968/2514 1661/969/1661 846/970/846
f 3297/971/3297 342/972/342 2431/973/2431 3298/974/3298
f 3294/975/3294 2511/976/2511 494/977/494 3295/978/3295
f 2462/979/2462 808/980/808 495/981/495 2463/982/2463
f 792/983/792 2508/984/2508 1702/956/1702 787/955/787
f 2791/866/2791 2926/865/2926 2927/985/2927 2790/986/2790
f 2771/987/2771 695/988/695 694/989/694 2772/990/2772
f 784/991/784 396/992/396 400/993/400 785/994/785
f 2871/995/2871 2482/996/2482 729/997/729 2872/998/2872
f 2867/999/2867 732/1000/732 731/1001/731 2868/1002/2868
f 2861/1003/2861 693/1004/693 692/1005/692 2862/1006/2862
f 2777/1007/2777 976/1008/976 975/1009/975 2778/1010/2778
f 1713/1011/1713 1302/1012/1302 341/1013/341 1714/1014/1714
f 1738/1015/1738 770/1016/770 328/1017/328 1739/1018/1739
f 3085/1019/3085 770/1016/770 1738/1015/1738 3086/1020/3086
f 1732/1021/1732 961/1022/961 3156/1023/3156 3157/1024/3157
f 1802/1025/1802 1673/1026/1673 1724/1027/1724 1794/1028/1794
f 2733/1029/2733 371/1030/371 1721/1031/1721 2734/1032/2734
f 728/1033/728 1715/1034/1715 1691/1035/1691 727/1036/727
f 3304/1037/3304 391/1038/391 392/1039/392 3305/1040/3305
f 813/1041/813 375/1042/375 387/1043/387 814/1044/814
f 3299/1045/3299 385/1046/385 380/1047/380 3300/1048/3300
f 798/904/798 1706/903/1706 1705/1049/1705 797/1050/797
f 387/1051/387 388/1052/388 390/1053/390
f 821/1054/821 1659/1055/1659 1658/1056/1658 812/1057/812
f 810/1058/810 386/1059/386 381/1060/381 811/1061/811
f 1659/1055/1659 384/1062/384 379/1063/379 1658/1056/1658
f 2436/1064/2436 1893/1065/1893 348/1066/348 2437/1067/2437
f 796/1068/796 2434/1069/2434 1704/1070/1704 795/1071/795
f 2437/1067/2437 348/1066/348 815/1072/815 2438/1073/2438
f 3306/1074/3306 2439/1075/2439 349/1076/349 3307/1077/3307
f 823/1078/823 1660/1079/1660 2428/1080/2428 822/1081/822
f 822/1081/822 2428/1080/2428 1659/1055/1659 821/1054/821
f 2432/1082/2432 809/1083/809 343/1084/343 2433/1085/2433
f 788/1086/788 397/1087/397 393/1088/393 789/1089/789
f 980/1090/980 2867/999/2867 2868/1002/2868 981/1091/981
f 2869/943/2869 2870/946/2870 982/1092/982 2456/1093/2456
f 2457/1094/2457 337/1095/337 790/1096/790 2458/1097/2458
f 2770/1098/2770 2444/1099/2444 695/988/695 2771/987/2771
f 3177/1100/3177 735/1101/735 2448/1102/2448 3178/1103/3178
f 2773/1104/2773 977/1105/977 2775/1106/2775 3368/1107/3368
f 2866/1108/2866 786/1109/786 732/1000/732 2867/999/2867
f 991/1110/991 2884/1111/2884 2885/1112/2885 992/1113/992
f 979/1114/979 2866/1108/2866 2867/999/2867 980/1090/980
f 181/1115/181 647/1116/647 646/1117/646 182/1118/182
f 742/1119/742 1695/1120/1695 1694/1121/1694 741/1122/741
f 741/1122/741 1694/1121/1694 2411/1123/2411 740/1124/740
f 2884/1111/2884 721/1125/721 720/1126/720 2885/1112/2885
f 773/1127/773 462/1128/462 324/1129/324 774/1130/774
f 3091/1131/3091 773/1127/773 774/1130/774 3092/1132/3092
f 3162/1133/3162 745/1134/745 744/1135/744 3163/1136/3163
f 964/1137/964 3162/1133/3162 3163/1136/3163 965/1138/965
f 2754/1139/2754 701/1140/701 700/1141/700 2755/1142/2755
f 1243/1143/1243 1670/1144/1670 1669/1145/1669 1235/1146/1235
f 2264/1147/2264 663/1148/663 411/1149/411 2263/1150/2263
f 2739/1151/2739 468/1152/468 353/1153/353 2740/1154/2740
f 824/1155/824 355/1156/355 470/1157/470 825/1158/825
f 1711/1159/1711 994/1160/994 2889/1161/2889 2890/1162/2890
f 2890/1162/2890 1740/1163/1740 717/1164/717 2891/1165/2891
f 1717/1166/1717 402/1167/402 828/1168/828 1718/1169/1718
f 3156/1023/3156 748/1170/748 1734/1171/1734 3157/1024/3157
f 2748/1172/2748 704/1173/704 1730/1174/1730 2749/1175/2749
f 3276/1176/3276 415/1177/415 1727/1178/1727 3277/1179/3277
f 738/1180/738 1745/1181/1745 1692/1182/1692 737/1183/737
f 1743/1184/1743 1303/1185/1303 336/1186/336 1744/1187/1744
f 2888/1188/2888 2889/1161/2889 994/1160/994 1741/1189/1741
f 2888/1188/2888 1770/1190/1770 718/1191/718 2889/1161/2889
f 1747/1192/1747 403/1193/403 827/1194/827 1748/1195/1748
f 2735/1196/2735 372/1197/372 1751/1198/1751 2736/1199/2736
f 1771/1200/1771 1672/1201/1672 1754/1202/1754 1763/1203/1763
f 2750/1204/2750 703/1205/703 1760/1206/1760 2751/1207/2751
f 1757/1208/1757 414/1209/414 1311/1210/1311 1758/1211/1758
f 1762/1212/1762 962/1213/962 3158/1214/3158 3159/1215/3159
f 3158/1214/3158 747/1216/747 1764/1217/1764 3159/1215/3159
f 3087/1218/3087 771/1219/771 1768/1220/1768 3088/1221/3088
f 1768/1220/1768 771/1219/771 401/1222/401 1769/1223/1769
f 1308/1224/1308 350/1225/350 466/1226/466 1309/1227/1309
f 1306/1228/1306 323/1229/323 800/1230/800 1307/1231/1307
f 3282/1232/3282 466/1226/466 350/1225/350 3283/1233/3283
f 3278/1234/3278 414/1209/414 1757/1208/1757 3279/1235/3279
f 1727/1178/1727 415/1177/415 1312/1236/1312 1728/1237/1728
f 1305/1238/1305 460/1239/460 323/1229/323 1306/1228/1306
f 3008/1240/3008 859/1241/859 208/474/208 3009/473/3009
f 3150/480/3150 751/479/751 858/1242/858 3151/1243/3151
f 862/1244/862 767/470/767 207/467/207 863/1245/863
f 1210/1246/1210 1350/1247/1350 1349/323/1349 1209/322/1209
f 1031/1248/1031 581/1249/581 865/1250/865 1032/1251/1032
f 2559/1252/2559 2547/1253/2547 2546/1254/2546 2560/1255/2560
f 1590/1256/1590 866/1257/866 580/1258/580 1591/1259/1591
f 1337/1260/1337 867/1261/867 579/1262/579 1338/1263/1338
f 3330/1264/3330 577/1265/577 869/1266/869 3331/1267/3331
f 1614/1268/1614 558/1269/558 1015/1270/1015 1615/1271/1615
f 1485/1272/1485 1016/1273/1016 557/1274/557 1486/1275/1486
f 1417/1276/1417 554/1277/554 1018/1278/1018 1418/1279/1418
f 1406/1280/1406 547/1281/547 259/641/259 1407/661/1407
f 1517/1282/1517 1015/1270/1015 558/1269/558 1518/1283/1518
f 3262/1284/3262 1512/1285/1512 120/256/120 3263/255/3263
f 1514/1286/1514 122/245/122 245/244/245 1515/635/1515
f 1885/615/1885 2685/614/2685 2686/1287/2686 1884/1288/1884
f 1654/1289/1654 2690/1290/2690 2691/1291/2691 1628/1292/1628
f 1628/1292/1628 2691/1291/2691 2692/1293/2692 1627/1294/1627
f 1621/1295/1621 2721/1296/2721 2722/1297/2722 1620/1298/1620
f 1623/1299/1623 2719/1300/2719 2720/1301/2720 1622/1302/1622
f 2372/1303/2372 1656/1304/1656 441/1305/441 2373/1306/2373
f 2693/1307/2693 445/1308/445 2371/1309/2371 2694/1310/2694
f 2716/1311/2716 2717/1312/2717 439/1313/439 2376/1314/2376
f 2379/1315/2379 1887/1316/1887 447/1317/447 2380/1318/2380
f 1627/1294/1627 2692/1293/2692 2718/1319/2718 1626/1320/1626
f 182/1118/182 646/1117/646 645/1321/645 239/1322/239
f 2367/610/2367 238/609/238 444/1323/444 2368/1324/2368
f 239/1322/239 645/1321/645 533/1325/533 240/1326/240
f 2365/1327/2365 1624/1328/1624 449/1329/449 2366/1330/2366
f 240/1326/240 533/1325/533 532/1331/532 242/1332/242
f 2364/1333/2364 451/1334/451 670/1335/670 2363/1336/2363
f 242/1332/242 532/1331/532 531/1337/531 408/1338/408
f 408/1338/408 531/1337/531 530/1339/530 409/1340/409
f 2377/1341/2377 836/1342/836 454/1343/454 2378/1344/2378
f 409/1340/409 530/1339/530 529/1345/529 412/1346/412
f 412/1346/412 529/1345/529 528/1347/528 429/1348/429
f 847/1349/847 352/1350/352 831/1351/831 848/1352/848
f 410/1353/410 1881/1354/1881 1880/1355/1880 722/1356/722
f 997/1357/997 2895/1358/2895 2896/1359/2896 998/1360/998
f 1298/1361/1298 662/1362/662 456/1363/456 1686/1364/1686
f 2727/1365/2727 2728/1366/2728 849/1367/849 438/1368/438
f 1982/1369/1982 1630/1370/1630 1629/1371/1629 433/1372/433
f 957/1373/957 3150/480/3150 3151/1243/3151 958/1374/958
f 3273/1375/3273 1222/1376/1222 487/1377/487 3274/1378/3274
f 2678/1379/2678 1317/1380/1317 458/1381/458 2679/1382/2679
f 1000/1383/1000 2898/1384/2898 2899/1385/2899 113/1386/113 1001/1387/1001
f 662/1362/662 1298/1361/1298 1178/1388/1178 1179/1389/1179
f 1684/1390/1684 411/1149/411 663/1148/663 1685/1391/1685
f 2897/1392/2897 714/1393/714 713/1394/713 2898/1384/2898
f 2896/1359/2896 864/1395/864 714/1393/714 2897/1392/2897
f 662/1362/662 1297/1396/1297 1296/1397/1296 456/1363/456
f 2899/1385/2899 712/1398/712 1531/1399/1531 2900/1400/2900
f 1682/1401/1682 430/1402/430 1618/1403/1618 1683/1404/1683
f 1680/1405/1680 431/1406/431 243/630/243 1681/629/1681
f 3179/1407/3179 710/1408/710 2672/595/2672 2824/1409/2824
f 3269/1410/3269 2679/1382/2679 458/1381/458 3270/1411/3270
f 2676/1412/2676 1962/1413/1962 2675/1414/2675 3403/1415/3403
f 2682/1416/2682 1678/1417/1678 433/1372/433 2683/1418/2683
f 2677/1419/2677 707/1420/707 855/1421/855 2743/1422/2743
f 2412/1423/2412 460/1239/460 1305/1238/1305 2413/1424/2413
f 2415/1425/2415 992/1113/992 2885/1112/2885 2886/1426/2886
f 2885/1112/2885 720/1126/720 2417/1427/2417 2886/1426/2886
f 2418/1428/2418 462/1128/462 773/1127/773 2419/1429/2419
f 3090/1430/3090 2419/1429/2419 773/1127/773 3091/1131/3091
f 3161/1431/3161 2423/1432/2423 745/1134/745 3162/1133/3162
f 3161/1431/3161 3162/1133/3162 964/1137/964 2425/1433/2425
f 2752/1434/2752 702/1435/702 661/1436/661 2753/1437/2753
f 659/1438/659 1309/1227/1309 466/1226/466 658/1439/658
f 3281/1440/3281 658/1439/658 466/1226/466 3282/1232/3282
f 1710/1441/1710 2401/1442/2401 1670/1144/1670 1243/1143/1243
f 2738/1443/2738 2404/1444/2404 468/1152/468 2739/1151/2739
f 2407/1445/2407 825/1158/825 470/1157/470 2408/1446/2408
f 1314/1447/1314 1222/1376/1222 471/1448/471 1315/1449/1315
f 2745/1450/2745 1246/1451/1246 705/1452/705 2746/1453/2746
f 3153/1454/3153 3154/1455/3154 960/1456/960 1244/1457/1244
f 3153/1454/3153 1242/1458/1242 749/1459/749 3154/1455/3154
f 3082/1460/3082 1238/1461/1238 769/1462/769 3083/1463/3083
f 1799/1464/1799 769/1462/769 481/1465/481 1800/1466/1800
f 2893/1467/2893 716/1468/716 1236/1469/1236 2894/1470/2894
f 1234/1471/1234 996/1472/996 2893/1467/2893 2894/1470/2894
f 1300/1473/1300 1232/1474/1232 483/1475/483 1301/1476/1301
f 725/1477/725 1690/1478/1690 1689/1479/1689 724/1480/724
f 1229/1481/1229 829/1482/829 484/1483/484 1230/1484/1230
f 2730/1485/2730 1226/1486/1226 485/1487/485 2731/1488/2731
f 1968/1489/1968 1675/1490/1675 1674/1491/1674 1864/1492/1864
f 1237/1493/1237 481/1465/481 769/1462/769 1238/1461/1238
f 2892/1494/2892 1801/1495/1801 716/1468/716 2893/1467/2893
f 2892/1494/2892 2893/1467/2893 996/1472/996 1772/1496/1772
f 1774/1497/1774 1301/1476/1301 483/1475/483 1775/1498/1775
f 726/1499/726 1776/1500/1776 1690/1478/1690 725/1477/725
f 1778/1501/1778 484/1483/484 829/1482/829 1779/1502/1779
f 2731/1488/2731 485/1487/485 1782/1503/1782 2732/1504/2732
f 1864/1492/1864 1674/1491/1674 1785/1505/1785 1842/1506/1842
f 3274/1378/3274 487/1377/487 1788/1507/1788 3275/1508/3275
f 1788/1507/1788 487/1377/487 1313/1509/1313 1789/1510/1789
f 2746/1453/2746 705/1452/705 1791/1511/1791 2747/1512/2747
f 1793/1513/1793 960/1456/960 3154/1455/3154 3155/1514/3155
f 3154/1455/3154 749/1459/749 1795/1515/1795 3155/1514/3155
f 3083/1463/3083 769/1462/769 1799/1464/1799 3084/1516/3084
f 2871/995/2871 2872/998/2872 983/1517/983 2484/1518/2484
f 2485/1519/2485 492/1520/492 791/1521/791 2486/1522/2486
f 2767/1523/2767 697/1524/697 2488/1525/2488 2768/1526/2768
f 2490/1527/2490 973/1528/973 3175/1529/3175 3176/1530/3176
f 3176/1530/3176 2476/1531/2476 735/1532/735 3177/1533/3177
f 3104/1534/3104 782/883/782 2480/1535/2480 3105/1536/3105
f 2480/1535/2480 782/883/782 491/882/491 2481/1537/2481
f 2509/1538/2509 495/981/495 808/980/808 2510/1539/2510
f 794/1540/794 2464/1541/2464 1703/1542/1703 793/1543/793
f 2466/1544/2466 1892/915/1892 496/914/496 2467/1545/2467
f 2467/1545/2467 496/914/496 816/962/816 2468/1546/2468
f 3308/1547/3308 2469/1548/2469 497/964/497 3309/963/3309
f 846/970/846 1661/969/1661 2474/1549/2474 843/1550/843
f 3296/1551/3296 2461/1552/2461 342/1553/342 3297/1554/3297
f 781/958/781 1701/957/1701 1700/928/1700 780/927/780
f 1890/960/1890 501/932/501 331/1555/331 1891/1556/1891
f 817/1557/817 331/1555/331 501/932/501 818/931/818
f 3311/1558/3311 330/1559/330 502/936/502 3312/935/3312
f 857/942/857 1663/941/1663 1662/1560/1662 853/1561/853
f 3292/950/3292 505/949/505 326/1562/326 3293/1563/3293
f 806/954/806 500/953/500 325/1564/325 807/1565/807
f 1863/1566/1863 507/1567/507 340/933/340 1889/959/1889
f 819/934/819 340/933/340 507/1567/507 820/1568/820
f 3313/938/3313 338/937/338 508/1569/508 3314/1570/3314
f 883/1571/883 1665/1572/1665 1664/940/1664 861/939/861
f 3290/1573/3290 511/1574/511 333/948/333 3291/947/3291
f 804/1575/804 506/1576/506 332/952/332 805/951/805
f 429/1348/429 528/1347/528 527/1577/527 432/1578/432
f 432/1578/432 527/1577/527 526/1579/526 434/1580/434
f 434/1580/434 526/1579/526 519/1581/519 436/1582/436
f 436/1582/436 519/1581/519 518/1583/518 437/1584/437
f 437/1584/437 518/1583/518 517/1585/517 512/1586/512
f 512/1586/512 517/1585/517 668/1587/668 513/1588/513
f 513/1588/513 668/1587/668 667/1589/667 514/1590/514
f 514/1590/514 667/1589/667 666/1591/666 515/1592/515
f 2996/1593/2996 356/1594/356 463/1595/463 2997/1596/2997
f 2997/1596/2997 463/1595/463 2422/1597/2422 2998/1598/2998
f 3000/1599/3000 1765/1600/1765 368/1601/368 3001/1602/3001
f 3002/1603/3002 1735/1604/1735 367/1605/367 3003/1606/3003
f 3004/1607/3004 1796/1608/1796 490/1609/490 3005/1610/3005
f 3005/1610/3005 490/1609/490 1241/1611/1241 3006/1612/3006
f 3079/471/3079 767/470/767 862/1244/862 3080/1613/3080
f 516/616/516 2661/388/2661 2660/1614/2660 515/1592/515
f 513/1588/513 2658/1615/2658 2657/1616/2657 512/1586/512
f 512/1586/512 2657/1616/2657 2656/1617/2656 437/1584/437
f 437/1584/437 2656/1617/2656 2655/1618/2655 436/1582/436
f 436/1582/436 2655/1618/2655 2620/1619/2620 434/1580/434
f 434/1580/434 2620/1619/2620 2619/1620/2619 432/1578/432
f 432/1578/432 2619/1620/2619 2618/1621/2618 429/1348/429
f 429/1348/429 2618/1621/2618 2617/1622/2617 412/1346/412
f 1528/1623/1528 1003/1624/1003 112/234/112 1529/242/1529
f 1263/1625/1263 569/1626/569 879/1627/879 1264/1628/1264
f 1399/1629/1399 1008/1630/1008 536/1631/536 1400/1632/1400
f 1427/1633/1427 536/1631/536 1008/1630/1008 1428/1634/1428
f 2904/250/2904 234/249/234 1509/598/1509 2905/1635/2905
f 1511/1636/1511 1320/253/1320 120/252/120 1512/1637/1512
f 1010/1638/1010 876/732/876 572/731/572 1011/1639/1011
f 1475/1640/1475 1006/1641/1006 540/1642/540 1476/1643/1476
f 1507/1644/1507 1005/1645/1005 116/1646/116 1508/1647/1508
f 1482/1648/1482 427/1649/427 251/638/251 1483/637/1483
f 3260/1650/3260 1480/1651/1480 428/1652/428 3261/1653/3261
f 1142/1654/1142 1247/1655/1247 1479/1656/1479 1141/1657/1141
f 1420/642/1420 259/641/259 547/1281/547 1421/1658/1421
f 3257/1659/3257 548/1660/548 1423/1661/1423 3258/1662/3258
f 1423/1663/1423 548/1664/548 1249/1665/1249 1424/1666/1424
f 2906/1667/2906 235/601/235 1477/600/1477 2907/1668/2907
f 871/682/871 263/681/263 575/1669/575 872/1670/872
f 3253/1671/3253 574/1672/574 873/1673/873 3254/1674/3254
f 1251/1675/1251 873/1676/873 574/1677/574 1252/1678/1252
f 2909/1679/2909 1426/607/1426 317/606/317 2910/1680/2910
f 3256/1681/3256 1404/1682/1404 548/1660/548 3257/1659/3257
f 1403/1683/1403 1249/1665/1249 548/1664/548 1404/1684/1404
f 3333/1685/3333 1410/1686/1410 554/1277/554 3334/1687/3334
f 2910/1680/2910 317/606/317 1401/734/1401 2911/1688/2911
f 874/1689/874 573/1690/573 315/1691/315 875/1692/875
f 3334/1687/3334 554/1277/554 1417/1276/1417 3335/1693/3335
f 1409/1694/1409 1018/1278/1018 554/1277/554 1410/1686/1410
f 1020/1695/1020 869/1266/869 577/1265/577 1021/1696/1021
f 3337/1697/3337 1486/1275/1486 557/1274/557 3338/1698/3338
f 3339/1699/3339 1518/1283/1518 558/1269/558 3340/1700/3340
f 3340/1700/3340 558/1269/558 1614/1268/1614 3341/1701/3341
f 3342/1702/3342 559/384/559 1292/383/1292 3343/1703/3343
f 3346/382/3346 2398/381/2398 561/1704/561 3347/1705/3347
f 3347/1705/3347 561/1704/561 1527/1706/1527 3348/1707/3348
f 3349/1708/3349 562/1709/562 1506/1710/1506 3350/1711/3350
f 3351/1712/3351 563/1713/563 1474/1714/1474 3352/1715/3352
f 3354/1716/3354 1429/1717/1429 565/1718/565 3355/1719/3355
f 3355/1719/3355 565/1718/565 1398/1720/1398 3356/1721/3356
f 3358/1722/3358 877/1723/877 571/1724/571 3359/1725/3359
f 1569/1726/1569 879/1627/879 569/1626/569 1570/1727/1570
f 2560/1255/2560 2546/1254/2546 2545/1728/2545 2561/1729/2561
f 3360/1730/3360 2542/1731/2542 2564/1732/2564 3361/1733/3361
f 2565/1734/2565 2541/1735/2541 2540/1736/2540 2566/1737/2566
f 2567/720/2567 2539/719/2539 2538/1738/2538 2568/1739/2568
f 2569/1740/2569 2537/1741/2537 2536/1742/2536 2570/1743/2570
f 3251/1744/3251 2570/1745/2570 2536/1746/2536 3252/1747/3252
f 2572/1748/2572 2534/1749/2534 2533/690/2533 2573/689/2573
f 2575/1750/2575 2531/1751/2531 2530/1752/2530 2576/1753/2576
f 3328/1754/3328 2576/1753/2576 2530/1752/2530 3329/1755/3329
f 2579/1756/2579 2527/1757/2527 2526/1758/2526 2552/1759/2552
f 2525/1760/2525 1591/1259/1591 580/1258/580 2524/1761/2524
f 1213/1762/1213 2555/1763/2555 2551/1764/2551 1212/1765/1212
f 2556/1766/2556 2550/1767/2550 2549/1768/2549 1030/1769/1030
f 1027/1770/1027 582/1771/582 592/1772/592 1028/1773/1028
f 583/1774/583 593/1775/593 1573/1776/1573 603/1777/603
f 3366/1778/3366 1600/1779/1600 1599/1780/1599 3367/1781/3367
f 277/709/277 596/1782/596 586/1783/586 275/710/275
f 1255/1784/1255 597/1785/597 587/1786/587 1256/1787/1256
f 3245/1788/3245 587/1786/587 597/1785/597 3246/1789/3246
f 268/701/268 588/1790/588 598/1791/598 267/698/267
f 1024/1792/1024 600/1793/600 590/1794/590 1025/1795/1025
f 3322/1796/3322 590/1794/590 600/1793/600 3323/1797/3323
f 1219/1798/1219 604/1799/604 1354/1800/1354 1218/1801/1218
f 1595/1802/1595 582/1771/582 1027/1770/1027 1596/1803/1596
f 301/1804/301 320/847/320 318/846/318 302/1805/302
f 1597/1806/1597 583/1774/583 1259/1807/1259 1598/1808/1598
f 3031/1809/3031 302/1805/302 318/846/318 3032/1810/3032
f 1256/1787/1256 587/1786/587 269/706/269 1257/705/1257
f 1220/1811/1220 1594/1812/1594 604/1799/604 1219/1798/1219
f 3244/702/3244 269/706/269 587/1786/587 3245/1788/3245
f 1259/1807/1259 583/1774/583 603/1777/603 1260/1813/1260
f 3321/1814/3321 1025/1795/1025 590/1794/590 3322/1796/3322
f 1227/1815/1227 1341/1816/1341 605/1817/605 1223/1818/1223
f 2512/1819/2512 1253/1820/1253 542/1821/542 2470/1822/2470
f 3249/1823/3249 2470/1824/2470 542/1825/542 3250/1826/3250
f 2460/1827/2460 541/1828/541 265/693/265 2440/692/2440
f 2399/1829/2399 1022/1830/1022 556/1831/556 2374/1832/2374
f 3326/1833/3326 2374/1832/2374 556/1831/556 3327/1834/3327
f 2529/717/2529 314/716/314 543/1835/543 2518/1836/2518
f 1481/1837/1481 605/1817/605 1341/1816/1341 1473/1838/1473
f 2557/1839/2557 2144/1840/2144 2148/1841/2148 417/1842/417
f 3363/1843/3363 2571/1844/2571 1601/1845/1601 3364/1846/3364
f 2118/1847/2118 1571/1848/1571 419/1849/419 2107/1850/2107
f 2107/1850/2107 419/1849/419 1262/1851/1262 2034/1852/2034
f 1215/1853/1215 2152/1854/2152 1352/1855/1352 1214/1856/1214
f 2234/1857/2234 1592/1858/1592 416/1859/416 2156/1860/2156
f 2272/1861/2272 1339/1862/1339 420/1863/420 2249/1864/2249
f 1505/1865/1505 604/1799/604 1594/1812/1594 1487/1866/1487
f 1218/1801/1218 1354/1800/1354 1513/1867/1513 1217/1868/1217
f 1526/1869/1526 1028/1773/1028 592/1772/592 1519/1870/1519
f 1709/1871/1709 603/1777/603 1573/1776/1573 1650/1872/1650
f 1720/1873/1720 1260/1813/1260 603/1777/603 1709/1871/1709
f 3365/1874/3365 1750/1875/1750 1600/1779/1600 3366/1778/3366
f 1831/1876/1831 596/1782/596 277/709/277 1825/712/1825
f 1844/1877/1844 597/1785/597 1255/1784/1255 1838/1878/1838
f 3246/1789/3246 597/1785/597 1844/1877/1844 3247/1879/3247
f 1924/699/1924 267/698/267 598/1791/598 1903/1880/1903
f 1422/1881/1422 600/1793/600 1024/1792/1024 1993/1882/1993
f 3323/1797/3323 600/1793/600 1422/1881/1422 3324/1883/3324
f 286/795/286 290/1884/290 294/1885/294 285/792/285
f 629/1886/629 303/1887/303 627/1888/627 630/1889/630
f 3128/1890/3128 630/1889/630 627/1888/627 3129/1891/3129
f 2062/1892/2062 300/1893/300 619/1894/619 2069/1895/2069
f 2063/1896/2063 322/1897/322 300/1898/300 2062/1899/2062
f 2067/848/2067 320/847/320 301/1804/301 2066/1900/2066
f 2066/1901/2066 301/854/301 321/853/321 2065/1902/2065
f 2065/1902/2065 321/853/321 319/850/319 2064/1903/2064
f 3029/1904/3029 2064/1903/2064 319/850/319 3030/849/3030
f 3127/1905/3127 628/809/628 630/808/630 3128/1906/3128
f 3126/1907/3126 2074/1908/2074 628/809/628 3127/1905/3127
f 2073/1909/2073 305/1910/305 631/1911/631 2072/1912/2072
f 2072/1913/2072 631/1914/631 304/1915/304 3129/1891/3129 3130/1916/3130
f 3129/1891/3129 627/1888/627 2070/1917/2070 3130/1916/3130
f 2070/1917/2070 627/1888/627 303/1887/303 2077/1918/2077
f 2076/1919/2076 2085/1920/2085 2078/1921/2078 2077/1918/2077
f 2084/1922/2084 638/746/638 637/745/637 2085/1923/2085
f 2075/1924/2075 306/810/306 628/809/628 2074/1908/2074
f 2033/1925/2033 311/821/311 296/820/296 2021/1926/2021
f 2040/1927/2040 310/1928/310 3044/828/3044 308/827/308 1547/822/1547 311/821/311 2033/1925/2033
f 2041/1929/2041 298/1930/298 310/1928/310 2040/1927/2040
f 2042/1931/2042 309/1932/309 298/1933/298 2041/1934/2041
f 412/1346/412 2617/1622/2617 2616/1935/2616 409/1340/409
f 409/1340/409 2616/1935/2616 2615/1936/2615 408/1338/408
f 408/1338/408 2615/1936/2615 2614/1937/2614 242/1332/242
f 242/1332/242 2614/1937/2614 2613/1938/2613 240/1326/240
f 240/1326/240 2613/1938/2613 2612/1939/2612 239/1322/239
f 239/1322/239 2612/1939/2612 2294/1940/2294 182/1118/182
f 182/1118/182 2294/1940/2294 2293/1941/2293 181/1115/181
f 181/627/181 2293/1942/2293 2292/1943/2292 180/621/180
f 999/1944/999 2897/1392/2897 2898/1384/2898 1000/1383/1000
f 2898/1384/2898 713/1394/713 712/1398/712 2899/1385/2899
f 938/494/938 206/493/206 651/466/651 939/465/939
f 2309/535/2309 201/534/201 652/454/652 2310/453/2310
f 2328/499/2328 219/498/219 653/1945/653 2312/531/2312
f 2330/554/2330 655/501/655 224/434/224 2331/433/2331
f 2347/500/2347 656/404/656 188/579/188 2348/578/2348
f 2382/403/2382 657/1946/657 189/426/189 2383/425/2383
f 189/1947/189 657/829/657 912/832/912 900/1948/900
f 3280/1949/3280 413/1950/413 658/1439/658 3281/1440/3281
f 3182/1951/3182 2518/1836/2518 543/1835/543 3181/1952/3181
f 658/1439/658 413/1950/413 1310/1953/1310 659/1438/659
f 1162/1954/1162 659/1438/659 1310/1953/1310 1161/1955/1161
f 2090/1956/2090 241/646/241 250/645/250 2088/758/2088
f 845/1957/845 1685/1391/1685 663/1148/663 410/1353/410
f 456/1363/456 845/1957/845 1687/1958/1687 1686/1364/1686
f 666/1591/666 669/1959/669 447/1317/447 664/617/664
f 180/621/180 2292/1943/2292 2291/389/2291 179/619/179
f 2138/1960/2138 638/746/638 633/1961/633 2119/1962/2119
f 179/619/179 2291/389/2291 2661/388/2661 516/616/516
f 515/1592/515 666/1591/666 664/617/664 516/616/516
f 515/1592/515 2660/1614/2660 2659/1963/2659 514/1590/514
f 2380/1318/2380 447/1317/447 669/1959/669 2363/1336/2363
f 2248/1964/2248 620/806/620 299/1965/299 2235/1966/2235
f 2071/1967/2071 3039/1968/3039 639/1969/639 3038/1970/3038
f 3039/1968/3039 620/806/620 2248/1964/2248 3045/1971/3045
f 2086/1972/2086 249/658/249 640/756/640 2375/1973/2375
f 2282/1974/2282 1543/1975/1543 273/1976/273 2375/1973/2375
f 2971/1977/2971 672/1978/672 2388/1979/2388 2972/1980/2972
f 3120/1981/3120 1951/1982/1951 1949/1983/1949 3121/1984/3121
f 2973/1985/2973 671/1986/671 2353/1987/2353 2974/1988/2974
f 2975/1989/2975 674/1990/674 2336/1991/2336 2976/1992/2976
f 2978/1993/2978 2323/1994/2323 676/1995/676 2979/1996/2979
f 2980/1997/2980 2304/1998/2304 677/1999/677 2981/2000/2981
f 2817/2001/2817 210/589/210 935/588/935 2818/2002/2818
f 2670/2003/2670 119/593/119 2671/592/2671 3401/2004/3401
f 2668/2005/2668 121/2006/121 1319/2007/1319 2669/2008/2669
f 3265/2009/3265 121/2006/121 2668/2005/2668 3266/2010/3266
f 2664/2011/2664 431/1406/431 1680/1405/1680 2665/2012/2665
f 1884/1288/1884 2686/1287/2686 2687/2013/2687 1883/2014/1883
f 668/1587/668 1624/1328/1624 452/2015/452 667/1589/667
f 2965/747/2965 638/746/638 2138/1960/2138 2966/2016/2966
f 1367/2017/1367 2287/2018/2287 2286/2019/2286 683/2020/683
f 683/2020/683 2286/2019/2286 2285/2021/2285 685/2022/685
f 685/2022/685 2285/2021/2285 2284/2023/2284 686/2024/686
f 2653/2025/2653 2368/1324/2368 444/1323/444 2654/2026/2654
f 2984/2027/2984 2477/2028/2477 493/2029/493 2985/2030/2985
f 2982/2031/2982 2449/2032/2449 339/2033/339 2983/2034/2983
f 2864/2035/2864 399/2036/399 395/2037/395 2913/2038/2913
f 2865/2039/2865 2775/1106/2775 977/1105/977 2781/2040/2781
f 3371/2041/3371 2864/2035/2864 693/1004/693 3370/2042/3370
f 2782/2043/2782 694/989/694 695/988/695 2783/2044/2783
f 2798/2045/2798 2883/2046/2883 2920/868/2920 2797/867/2797
f 2799/2047/2799 700/1141/700 701/1140/701 2800/2048/2800
f 2800/2048/2800 701/1140/701 661/1436/661 2801/2049/2801
f 2803/2050/2803 1760/1206/1760 703/1205/703 2804/2051/2804
f 2805/2052/2805 1730/1174/1730 704/1173/704 2806/2053/2806
f 2807/2054/2807 1791/1511/1791 705/1452/705 2808/2055/2808
f 2808/2055/2808 705/1452/705 1246/1451/1246 2809/2056/2809
f 2811/2057/2811 855/1421/855 707/1420/707 2812/2058/2812
f 3404/2059/3404 2813/484/2813 209/2060/209 2812/2058/2812
f 3402/2061/3402 2674/2062/2674 709/2063/709 2819/2064/2819
f 2819/2064/2819 709/2063/709 710/1408/710 2820/2065/2820
f 3180/2066/3180 2820/2065/2820 710/1408/710 3179/1407/3179
f 2825/2067/2825 1531/1399/1531 712/1398/712 2826/2068/2826
f 2826/2068/2826 712/1398/712 713/1394/713 2827/2069/2827
f 2827/2069/2827 713/1394/713 714/1393/714 2828/2070/2828
f 2828/2070/2828 714/1393/714 864/1395/864 2829/2071/2829
f 2831/2072/2831 1236/1469/1236 716/1468/716 2832/2073/2832
f 2832/2073/2832 716/1468/716 1801/1495/1801 2833/2074/2833
f 2834/2075/2834 717/1164/717 1740/1163/1740 2835/2076/2835
f 2836/2077/2836 718/1191/718 1770/1190/1770 2837/2078/2837
f 2839/2079/2839 2417/1427/2417 720/1126/720 2840/2080/2840
f 2840/2080/2840 720/1126/720 721/1125/721 2841/2081/2841
f 2790/986/2790 2927/985/2927 2928/2082/2928 2873/2083/2873
f 2853/2084/2853 729/997/729 2482/996/2482 2854/2085/2854
f 2855/2086/2855 730/945/730 2454/944/2454 2856/2087/2856
f 2857/2088/2857 731/1001/731 732/1000/732 2858/2089/2858
f 2858/2089/2858 732/1000/732 786/1109/786 2859/2090/2859
f 2914/2091/2914 733/2092/733 734/2093/734 2915/2094/2915
f 2916/2095/2916 2448/1102/2448 735/1101/735 2917/2096/2917
f 2918/2097/2918 2476/1531/2476 736/2098/736 2919/2099/2919
f 2847/2100/2847 2877/2101/2877 2878/876/2878 2846/875/2846
f 2931/2102/2931 744/1135/744 745/1134/745 2932/2103/2932
f 2932/2103/2932 745/1134/745 2423/1432/2423 2933/2104/2933
f 2935/2105/2935 1764/1217/1764 747/1216/747 2936/2106/2936
f 2937/2107/2937 1734/1171/1734 748/1170/748 2938/2108/2938
f 2939/2109/2939 1795/1515/1795 749/1459/749 2940/2110/2940
f 2940/2110/2940 749/1459/749 1242/1458/1242 2941/2111/2941
f 2943/2112/2943 858/1242/858 751/479/751 2944/2113/2944
f 2944/2113/2944 751/479/751 945/478/945 2945/2114/2945
f 2946/2115/2946 752/546/752 2299/545/2299 2947/2116/2947
f 2948/2117/2948 753/451/753 2318/450/2318 2949/2118/2949
f 2951/2119/2951 2341/514/2341 755/513/755 2952/2120/2952
f 2953/2121/2953 2358/566/2358 756/565/756 2954/2122/2954
f 2955/2123/2955 2393/417/2393 757/416/757 2956/2124/2956
f 2959/2125/2959 914/727/914 758/838/758 2960/2126/2960
f 3076/552/3076 2295/553/2295 766/2127/766 3077/2128/3077
f 3063/2129/3063 881/2130/881 930/2131/930 3064/2132/3064
f 785/994/785 2861/1003/2861 2862/1006/2862 784/991/784
f 2859/2090/2859 786/1109/786 2780/2133/2780 3369/2134/3369
f 3368/1107/3368 2780/2133/2780 786/1109/786 2866/1108/2866
f 2773/1104/2773 3368/1107/3368 2866/1108/2866 979/1114/979
f 789/1089/789 2771/987/2771 2772/990/2772 788/1086/788
f 2458/1097/2458 790/1096/790 2769/2135/2769 2770/1098/2770
f 2486/2136/2486 791/2137/791 2767/1523/2767 2768/1526/2768
f 2796/870/2796 2921/869/2921 2922/2138/2922 2795/2139/2795
f 1307/1231/1307 800/1230/800 350/2140/350 1308/2141/1308
f 1820/2142/1820 350/2143/350 800/906/800 1819/905/1819
f 805/951/805 333/2144/333 511/2145/511 804/1575/804
f 806/954/806 505/2146/505 333/2144/333 805/951/805
f 807/1565/807 326/2147/326 505/2146/505 806/954/806
f 2510/1539/2510 808/980/808 494/2148/494 2511/2149/2511
f 2461/2150/2461 494/2148/494 808/980/808 2462/979/2462
f 2431/973/2431 342/972/342 809/1083/809 2432/1082/2432
f 811/1061/811 380/1047/380 385/1046/385 810/1058/810
f 802/922/802 1708/921/1708 1707/902/1707 801/901/801
f 814/1044/814 392/1039/392 391/1038/391 813/1041/813
f 2438/1073/2438 815/1072/815 349/1076/349 2439/1075/2439
f 2468/1546/2468 816/962/816 497/964/497 2469/1548/2469
f 2519/965/2519 497/964/497 816/962/816 2520/961/2520
f 818/931/818 502/936/502 330/1559/330 817/1557/817
f 819/934/819 338/937/338 502/936/502 818/931/818
f 820/1568/820 508/1569/508 338/937/338 819/934/819
f 1829/888/1829 824/887/824 354/918/354 1828/917/1828
f 825/1158/825 469/2151/469 354/2152/354 824/1155/824
f 2406/2153/2406 469/2151/469 825/1158/825 2407/1445/2407
f 1748/1195/1748 827/1194/827 374/2154/374 1749/2155/1749
f 1718/1169/1718 828/1168/828 373/2156/373 1719/2157/1719
f 848/1352/848 831/1351/831 438/1368/438 849/1367/849
f 1622/1302/1622 2720/1301/2720 2721/2158/2721 1621/2159/1621
f 686/2024/686 2284/2023/2284 2281/2160/2281 687/2161/687
f 687/2161/687 2281/2160/2281 2280/2162/2280 832/2163/832
f 832/2163/832 2280/2162/2280 2279/2164/2279 833/2165/833
f 833/2165/833 2279/2164/2279 2278/2166/2278 834/2167/834
f 2376/1314/2376 439/1313/439 836/2168/836 2377/2169/2377
f 2311/456/2311 205/455/205 766/2127/766 2295/553/2295
f 2313/528/2313 218/2170/218 838/462/838 2314/461/2314
f 2345/507/2345 840/506/840 225/502/225 2329/555/2329
f 2362/559/2362 841/558/841 191/405/191 2346/503/2346
f 2397/410/2397 842/409/842 190/2171/190 2381/406/2381
f 998/1360/998 2896/1359/2896 2897/1392/2897 999/1944/999
f 1179/1389/1179 1180/2172/1180 1297/1396/1297 662/1362/662
f 723/2173/723 1688/2174/1688 1687/1958/1687 722/1356/722
f 848/1352/848 830/2175/830 478/2176/478 847/1349/847
f 849/1367/849 479/2177/479 830/2175/830 848/1352/848
f 2728/1366/2728 850/2178/850 480/2179/480 2729/2180/2729
f 2743/1422/2743 855/1421/855 706/2181/706 2744/2182/2744
f 2810/2183/2810 706/2181/706 855/1421/855 2811/2057/2811
f 958/1374/958 3151/1243/3151 3152/2184/3152 959/2185/959
f 3151/1243/3151 858/1242/858 750/2186/750 3152/2184/3152
f 2942/2187/2942 750/2186/750 858/1242/858 2943/2112/2943
f 3007/2188/3007 474/2189/474 859/1241/859 3008/1240/3008
f 3080/1613/3080 862/1244/862 768/2190/768 3081/2191/3081
f 863/1245/863 475/2192/475 768/2190/768 862/1244/862
f 2829/2071/2829 864/1395/864 715/2193/715 2830/2194/2830
f 2895/1358/2895 715/2193/715 864/1395/864 2896/1359/2896
f 1211/2195/1211 1351/2196/1351 1350/1247/1350 1210/1246/1210
f 1589/240/1589 110/239/110 866/1257/866 1590/1256/1590
f 1336/270/1336 114/269/114 867/1261/867 1337/1260/1337
f 3331/1267/3331 869/1266/869 555/2197/555 3332/2198/3332
f 1019/2199/1019 555/2197/555 869/1266/869 1020/1695/1020
f 2598/683/2598 871/682/871 262/2200/262 2599/2201/2599
f 872/1670/872 422/2202/422 262/2200/262 871/682/871
f 3254/1674/3254 873/1673/873 551/2203/551 3255/2204/3255
f 1250/2205/1250 551/2206/551 873/1676/873 1251/1675/1251
f 875/1692/875 316/2207/316 552/2208/552 874/1689/874
f 2912/2209/2912 316/2207/316 875/1692/875 2580/733/2580
f 1009/2210/1009 535/2211/535 876/732/876 1010/1638/1010
f 3357/2212/3357 566/2213/566 877/1723/877 3358/1722/3358
f 1264/1628/1264 879/1627/879 156/312/156 1265/311/1265
f 1568/326/1568 156/312/156 879/1627/879 1569/1726/1569
f 1032/1251/1032 865/1250/865 157/319/157 1033/318/1033
f 2962/2214/2962 635/2215/635 636/737/636 2963/736/2963
f 3026/2216/3026 2096/2217/2096 626/2218/626 3027/2219/3027
f 2961/2220/2961 2097/2221/2097 635/2215/635 2962/2214/2962
f 3061/836/3061 643/835/643 642/839/642 2093/2222/2093 3062/2223/3062
f 2753/1437/2753 661/1436/661 701/1140/701 2754/1139/2754
f 925/2224/925 283/769/283 284/761/284 926/760/926
f 2091/2225/2091 246/650/246 241/649/241 2090/2226/2090
f 2092/2227/2092 247/652/247 246/650/246 2091/2225/2091
f 1540/2228/1540 900/1948/900 889/685/889 1541/684/1541
f 3048/679/3048 890/393/890 901/2229/901 3049/2230/3049
f 901/2229/901 890/393/890 891/392/891 902/2231/902
f 2969/751/2969 892/750/892 903/2232/903 2970/2233/2970
f 3119/2234/3119 1952/2235/1952 1951/1982/1951 3120/1981/3120
f 953/2236/953 904/2237/904 893/741/893 954/740/954
f 3136/729/3136 895/728/895 906/2238/906 3137/2239/3137
f 2957/2240/2957 906/2238/906 895/728/895 2958/2241/2958
f 3022/2242/3022 907/2243/907 896/2244/896 3023/2245/3023
f 3065/2246/3065 280/2247/280 278/2248/278 3066/2249/3066
f 1539/2250/1539 189/1947/189 900/1948/900 1540/2228/1540
f 3049/2230/3049 901/2229/901 184/2251/184 3050/2252/3050
f 902/2231/902 194/2253/194 184/2251/184 901/2229/901
f 2970/2233/2970 903/2232/903 672/2254/672 2971/2255/2971
f 3118/2256/3118 1953/2257/1953 1952/2235/1952 3119/2234/3119
f 952/2258/952 199/2259/199 904/2237/904 953/2236/953
f 3137/2239/3137 906/2238/906 757/2260/757 3138/2261/3138
f 2956/2262/2956 757/2260/757 906/2238/906 2957/2240/2957
f 3021/2263/3021 192/2264/192 907/2243/907 3022/2242/3022
f 3066/2249/3066 278/2248/278 842/2265/842 3067/2266/3067
f 276/2267/276 190/2268/190 842/2265/842 278/2248/278
f 910/800/910 889/685/889 900/1948/900 912/832/912
f 924/801/924 910/800/910 283/769/283 925/2224/925
f 912/832/912 274/770/274 283/769/283 910/800/910
f 2087/759/2087 252/667/252 249/658/249 2086/1972/2086
f 2958/2241/2958 895/728/895 914/727/914 2959/2125/2959
f 3023/2245/3023 896/2244/896 915/723/915 3024/722/3024
f 3064/2132/3064 930/2131/930 280/2247/280 3065/2246/3065
f 955/743/955 918/742/918 289/2269/289 956/2270/956
f 3121/1984/3121 1949/1983/1949 1950/2271/1950 3122/2272/3122
f 2967/2273/2967 673/2274/673 919/749/919 2968/748/2968
f 921/394/921 183/2275/183 271/2276/271 920/391/920
f 3046/2277/3046 183/2275/183 921/394/921 3047/678/3047
f 1542/687/1542 923/686/923 273/1976/273 1543/1975/1543
f 924/801/924 911/2278/911 273/1976/273 923/686/923
f 925/2224/925 885/2279/885 911/2278/911 924/801/924
f 926/760/926 884/2280/884 885/2279/885 925/2224/925
f 928/763/928 882/2281/882 884/2280/884 926/760/926
f 929/767/929 886/2282/886 882/2283/882 928/764/928
f 2093/2222/2093 642/839/642 247/652/247 2092/2227/2092
f 931/2284/931 930/2131/930 881/2130/881 887/2285/887
f 931/2284/931 887/2285/887 886/2282/886 929/767/929
f 281/766/281 280/2247/280 930/2131/930 931/2284/931
f 929/767/929 281/766/281 931/2284/931
f 946/483/946 3149/477/3149 3150/480/3150 957/1373/957
f 2981/2286/2981 677/2287/677 934/2288/934 2818/2002/2818
f 936/591/936 231/2289/231 202/2290/202 935/588/935
f 3060/2291/3060 231/2289/231 936/591/936 2822/491/2822
f 1533/495/1533 938/494/938 201/2292/201 1534/2293/1534
f 939/465/939 652/2294/652 201/2292/201 938/494/938
f 940/468/940 205/2295/205 652/2294/652 939/465/939
f 941/469/941 766/2296/766 205/2295/205 940/468/940
f 3078/472/3078 3077/2297/3077 766/2296/766 941/469/941
f 3010/476/3010 944/475/944 204/2298/204 3011/2299/3011
f 2945/2114/2945 945/478/945 752/2300/752 2946/2301/2946
f 3148/482/3148 752/2300/752 945/478/945 3149/477/3149
f 946/483/946 933/2302/933 203/2303/203 947/481/947
f 3147/544/3147 3148/547/3148 947/2304/947 2301/2305/2301
f 3145/449/3145 3146/452/3146 948/446/948 2320/445/2320
f 2339/519/2339 950/518/950 3142/512/3142 3143/515/3143
f 2356/571/2356 951/570/951 3140/564/3140 3141/567/3141
f 2391/422/2391 952/421/952 3138/415/3138 3139/418/3139
f 953/2306/953 3137/2239/3137 3138/2261/3138 952/2307/952
f 954/2308/954 3136/729/3136 3137/2239/3137 953/2306/953
f 955/2309/955 3135/726/3135 3136/729/3136 954/2308/954
f 956/2310/956 3134/837/3134 3135/726/3135 955/2309/955
f 957/1373/957 209/2060/209 933/2302/933 946/483/946
f 958/1374/958 856/2311/856 209/2060/209 957/1373/957
f 959/2185/959 473/2312/473 856/2311/856 958/1374/958
f 1244/1457/1244 960/1456/960 489/2313/489 1245/2314/1245
f 1792/2315/1792 489/2313/489 960/1456/960 1793/1513/1793
f 1731/2316/1731 369/2317/369 961/1022/961 1732/1021/1732
f 1761/2318/1761 370/2319/370 962/1213/962 1762/1212/1762
f 2425/1433/2425 964/1137/964 464/2320/464 2426/2321/2426
f 965/1138/965 358/2322/358 464/2320/464 964/1137/964
f 2843/874/2843 2881/873/2881 2882/2323/2882 2842/2324/2842
f 388/1052/388 387/1051/387 390/1053/390
f 1224/2325/1224 852/2326/852 3272/2327/3272 3273/1375/3273
f 2730/1485/2730 2731/1488/2731 699/2328/699 1228/2329/1228
f 699/2328/699 2731/1488/2731 2732/1504/2732 1780/2330/1780
f 722/1356/722 1687/1958/1687 845/1957/845 410/1353/410
f 852/2326/852 1224/2325/1224 1675/1490/1675 698/2331/698
f 722/1356/722 1880/1355/1880 1879/2332/1879 723/2173/723
f 723/2173/723 1879/2332/1879 1878/2333/1878 724/1480/724
f 976/1008/976 398/2334/398 394/2335/394 975/1009/975
f 2781/2040/2781 977/1105/977 694/989/694 2782/2043/2782
f 2772/990/2772 694/989/694 977/1105/977 2773/1104/2773
f 979/1114/979 788/1086/788 2772/990/2772 2773/1104/2773
f 980/1090/980 397/1087/397 788/1086/788 979/1114/979
f 981/1091/981 393/1088/393 397/1087/397 980/1090/980
f 2456/1093/2456 982/1092/982 337/1095/337 2457/1094/2457
f 2484/1518/2484 983/1517/983 492/1520/492 2485/1519/2485
f 2794/862/2794 2923/861/2923 2924/864/2924 2793/863/2793
f 724/1480/724 1878/2333/1878 1877/2336/1877 725/1477/725
f 725/1477/725 1877/2336/1877 1876/2337/1876 726/1499/726
f 726/1499/726 1876/2337/1876 1875/2338/1875 727/1036/727
f 727/1036/727 1875/2338/1875 1874/2339/1874 728/1033/728
f 728/1033/728 1874/2339/1874 1873/2340/1873 737/1183/737
f 737/1183/737 1873/2340/1873 1872/2341/1872 738/1180/738
f 738/1180/738 1872/2341/1872 1871/2342/1871 739/2343/739
f 992/1113/992 461/2344/461 359/2345/359 991/1110/991
f 2414/2346/2414 461/2344/461 992/1113/992 2415/1425/2415
f 1742/2347/1742 377/2348/377 993/2349/993 1741/1189/1741
f 1711/1159/1711 995/2350/995 366/2351/366 1712/2352/1712
f 1773/2353/1773 366/2351/366 995/2350/995 1772/1496/1772
f 1233/2354/1233 482/2355/482 996/1472/996 1234/1471/1234
f 998/1360/998 844/2356/844 476/2357/476 997/1357/997
f 999/1944/999 455/2358/455 844/2356/844 998/1360/998
f 1000/1383/1000 650/2359/650 455/2358/455 999/1944/999
f 1001/1387/1001 111/2360/111 650/2359/650 1000/1383/1000
f 1896/2361/1896 111/2360/111 1001/1387/1001 1895/2362/1895
f 1003/1624/1003 561/1704/561 2398/381/2398 1013/2363/1013
f 1013/2363/1013 1002/235/1002 112/234/112 1003/1624/1003
f 1527/1706/1527 561/1704/561 1003/1624/1003 1528/1623/1528
f 1506/1710/1506 562/1709/562 1005/1645/1005 1507/1644/1507
f 1474/1714/1474 563/1713/563 1006/1641/1006 1475/1640/1475
f 1428/1634/1428 1008/1630/1008 565/1718/565 1429/1717/1429
f 1398/1720/1398 565/1718/565 1008/1630/1008 1399/1629/1399
f 1010/1638/1010 877/1723/877 566/2213/566 1009/2210/1009
f 1011/1639/1011 571/1724/571 877/1723/877 1010/1638/1010
f 2564/1732/2564 2542/1731/2542 2541/1735/2541 2565/1734/2565
f 1004/2364/1004 108/2365/108 1002/235/1002 1013/2363/1013
f 1293/386/1293 1014/385/1014 124/265/124 1294/264/1294
f 1615/1271/1615 1015/1270/1015 115/261/115 1616/260/1616
f 1516/2366/1516 115/261/115 1015/1270/1015 1517/1282/1517
f 1484/2367/1484 424/2368/424 1016/1273/1016 1485/1272/1485
f 1418/1279/1418 1018/1278/1018 425/2369/425 1419/2370/1419
f 1408/2371/1408 425/2369/425 1018/1278/1018 1409/1694/1409
f 1020/1695/1020 870/2372/870 550/2373/550 1019/2199/1019
f 1021/1696/1021 576/2374/576 870/2372/870 1020/1695/1020
f 2574/2375/2574 2532/2376/2532 2531/1751/2531 2575/1750/2575
f 2405/2377/2405 426/2378/426 1022/1830/1022 2399/1829/2399
f 1978/2379/1978 617/2380/617 1023/2381/1023 1993/1882/1993
f 1025/1795/1025 589/2382/589 599/2383/599 1024/1792/1024
f 3320/2384/3320 589/2382/589 1025/1795/1025 3321/1814/3321
f 1596/1803/1596 1027/1770/1027 583/1774/583 1597/1806/1597
f 1028/1773/1028 593/1775/593 583/1774/583 1027/1770/1027
f 1613/2385/1613 593/1775/593 1028/1773/1028 1526/1869/1526
f 418/2386/418 2137/2387/2137 2144/1840/2144 2557/1839/2557
f 1030/1769/1030 2549/1768/2549 2548/2388/2548 2558/2389/2558
f 1032/1251/1032 880/2390/880 568/2391/568 1031/1248/1031
f 1033/318/1033 159/2392/159 880/2390/880 1032/1251/1032
f 1034/321/1034 160/2393/160 159/2392/159 1033/318/1033
f 1035/343/1035 173/2394/173 160/2393/160 1034/321/1034
f 1036/346/1036 33/2395/33 173/2394/173 1035/343/1035
f 1383/342/1383 1037/174/1037 34/48/34 1384/68/1384
f 1443/49/1443 34/48/34 1037/174/1037 1444/173/1444
f 1465/178/1465 1039/114/1039 83/2396/83 1466/2397/1466
f 1040/117/1040 76/2398/76 83/2396/83 1039/114/1039
f 3396/2399/3396 76/2398/76 1040/117/1040 3397/223/3397
f 1280/2400/1280 68/2401/68 1041/220/1041 1281/219/1281
f 1497/214/1497 1043/213/1043 71/2402/71 1498/2403/1498
f 3386/210/3386 1044/209/1044 79/159/79 3387/2404/3387
f 1045/226/1045 87/160/87 79/159/79 1044/209/1044
f 1046/332/1046 163/334/163 87/160/87 1045/226/1045
f 1047/297/1047 146/302/146 163/334/163 1046/332/1046
f 1048/300/1048 145/303/145 146/302/146 1047/297/1047
f 1013/2363/1013 2398/381/2398 560/380/560 1004/2364/1004
f 3370/2042/3370 693/1004/693 2861/1003/2861 3369/2134/3369
f 3132/2405/3132 635/2215/635 2097/2221/2097 3133/2406/3133
f 1949/1983/1949 919/749/919 673/2274/673 1950/2271/1950
f 2108/2407/2108 632/2408/632 634/2409/634 2099/2410/2099
f 2099/2411/2099 634/2412/634 3132/2405/3132 3133/2406/3133
f 1073/2413/1073 1071/2414/1071 1050/2415/1050 2704/2416/2704 2705/2417/2705
f 2642/2418/2642 1076/2419/1076 1057/2420/1057 2643/2421/2643
f 1083/2422/1083 1081/2423/1081 1061/2424/1061 1082/2425/1082
f 1088/2426/1088 1086/2427/1086 1064/2428/1064 1087/2429/1087
f 2701/2430/2701 1068/2431/1068 2151/2432/2151 2702/2433/2702
f 2705/2434/2705 1070/2435/1070 1052/2436/1052 2706/2437/2706
f 2704/2416/2704 1051/2438/1051 1070/2439/1070 2705/2417/2705
f 1053/2440/1053 1071/2441/1071 1073/2442/1073 2705/2434/2705 2706/2437/2706
f 1078/2443/1078 1075/2444/1075 1055/2445/1055 1079/2446/1079
f 1077/2447/1077 1054/2448/1054 1075/2449/1075 1078/2450/1078
f 2641/2451/2641 1056/2452/1056 1076/2453/1076 2642/2454/2642
f 2633/2455/2633 1080/2456/1080 1059/2457/1059 2634/2458/2634
f 2632/2459/2632 1058/2460/1058 1080/2461/1080 2633/2462/2633
f 1084/2463/1084 1060/2464/1060 1081/2465/1081 1083/2466/1083
f 1088/2426/1088 1085/2467/1085 1062/2468/1062 1089/2469/1089
f 1087/2429/1087 1065/2470/1065 1085/2467/1085 1088/2426/1088
f 1089/2469/1089 1063/2471/1063 1086/2427/1086 1088/2426/1088
f 2150/2472/2150 1070/2439/1070 1051/2438/1051 2143/2473/2143
f 2149/2474/2149 1052/2436/1052 1070/2435/1070 2150/2475/2150
f 2706/2437/2706 1052/2436/1052 2149/2474/2149 2707/2476/2707
f 2147/2477/2147 1053/2440/1053 2706/2437/2706 2707/2476/2707
f 2146/2478/2146 1071/2441/1071 1053/2440/1053 2147/2477/2147
f 2145/2479/2145 1050/2415/1050 1071/2414/1071 2146/2480/2146
f 2703/2481/2703 2704/2416/2704 1050/2415/1050 2145/2479/2145
f 2168/2482/2168 2159/2483/2159 2166/2484/2166 2167/2485/2167
f 2645/2486/2645 2160/2487/2160 1096/2488/1096 2646/2489/2646
f 2169/2490/2169 1057/2420/1057 1076/2419/1076 2170/2491/2170
f 2170/2492/2170 1076/2453/1076 1056/2452/1056 2171/2493/2171
f 2640/2494/2640 2171/2493/2171 1056/2452/1056 2641/2451/2641
f 2172/2495/2172 1079/2446/1079 1055/2445/1055 2173/2496/2173
f 2173/2496/2173 1055/2445/1055 1075/2444/1075 2174/2497/2174
f 2174/2498/2174 1075/2449/1075 1054/2448/1054 2167/2485/2167
f 2200/2499/2200 1085/2467/1085 1065/2470/1065 2199/2500/2199
f 2192/2501/2192 1103/2502/1103 1104/2503/1104 2193/2504/2193
f 2193/2504/2193 1104/2503/1104 1105/2505/1105 2194/2506/2194
f 2194/2506/2194 1105/2505/1105 1106/2507/1106 2195/2508/2195
f 2198/2509/2198 1107/2510/1107 1102/2511/1102 2191/2512/2191
f 2197/2513/2197 1108/2514/1108 1107/2510/1107 2198/2509/2198
f 2196/2515/2196 1109/2516/1109 1108/2517/1108 2197/2518/2197
f 2195/2519/2195 1106/2520/1106 1109/2516/1109 2196/2515/2196
f 2176/2521/2176 1082/2425/1082 1061/2424/1061 2175/2522/2175
f 2184/2523/2184 2175/2522/2175 2182/2524/2182 2183/2525/2183
f 2190/2526/2190 1113/2527/1113 1112/2528/1112 2183/2529/2183
f 2189/2530/2189 1114/2531/1114 1113/2527/1113 2190/2526/2190
f 2636/2532/2636 2188/2533/2188 1115/2534/1115 2637/2535/2637
f 2187/2536/2187 1116/2537/1116 1115/2534/1115 2188/2533/2188
f 2186/2538/2186 1117/2539/1117 1116/2540/1116 2187/2541/2187
f 2629/2542/2629 1117/2539/1117 2186/2538/2186 2630/2543/2630
f 1125/2544/1125 1123/2545/1123 1120/2546/1120 1124/2547/1124
f 1125/2548/1125 1122/2549/1122 1118/2550/1118 1126/2551/1126
f 1124/2552/1124 1121/2553/1121 1122/2549/1122 1125/2548/1125
f 1126/2554/1126 1119/2555/1119 1123/2545/1123 1125/2544/1125
f 2216/2556/2216 1122/2549/1122 1121/2553/1121 2215/2557/2215
f 2208/2558/2208 1129/2559/1129 1127/2560/1127 2207/2561/2207
f 2221/2562/2221 2209/2563/2209 2208/2564/2208 2222/2565/2222
f 2220/2566/2220 2210/2567/2210 2209/2563/2209 2221/2562/2221
f 2219/2568/2219 2211/2569/2211 2210/2567/2210 2220/2566/2220
f 2218/2570/2218 2212/2571/2212 2211/2569/2211 2219/2568/2219
f 2217/2572/2217 2213/2573/2213 2212/2574/2212 2218/2575/2218
f 2216/2556/2216 2214/2576/2214 2213/2573/2213 2217/2572/2217
f 2727/1365/2727 435/2577/435 850/2178/850 2728/1366/2728
f 2728/1366/2728 2729/2180/2729 479/2177/479 849/1367/849
f 1780/2330/1780 1779/1502/1779 829/1482/829 699/2328/699
f 1228/2329/1228 699/2328/699 829/1482/829 1229/1481/1229
f 2733/1029/2733 2734/1032/2734 1719/2157/1719 373/2156/373
f 2735/1196/2735 2736/1199/2736 1749/2155/1749 374/2154/374
f 2738/1443/2738 2739/1151/2739 469/2151/469 2406/2153/2406
f 2739/1151/2739 2740/1154/2740 354/2152/354 469/2151/469
f 739/2343/739 1871/2342/1871 2409/2578/2409 740/1124/740
f 3181/1952/3181 543/1835/543 2568/1739/2568 1072/2579/1072
f 1072/2579/1072 2568/1739/2568 2538/1738/2538 1074/2580/1074
f 1074/2580/1074 2538/1738/2538 573/1690/573 1090/2581/1090
f 1090/2581/1090 573/1690/573 874/1689/874 1135/2582/1135
f 1135/2582/1135 874/1689/874 552/2208/552 1136/2583/1136
f 1136/2583/1136 552/2208/552 1402/735/1402 1137/2584/1137
f 1137/2584/1137 1402/735/1402 549/605/549 1138/2585/1138
f 1138/2585/1138 549/605/549 1425/604/1425 1139/2586/1139
f 1139/2586/1139 1425/604/1425 546/2587/546 1140/2588/1140
f 1140/2588/1140 546/2587/546 1478/603/1478 1141/1657/1141
f 1141/1657/1141 1478/603/1478 539/602/539 1142/1654/1142
f 1142/1654/1142 539/602/539 1510/599/1510 1143/2589/1143
f 1143/2589/1143 1510/599/1510 118/597/118 1144/2590/1144
f 1144/2590/1144 118/597/118 1906/596/1906 1145/2591/1145
f 3295/978/3295 494/977/494 2461/1552/2461 3296/1551/3296
f 1145/2592/1145 1906/2593/1906 119/593/119 1146/2594/1146
f 1146/2594/1146 119/593/119 2670/2003/2670 1147/2595/1147
f 1147/2595/1147 2670/2003/2670 679/2596/679 1148/2597/1148
f 1148/2597/1148 679/2596/679 1962/1413/1962 1149/2598/1149
f 1149/2598/1149 1962/1413/1962 2676/1412/2676 1150/2599/1150
f 1150/2599/1150 2676/1412/2676 459/2600/459 1151/2601/1151
f 1151/2601/1151 459/2600/459 854/2602/854 1152/2603/1152
f 1152/2603/1152 854/2602/854 472/2604/472 1153/2605/1153
f 1153/2605/1153 472/2604/472 1221/2606/1221 1154/2607/1154
f 1154/2607/1154 1221/2606/1221 488/2608/488 1155/2609/1155
f 1155/2609/1155 488/2608/488 1790/2610/1790 1156/2611/1156
f 1156/2611/1156 1790/2610/1790 404/2612/404 1157/2613/1157
f 1157/2613/1157 404/2612/404 1729/2614/1729 1158/2615/1158
f 1158/2615/1158 1729/2614/1729 405/2616/405 1159/2617/1159
f 1159/2617/1159 405/2616/405 1759/2618/1759 1160/2619/1160
f 1160/2619/1160 1759/2618/1759 362/2620/362 1161/2621/1161
f 3267/2622/3267 680/2623/680 1964/2624/1964 3268/2625/3268
f 1161/2621/1161 362/2620/362 660/2626/660 1162/2627/1162
f 1162/2627/1162 660/2626/660 465/2628/465 1163/2629/1163
f 1163/2629/1163 465/2628/465 360/2630/360 1164/2631/1164
f 1164/2632/1164 360/2633/360 799/2634/799 1165/2635/1165
f 1165/2635/1165 799/2634/799 359/2345/359 1166/2636/1166
f 1166/2636/1166 359/2345/359 461/2344/461 1167/2637/1167
f 1167/2637/1167 461/2344/461 2414/2346/2414 1168/2638/1168
f 1168/2638/1168 2414/2346/2414 377/2348/377 1169/2639/1169
f 1169/2639/1169 377/2348/377 1742/2347/1742 1170/2640/1170
f 1170/2640/1170 1742/2347/1742 365/2641/365 1171/2642/1171
f 1171/2642/1171 365/2641/365 1712/2352/1712 1172/2643/1172
f 1172/2643/1172 1712/2352/1712 366/2351/366 1173/2644/1173
f 1173/2644/1173 366/2351/366 1773/2353/1773 1174/2645/1174
f 1174/2645/1174 1773/2353/1773 482/2355/482 1175/2646/1175
f 1175/2646/1175 482/2355/482 1233/2354/1233 1176/2647/1176
f 1176/2647/1176 1233/2354/1233 476/2357/476 1177/2648/1177
f 1177/2648/1177 476/2357/476 844/2356/844 1178/2649/1178
f 1178/2649/1178 844/2356/844 455/2358/455 1179/2650/1179
f 1179/2650/1179 455/2358/455 650/2359/650 1180/2651/1180
f 1180/2651/1180 650/2359/650 111/2360/111 1181/2652/1181
f 1181/2652/1181 111/2360/111 1896/2361/1896 1182/2653/1182
f 1182/2654/1182 1896/2655/1896 108/2365/108 1183/2656/1183
f 1183/2656/1183 108/2365/108 1004/2364/1004 1184/2657/1184
f 1184/2657/1184 1004/2364/1004 560/380/560 1185/2658/1185
f 3344/2659/3344 1185/2658/1185 560/380/560 3345/379/3345
f 1186/2660/1186 143/299/143 144/298/144 1187/2661/1187
f 1187/2661/1187 144/298/144 162/331/162 1188/2662/1188
f 1188/2662/1188 162/331/162 103/225/103 1189/2663/1189
f 1189/2663/1189 103/225/103 102/208/102 1190/2664/1190
f 3384/2665/3384 1190/2664/1190 102/208/102 3385/207/3385
f 1191/2666/1191 97/212/97 1496/211/1496 1192/2667/1192
f 1192/2667/1192 1496/211/1496 98/2668/98 1194/2669/1194
f 740/1124/740 2409/2578/2409 1870/2670/1870 741/1122/741
f 1197/194/1197 2523/193/2523 1193/2671/1193 3400/2672/3400
f 1195/2673/1195 1281/219/1281 1282/222/1282 1196/2674/1196
f 1283/2675/1283 1194/2669/1194 3400/2672/3400 1193/2671/1193
f 1197/194/1197 1282/222/1282 101/221/101 1198/191/1198
f 3398/224/3398 100/116/100 1199/127/1199 3399/126/3399
f 1626/1320/1626 2718/1319/2718 2719/1300/2719 1623/1299/1623
f 834/2167/834 2278/2166/2278 2277/2676/2277 835/2677/835
f 835/2677/835 2277/2676/2277 2276/2678/2276 1355/2679/1355
f 1355/2679/1355 2276/2678/2276 2275/2680/2275 1356/2681/1356
f 1356/2681/1356 2275/2680/2275 2274/2682/2274 1357/2683/1357
f 2716/1311/2716 2373/1306/2373 441/1305/441 2717/1312/2717
f 1313/1509/1313 487/1377/487 1222/1376/1222 1314/1447/1314
f 3272/2327/3272 471/1448/471 1222/1376/1222 3273/1375/3273
f 1199/127/1199 100/116/100 92/115/92 1200/186/1200
f 1984/2684/1984 698/2331/698 1675/1490/1675 1968/1489/1968
f 984/2685/984 1667/2686/1667 985/2687/985 898/2688/898
f 2729/2180/2729 480/2179/480 1226/1486/1226 2730/1485/2730
f 2729/2180/2729 2730/1485/2730 1228/2329/1228 479/2177/479
f 1229/1481/1229 830/2175/830 479/2177/479 1228/2329/1228
f 1230/1484/1230 478/2176/478 830/2175/830 1229/1481/1229
f 724/1480/724 1689/1479/1689 1688/2174/1688 723/2173/723
f 898/2688/898 985/2687/985 986/2689/986 909/2690/909
f 1299/2691/1299 477/2692/477 1232/1474/1232 1300/1473/1300
f 1234/1471/1234 997/1357/997 476/2357/476 1233/2354/1233
f 2894/1470/2894 2895/1358/2895 997/1357/997 1234/1471/1234
f 2894/1470/2894 1236/1469/1236 715/2193/715 2895/1358/2895
f 2830/2194/2830 715/2193/715 1236/1469/1236 2831/2072/2831
f 1238/1461/1238 768/2190/768 475/2192/475 1237/1493/1237
f 3082/1460/3082 3081/2191/3081 768/2190/768 1238/1461/1238
f 909/2690/909 986/2689/986 987/2693/987 917/2694/917
f 3006/1612/3006 1241/1611/1241 474/2189/474 3007/2188/3007
f 2941/2111/2941 1242/1458/1242 750/2186/750 2942/2187/2942
f 3152/2184/3152 750/2186/750 1242/1458/1242 3153/1454/3153
f 1244/1457/1244 959/2185/959 3152/2184/3152 3153/1454/3153
f 1245/2314/1245 473/2312/473 959/2185/959 1244/1457/1244
f 2809/2056/2809 1246/1451/1246 706/2181/706 2810/2183/2810
f 2744/2182/2744 706/2181/706 1246/1451/1246 2745/1450/2745
f 1479/1656/1479 1247/1655/1247 428/2695/428 1480/2696/1480
f 1139/2586/1139 1424/1666/1424 1249/1665/1249 1138/2585/1138
f 1138/2585/1138 1249/1665/1249 1403/1683/1403 1137/2584/1137
f 1136/2583/1136 1250/2205/1250 1251/1675/1251 1135/2582/1135
f 1135/2582/1135 1251/1675/1251 1252/1678/1252 1090/2581/1090
f 1074/2580/1074 2537/1741/2537 2569/1740/2569 1072/2579/1072
f 3181/1952/3181 1253/1820/1253 2512/1819/2512 3182/1951/3182
f 3184/2697/3184 1838/1878/1838 1255/1784/1255 3185/2698/3185
f 3185/2698/3185 1255/1784/1255 1256/1787/1256 3186/2699/3186
f 3186/2699/3186 1256/1787/1256 1257/705/1257 3187/2700/3187
f 3187/2700/3187 1257/705/1257 2588/704/2588 3188/2701/3188
f 3190/2702/3190 1598/1808/1598 1259/1807/1259 3191/2703/3191
f 3191/2703/3191 1259/1807/1259 1260/1813/1260 3192/2704/3192
f 3192/2704/3192 1260/1813/1260 1720/1873/1720 3193/2705/3193
f 3195/2706/3195 2034/1852/2034 1262/1851/1262 3196/2707/3196
f 3197/2708/3197 2561/1729/2561 2545/1728/2545 3198/2709/3198
f 3199/2710/3199 1263/1625/1263 1264/1628/1264 3200/2711/3200
f 3200/2711/3200 1264/1628/1264 1265/311/1265 3201/2712/3201
f 3201/2712/3201 1265/311/1265 1266/314/1266 3202/2713/3202
f 3202/2713/3202 1266/314/1266 1267/378/1267 3203/2714/3203
f 3203/2714/3203 1267/378/1267 1268/62/1268 3204/2715/3204
f 3204/2715/3204 1268/62/1268 1269/65/1269 3205/2716/3205
f 3205/2716/3205 1269/65/1269 1270/77/1270 3206/2717/3206
f 3206/2717/3206 1270/77/1270 1271/136/1271 3207/2718/3207
f 3208/2719/3208 1389/95/1389 1272/90/1272 3209/2720/3209
f 3209/2720/3209 1272/90/1272 1438/89/1438 3210/2721/3210
f 3211/2722/3211 1273/130/1273 1274/72/1274 3212/2723/3212
f 3212/2723/3212 1274/72/1274 1275/54/1275 3213/2724/3213
f 3213/2724/3213 1275/54/1275 1276/55/1276 3214/2725/3214
f 3215/2726/3215 1468/337/1468 1277/227/1277 3216/2727/3216
f 3216/2727/3216 1277/227/1277 1278/228/1278 3217/2728/3217
f 3392/2729/3392 3217/2728/3217 1278/228/1278 3393/231/3393
f 3218/2730/3218 1279/216/1279 1550/215/1550 3219/2731/3219
f 3220/2732/3220 1280/2400/1280 1281/219/1281 1195/2673/1195
f 1196/2674/1196 98/2668/98 1042/2733/1042 1195/2673/1195
f 1193/2671/1193 2523/193/2523 1284/2734/1284 3221/2735/3221
f 1321/192/1321 67/2736/67 1284/2734/1284 2523/193/2523
f 1192/2667/1192 1495/198/1495 1285/197/1285 1191/2666/1191
f 3383/103/3383 1286/102/1286 1190/2664/1190 3384/2665/3384
f 1190/2664/1190 1286/102/1286 1287/163/1287 1189/2663/1189
f 1189/2663/1189 1287/163/1287 1288/377/1288 1188/2662/1188
f 1188/2662/1188 1288/377/1288 1289/293/1289 1187/2661/1187
f 1187/2661/1187 1289/293/1289 1290/296/1290 1186/2660/1186
f 3343/1703/3343 1292/383/1292 1185/2658/1185 3344/2659/3344
f 1200/186/1200 92/115/92 1464/177/1464 1201/183/1201
f 1185/2658/1185 1292/383/1292 1293/386/1293 1184/2657/1184
f 1184/2657/1184 1293/386/1293 1294/264/1294 1183/2656/1183
f 1183/2656/1183 1294/264/1294 1897/263/1897 1182/2654/1182
f 845/1957/845 456/1363/456 1296/1397/1296 1685/1391/1685
f 1685/1391/1685 1296/1397/1296 125/2737/125 1684/1390/1684
f 125/2737/125 1296/1397/1296 1297/1396/1297 1295/2738/1295
f 1178/1388/1178 1298/1361/1298 1299/2691/1299 1177/2739/1177
f 1177/2739/1177 1299/2691/1299 1300/1473/1300 1176/2740/1176
f 1176/2740/1176 1300/1473/1300 1301/1476/1301 1175/2741/1175
f 1175/2741/1175 1301/1476/1301 1774/1497/1774 1174/2742/1174
f 1173/2743/1173 1302/1012/1302 1713/1011/1713 1172/2744/1172
f 1171/2745/1171 1303/1185/1303 1743/1184/1743 1170/2746/1170
f 1168/2747/1168 2413/1424/2413 1305/1238/1305 1167/2748/1167
f 1167/2748/1167 1305/1238/1305 1306/1228/1306 1166/2749/1166
f 1166/2749/1166 1306/1228/1306 1307/1231/1307 1165/2750/1165
f 1165/2750/1165 1307/1231/1307 1308/2141/1308 1164/2751/1164
f 1164/2752/1164 1308/1224/1308 1309/1227/1309 1163/2753/1163
f 1163/2753/1163 1309/1227/1309 659/1438/659 1162/1954/1162
f 1160/2754/1160 1758/1211/1758 1311/1210/1311 1159/2755/1159
f 1158/2756/1158 1728/1237/1728 1312/1236/1312 1157/2757/1157
f 1156/2758/1156 1789/1510/1789 1313/1509/1313 1155/2759/1155
f 1155/2759/1155 1313/1509/1313 1314/1447/1314 1154/2760/1154
f 1154/2760/1154 1314/1447/1314 1315/1449/1315 1153/2761/1153
f 1153/2761/1153 1315/1449/1315 1316/2762/1316 1152/2763/1152
f 1152/2763/1152 1316/2762/1316 1317/1380/1317 1151/2764/1151
f 1151/2764/1151 1317/1380/1317 2678/1379/2678 1150/2765/1150
f 1147/2766/1147 2669/2008/2669 1319/2007/1319 1146/2767/1146
f 1145/2591/1145 1905/254/1905 1320/253/1320 1144/2590/1144
f 1144/2590/1144 1320/253/1320 1511/1636/1511 1143/2589/1143
f 98/2668/98 1196/2674/1196 3400/2672/3400 1194/2669/1194
f 3222/2768/3222 1604/202/1604 1322/201/1322 3223/2769/3223
f 3376/156/3376 1323/155/1323 3224/2770/3224 3377/2771/3377
f 3224/2770/3224 1323/155/1323 1324/167/1324 3225/2772/3225
f 3225/2772/3225 1324/167/1324 1460/338/1460 3226/2773/3226
f 3227/2774/3227 1325/17/1325 1326/20/1326 3228/2775/3228
f 3228/2775/3228 1326/20/1326 1327/35/1327 3229/2776/3229
f 3229/2776/3229 1327/35/1327 1328/150/1328 3230/2777/3230
f 3231/2778/3231 1452/113/1452 1329/105/1329 3232/2779/3232
f 3232/2779/3232 1329/105/1329 1375/104/1375 3233/2780/3233
f 3234/2781/3234 1330/144/1330 1331/1/1331 3235/2782/3235
f 3235/2782/3235 1331/1/1331 1332/4/1332 3236/2783/3236
f 3236/2783/3236 1332/4/1332 1333/33/1333 3237/2784/3237
f 3237/2784/3237 1333/33/1333 1334/349/1334 3238/2785/3238
f 3238/2785/3238 1334/349/1334 1335/267/1335 3239/2786/3239
f 3239/2786/3239 1335/267/1335 1336/270/1336 3240/2787/3240
f 3240/2787/3240 1336/270/1336 1337/1260/1337 3241/2788/3241
f 3241/2788/3241 1337/1260/1337 1338/1263/1338 3242/2789/3242
f 1411/2790/1411 2578/2791/2578 2528/2792/2528 1416/2793/1416
f 1405/2794/1405 1339/1862/1339 2272/1861/2272 1397/2795/1397
f 1291/2796/1291 1473/1838/1473 1341/1816/1341 1227/1815/1227
f 3373/2797/3373 67/2736/67 1321/192/1321 3372/129/3372
f 1343/185/1343 84/2798/84 75/2799/75 1342/128/1342
f 1462/2800/1462 84/2798/84 1343/185/1343 1463/184/1463
f 1446/189/1446 1345/188/1345 16/26/16 1447/25/1447
f 1380/30/1380 16/26/16 1345/188/1345 1381/340/1381
f 1347/353/1347 171/350/171 10/7/10 1346/354/1346
f 1348/324/1348 127/238/127 171/350/171 1347/353/1347
f 1349/323/1349 110/239/110 127/238/127 1348/324/1348
f 1350/1247/1350 866/1257/866 110/239/110 1349/323/1349
f 1351/2196/1351 580/1258/580 866/1257/866 1350/1247/1350
f 2554/2801/2554 2524/1761/2524 2551/1764/2551 2555/1763/2555
f 2156/1860/2156 416/1859/416 1352/1855/1352 2152/1854/2152
f 1513/1867/1513 1354/1800/1354 604/1799/604 1505/1865/1505
f 1357/2683/1357 2274/2682/2274 2271/2802/2271 1359/2803/1359
f 1359/2803/1359 2271/2802/2271 2270/2804/2270 1360/2805/1360
f 1360/2805/1360 2270/2804/2270 2269/2806/2269 1361/2807/1361
f 1361/2807/1361 2269/2806/2269 2268/2808/2268 1362/2809/1362
f 1362/2810/1362 2268/2811/2268 2267/2812/2267 1363/2813/1363
f 1363/2813/1363 2267/2812/2267 2290/2814/2290 1364/390/1364
f 1364/390/1364 2290/2814/2290 2289/2815/2289 1365/387/1365
f 1365/387/1365 2289/2815/2289 2288/2816/2288 1366/2817/1366
f 1367/2017/1367 2659/1963/2659 2660/1614/2660 1366/2817/1366
f 2029/2818/2029 2289/2815/2289 2290/2814/2290 1619/2819/1619
f 1619/2819/1619 2290/2814/2290 2267/2812/2267 1620/1298/1620
f 1620/1298/1620 2267/2812/2267 2268/2811/2268 1621/1295/1621
f 1621/2159/1621 2268/2808/2268 2269/2806/2269 1622/1302/1622
f 1368/276/1368 133/279/133 134/278/134 1369/273/1369
f 1370/271/1370 169/2820/169 132/274/132 1369/273/1369
f 1371/31/1371 11/2821/11 169/2820/169 1370/271/1370
f 1372/15/1372 19/2822/19 11/2821/11 1371/31/1371
f 1373/16/1373 2/2823/2 19/2822/19 1372/15/1372
f 1374/147/1374 63/2824/63 2/2823/2 1373/16/1373
f 3233/2780/3233 1375/104/1375 1330/144/1330 3234/2781/3234
f 1376/107/1376 62/145/62 1330/144/1330 1375/104/1375
f 1582/125/1582 1377/124/1377 61/143/61 1583/142/1583
f 1378/40/1378 8/42/8 61/143/61 1377/124/1377
f 1379/29/1379 24/6/24 8/42/8 1378/40/1378
f 1380/30/1380 10/7/10 24/6/24 1379/29/1379
f 1381/340/1381 1346/354/1346 10/7/10 1380/30/1380
f 1206/355/1206 1346/354/1346 1381/340/1381 1205/339/1205
f 1383/342/1383 1036/346/1036 165/345/165 1382/341/1382
f 1384/68/1384 33/2395/33 1036/346/1036 1383/342/1383
f 1385/43/1385 41/2825/41 33/2395/33 1384/68/1384
f 1386/46/1386 25/2826/25 41/2825/41 1385/43/1385
f 1387/139/1387 56/2827/56 25/2826/25 1386/46/1386
f 1561/82/1561 1388/81/1388 55/135/55 1562/137/1562
f 1389/95/1389 1271/136/1271 55/135/55 1388/81/1388
f 3207/2718/3207 1271/136/1271 1389/95/1389 3208/2719/3208
f 1391/75/1391 31/2828/31 54/2829/54 1390/134/1390
f 1392/60/1392 47/2830/47 31/2828/31 1391/75/1391
f 1393/61/1393 39/2831/39 47/2830/47 1392/60/1392
f 1394/347/1394 174/2832/174 39/2831/39 1393/61/1393
f 1395/309/1395 151/2833/151 174/2832/174 1394/347/1394
f 1396/310/1396 152/2834/152 151/2833/151 1395/309/1395
f 3356/1721/3356 1398/1720/1398 566/2213/566 3357/2212/3357
f 1201/183/1201 1464/177/1464 93/2835/93 1202/2836/1202
f 1399/1629/1399 1009/2210/1009 566/2213/566 1398/1720/1398
f 1400/1632/1400 535/2211/535 1009/2210/1009 1399/1629/1399
f 2911/1688/2911 1401/734/1401 316/2207/316 2912/2209/2912
f 1402/735/1402 552/2208/552 316/2207/316 1401/734/1401
f 1137/2584/1137 1403/1683/1403 1250/2205/1250 1136/2583/1136
f 1404/1684/1404 551/2206/551 1250/2205/1250 1403/1683/1403
f 3255/2204/3255 551/2203/551 1404/1682/1404 3256/1681/3256
f 1202/2836/1202 93/2835/93 1445/176/1445 1203/190/1203
f 1407/661/1407 262/2200/262 422/2202/422 1406/1280/1406
f 2599/2201/2599 262/2200/262 1407/661/1407 2600/660/2600
f 1409/1694/1409 1019/2199/1019 550/2373/550 1408/2371/1408
f 1410/1686/1410 555/2197/555 1019/2199/1019 1409/1694/1409
f 3332/2198/3332 555/2197/555 1410/1686/1410 3333/1685/3333
f 1203/190/1203 1445/176/1445 94/175/94 1204/187/1204
f 1412/14/1412 12/13/12 168/272/168 1413/373/1413
f 1414/277/1414 136/282/136 167/374/167 1413/373/1413
f 1415/280/1415 135/283/135 136/282/136 1414/277/1414
f 3335/1693/3335 1417/1276/1417 553/2837/553 3336/2838/3336
f 1204/187/1204 94/175/94 1382/341/1382 1205/339/1205
f 1418/1279/1418 1017/2839/1017 553/2837/553 1417/1276/1417
f 1419/2370/1419 423/2840/423 1017/2839/1017 1418/1279/1418
f 2602/643/2602 1420/642/1420 254/2841/254 2603/2842/2603
f 1421/1658/1421 544/2843/544 254/2841/254 1420/642/1420
f 3258/1662/3258 1423/1661/1423 545/2844/545 3259/2845/3259
f 1205/339/1205 1382/341/1382 165/345/165 1206/355/1206
f 1424/1666/1424 1248/2846/1248 545/2847/545 1423/1663/1423
f 1140/2588/1140 1248/2846/1248 1424/1666/1424 1139/2586/1139
f 1426/607/1426 236/2848/236 546/2587/546 1425/604/1425
f 2908/2849/2908 236/2848/236 1426/607/1426 2909/1679/2909
f 1428/1634/1428 1007/2850/1007 537/2851/537 1427/1633/1427
f 1429/1717/1429 564/2852/564 1007/2850/1007 1428/1634/1428
f 3353/2853/3353 564/2852/564 1429/1717/1429 3354/1716/3354
f 1206/355/1206 165/345/165 172/344/172 1207/352/1207
f 1432/308/1432 109/2854/109 161/2855/161 1431/305/1431
f 1433/335/1433 177/2856/177 109/2854/109 1432/308/1432
f 1434/56/1434 37/2857/37 177/2856/177 1433/335/1433
f 1435/59/1435 45/2858/45 37/2857/37 1434/56/1434
f 1436/74/1436 29/2859/29 45/2858/45 1435/59/1435
f 1437/133/1437 52/2860/52 29/2859/29 1436/74/1436
f 3210/2721/3210 1438/89/1438 1273/130/1273 3211/2722/3211
f 1439/84/1439 51/131/51 1273/130/1273 1438/89/1438
f 1558/141/1558 51/131/51 1439/84/1439 1559/83/1559
f 1441/69/1441 27/2861/27 58/2862/58 1440/140/1440
f 1442/47/1442 43/2863/43 27/2861/27 1441/69/1441
f 1443/49/1443 35/2864/35 43/2863/43 1442/47/1442
f 1444/173/1444 1038/2865/1038 35/2864/35 1443/49/1443
f 1445/176/1445 93/2835/93 1038/2865/1038 1444/173/1444
f 1203/190/1203 1446/189/1446 1344/2866/1344 1202/2836/1202
f 1447/25/1447 15/22/15 1344/2866/1344 1446/189/1446
f 1448/28/1448 22/23/22 15/22/15 1447/25/1447
f 1449/39/1449 6/36/6 22/23/22 1448/28/1448
f 1450/119/1450 59/151/59 6/36/6 1449/39/1449
f 1579/152/1579 59/151/59 1450/119/1450 1580/118/1580
f 1452/113/1452 1328/150/1328 66/149/66 1451/112/1451
f 3230/2777/3230 1328/150/1328 1452/113/1452 3231/2778/3231
f 1454/9/1454 4/2867/4 65/2868/65 1453/148/1453
f 1455/12/1455 1/2869/1 4/2867/4 1454/9/1454
f 1412/14/1412 13/375/13 1/2869/1 1455/12/1455
f 1456/284/1456 137/287/137 138/286/138 1457/281/1457
f 1458/369/1458 167/374/167 136/282/136 1457/281/1457
f 1459/372/1459 13/375/13 167/374/167 1458/369/1458
f 3226/2773/3226 1460/338/1460 1325/17/1325 3227/2774/3227
f 1461/172/1461 14/18/14 1325/17/1325 1460/338/1460
f 1575/171/1575 1462/2800/1462 15/22/15 1576/21/1576
f 1463/184/1463 1344/2866/1344 15/22/15 1462/2800/1462
f 1202/2836/1202 1344/2866/1344 1463/184/1463 1201/183/1201
f 1465/178/1465 1038/2865/1038 93/2835/93 1464/177/1464
f 1466/2397/1466 35/2864/35 1038/2865/1038 1465/178/1465
f 1554/170/1554 1467/169/1467 36/51/36 1555/50/1555
f 1468/337/1468 1276/55/1276 36/51/36 1467/169/1467
f 3214/2725/3214 1276/55/1276 1468/337/1468 3215/2726/3215
f 1470/365/1470 177/2856/177 37/2857/37 1469/362/1469
f 1471/356/1471 109/2854/109 177/2856/177 1470/365/1470
f 1472/359/1472 161/2855/161 109/2854/109 1471/356/1471
f 3352/1715/3352 1474/1714/1474 564/2852/564 3353/2853/3353
f 1207/352/1207 172/344/172 158/320/158 1208/325/1208
f 1475/1640/1475 1007/2850/1007 564/2852/564 1474/1714/1474
f 1476/1643/1476 537/2851/537 1007/2850/1007 1475/1640/1475
f 2907/1668/2907 1477/600/1477 236/2848/236 2908/2849/2908
f 1478/603/1478 546/2587/546 236/2848/236 1477/600/1477
f 1141/1657/1141 1479/1656/1479 1248/2846/1248 1140/2588/1140
f 1480/2696/1480 545/2847/545 1248/2846/1248 1479/1656/1479
f 3259/2845/3259 545/2844/545 1480/1651/1480 3260/1650/3260
f 1208/325/1208 158/320/158 157/319/157 1209/322/1209
f 1483/637/1483 254/2841/254 544/2843/544 1482/1648/1482
f 2603/2842/2603 254/2841/254 1483/637/1483 2604/636/2604
f 1485/1272/1485 1017/2839/1017 423/2840/423 1484/2367/1484
f 1486/1275/1486 553/2837/553 1017/2839/1017 1485/1272/1485
f 3336/2838/3336 553/2837/553 1486/1275/1486 3337/1697/3337
f 1209/322/1209 157/319/157 865/1250/865 1210/1246/1210
f 1488/288/1488 139/291/139 140/290/140 1489/285/1489
f 1490/366/1490 130/370/130 138/286/138 1489/285/1489
f 1491/229/1491 106/371/106 130/370/130 1490/366/1490
f 1492/230/1492 107/2870/107 106/371/106 1491/229/1491
f 3378/2871/3378 107/2870/107 1492/230/1492 3379/232/3379
f 1605/2872/1605 96/2873/96 1493/204/1493 1606/203/1606
f 1495/198/1495 1283/2675/1283 91/2874/91 1494/195/1494
f 1194/2669/1194 1283/2675/1283 1495/198/1495 1192/2667/1192
f 1497/214/1497 1042/2733/1042 98/2668/98 1496/211/1496
f 1498/2403/1498 95/2875/95 1042/2733/1042 1497/214/1497
f 1548/182/1548 1499/181/1499 99/2876/99 1549/2877/1549
f 3390/111/3390 1500/110/1500 105/2878/105 3391/2879/3391
f 1501/158/1501 104/363/104 105/2878/105 1500/110/1500
f 1502/360/1502 178/364/178 104/363/104 1501/158/1501
f 1503/327/1503 153/357/153 178/364/178 1502/360/1502
f 1504/330/1504 154/358/154 153/357/153 1503/327/1503
f 3350/1711/3350 1506/1710/1506 563/1713/563 3351/1712/3351
f 1210/1246/1210 865/1250/865 581/1249/581 1211/2195/1211
f 1507/1644/1507 1006/1641/1006 563/1713/563 1506/1710/1506
f 1508/1647/1508 540/1642/540 1006/1641/1006 1507/1644/1507
f 2905/1635/2905 1509/598/1509 235/601/235 2906/1667/2906
f 1510/599/1510 539/602/539 235/601/235 1509/598/1509
f 1143/2589/1143 1511/1636/1511 1247/1655/1247 1142/1654/1142
f 1512/1637/1512 428/2695/428 1247/1655/1247 1511/1636/1511
f 3261/1653/3261 428/1652/428 1512/1285/1512 3262/1284/3262
f 1211/2195/1211 581/1249/581 2550/1767/2550 1212/1765/1212
f 1515/635/1515 251/638/251 427/1649/427 1514/1286/1514
f 2605/639/2605 251/638/251 1515/635/1515 2606/634/2606
f 1517/1282/1517 1016/1273/1016 424/2368/424 1516/2366/1516
f 1518/1283/1518 557/1274/557 1016/1273/1016 1517/1282/1517
f 3338/1698/3338 557/1274/557 1518/1283/1518 3339/1699/3339
f 1212/1765/1212 2550/1767/2550 2556/1766/2556 1213/1762/1213
f 3387/2404/3387 79/159/79 1521/154/1521 3388/153/3388
f 1522/161/1522 86/157/86 78/109/78 1521/154/1521
f 1523/333/1523 164/361/164 86/157/86 1522/161/1522
f 1524/301/1524 148/328/148 164/361/164 1523/333/1523
f 1525/304/1525 147/329/147 148/328/148 1524/301/1524
f 3348/1707/3348 1527/1706/1527 562/1709/562 3349/1708/3349
f 1213/1762/1213 2556/1766/2556 417/1842/417 1214/1856/1214
f 1528/1623/1528 1005/1645/1005 562/1709/562 1527/1706/1527
f 1529/242/1529 116/1646/116 1005/1645/1005 1528/1623/1528
f 1908/2880/1908 116/1646/116 1529/242/1529 1909/241/1909
f 2900/1400/2900 1531/1399/1531 711/2881/711 2901/2882/2901
f 2823/2883/2823 711/2881/711 1531/1399/1531 2825/2067/2825
f 1533/495/1533 937/490/937 211/489/211 1532/492/1532
f 1534/2293/1534 200/2884/200 937/490/937 1533/495/1533
f 2307/2885/2307 200/2886/200 1534/533/1534 2308/532/2308
f 2326/2887/2326 220/2888/220 1535/497/1535 2327/496/2327
f 2332/436/2332 1537/435/1537 229/2889/229 2333/2890/2333
f 2349/581/2349 1538/580/1538 197/2891/197 2350/2892/2350
f 2384/428/2384 1539/427/1539 196/2893/196 2385/2894/2385
f 1540/2228/1540 899/2895/899 196/2896/196 1539/2250/1539
f 1541/684/1541 888/2897/888 899/2895/899 1540/2228/1540
f 1542/687/1542 922/2898/922 888/2897/888 1541/684/1541
f 1543/1975/1543 272/2899/272 922/2898/922 1542/687/1542
f 2282/1974/2282 1544/2900/1544 639/1969/639 2273/2901/2273
f 2044/812/2044 1545/841/1545 307/817/307 2043/816/2043
f 1546/844/1546 297/823/297 307/817/307 1545/841/1545
f 1547/822/1547 308/827/308 297/826/297 1546/819/1546
f 1548/182/1548 1498/2403/1498 71/2402/71 1520/179/1520
f 1549/2877/1549 95/2875/95 1498/2403/1498 1548/182/1548
f 3219/2731/3219 1550/215/1550 1280/2400/1280 3220/2732/3220
f 1551/218/1551 68/2401/68 1280/2400/1280 1550/215/1550
f 3395/123/3395 1552/91/1552 76/2398/76 3396/2399/3396
f 1553/94/1553 83/2396/83 76/2398/76 1552/91/1552
f 1554/170/1554 1466/2397/1466 83/2396/83 1553/94/1553
f 1555/50/1555 35/2864/35 1466/2397/1466 1554/170/1554
f 1556/53/1556 43/2863/43 35/2864/35 1555/50/1555
f 1557/71/1557 27/2861/27 43/2863/43 1556/53/1556
f 1558/141/1558 58/2862/58 27/2861/27 1557/71/1557
f 1559/83/1559 1440/140/1440 58/2862/58 1558/141/1558
f 1560/79/1560 57/138/57 1440/140/1440 1559/83/1559
f 1561/82/1561 1387/139/1387 57/138/57 1560/79/1560
f 1562/137/1562 56/2827/56 1387/139/1387 1561/82/1561
f 1563/78/1563 25/2826/25 56/2827/56 1562/137/1562
f 1564/66/1564 41/2825/41 25/2826/25 1563/78/1563
f 1565/67/1565 33/2395/33 41/2825/41 1564/66/1564
f 1566/315/1566 173/2394/173 33/2395/33 1565/67/1565
f 1567/317/1567 160/2393/160 173/2394/173 1566/315/1566
f 1568/326/1568 159/2392/159 160/2393/160 1567/317/1567
f 1569/1726/1569 880/2390/880 159/2392/159 1568/326/1568
f 1570/1727/1570 568/2391/568 880/2390/880 1569/1726/1569
f 2558/2389/2558 2548/2388/2548 2547/1253/2547 2559/1252/2559
f 2137/2387/2137 418/2386/418 1571/1848/1571 2118/1847/2118
f 1650/1872/1650 1573/1776/1573 593/1775/593 1613/2385/1613
f 1574/168/1574 84/2798/84 1462/2800/1462 1575/171/1575
f 1576/21/1576 14/18/14 1461/172/1461 1575/171/1575
f 1577/24/1577 21/19/21 14/18/14 1576/21/1576
f 1578/37/1578 5/34/5 21/19/21 1577/24/1577
f 1579/152/1579 66/149/66 5/34/5 1578/37/1578
f 1580/118/1580 1451/112/1451 66/149/66 1579/152/1579
f 1581/121/1581 50/106/50 1451/112/1451 1580/118/1580
f 1582/125/1582 1376/107/1376 50/106/50 1581/121/1581
f 1583/142/1583 62/145/62 1376/107/1376 1582/125/1582
f 1584/41/1584 9/2/9 62/145/62 1583/142/1583
f 1585/5/1585 20/3/20 9/2/9 1584/41/1584
f 1586/8/1586 17/32/17 20/3/20 1585/5/1585
f 1587/351/1587 170/348/170 17/32/17 1586/8/1586
f 1588/237/1588 128/268/128 170/348/170 1587/351/1587
f 1589/240/1589 114/269/114 128/268/128 1588/237/1588
f 1590/1256/1590 867/1261/867 114/269/114 1589/240/1589
f 1591/1259/1591 579/1262/579 867/1261/867 1590/1256/1590
f 2553/2902/2553 1592/1858/1592 420/1863/420 2552/1759/2552
f 2249/1864/2249 420/1863/420 1592/1858/1592 2234/1857/2234
f 1487/1866/1487 1594/1812/1594 605/1817/605 1481/1837/1481
f 1223/1818/1223 605/1817/605 1594/1812/1594 1220/1811/1220
f 1596/1803/1596 1026/2903/1026 591/2904/591 1595/1802/1595
f 1597/1806/1597 602/2905/602 1026/2903/1026 1596/1803/1596
f 1598/1808/1598 1258/2906/1258 602/2905/602 1597/1806/1597
f 1214/1856/1214 417/1842/417 2148/1841/2148 1215/1853/1215
f 2590/2907/2590 1599/1780/1599 1600/1779/1600 2667/2908/2667
f 1756/2909/1756 2667/2908/2667 1600/1779/1600 1750/1875/1750
f 1602/86/1602 75/2799/75 84/2798/84 1574/168/1574
f 3373/2797/3373 75/2799/75 1602/86/1602 3374/85/3374
f 1604/202/1604 1284/2734/1284 67/2736/67 1603/199/1603
f 3221/2735/3221 1284/2734/1284 1604/202/1604 3222/2768/3222
f 1606/203/1606 1494/195/1494 91/2874/91 1605/2872/1605
f 1607/206/1607 72/196/72 1494/195/1494 1606/203/1606
f 3381/99/3381 1608/98/1608 80/101/80 3382/100/3382
f 1609/165/1609 88/162/88 80/101/80 1608/98/1608
f 1610/368/1610 166/376/166 88/162/88 1609/165/1609
f 1611/289/1611 141/294/141 166/376/166 1610/368/1610
f 1612/292/1612 142/295/142 141/294/141 1611/289/1611
f 3341/1701/3341 1614/1268/1614 559/384/559 3342/1702/3342
f 1215/2910/1215 2148/2911/2148 609/2912/609 1216/2913/1216
f 1615/1271/1615 1014/385/1014 559/384/559 1614/1268/1614
f 1616/260/1616 124/265/124 1014/385/1014 1615/1271/1615
f 1898/266/1898 124/265/124 1616/260/1616 1899/259/1899
f 1683/1404/1683 1618/1403/1618 411/1149/411 1684/1390/1684
f 2027/2914/2027 2726/2915/2726 2662/898/2662 2026/897/2026
f 1622/1302/1622 2269/2806/2269 2270/2804/2270 1623/1299/1623
f 1623/1299/1623 2270/2804/2270 2271/2802/2271 1626/1320/1626
f 1626/1320/1626 2271/2802/2271 2274/2682/2274 1627/1294/1627
f 1627/1294/1627 2274/2682/2274 2275/2680/2275 1628/1292/1628
f 1628/1292/1628 2275/2680/2275 2276/2678/2276 1654/1289/1654
f 2364/1333/2364 452/2015/452 1624/1328/1624 2365/1327/2365
f 1654/1289/1654 2276/2678/2276 2277/2676/2277 1655/2916/1655
f 1655/2916/1655 2277/2676/2277 2278/2166/2278 1882/2917/1882
f 1882/2917/1882 2278/2166/2278 2279/2164/2279 1883/2014/1883
f 1630/1370/1630 850/2178/850 435/2577/435 1629/1371/1629
f 1631/2918/1631 480/2179/480 850/2178/850 1630/1370/1630
f 1632/2919/1632 1226/1486/1226 480/2179/480 1631/2918/1631
f 1633/2920/1633 485/1487/485 1226/1486/1226 1632/2919/1632
f 1782/1503/1782 485/1487/485 1633/2920/1633 1783/2921/1783
f 1721/1031/1721 371/1030/371 1634/2922/1634 1722/2923/1722
f 1751/1198/1751 372/1197/372 1635/2924/1635 1752/2925/1752
f 2403/2926/2403 1637/2927/1637 468/1152/468 2404/1444/2404
f 1638/2928/1638 353/1153/353 468/1152/468 1637/2927/1637
f 1826/892/1826 353/891/353 1638/2929/1638 1824/2930/1824
f 917/2694/917 987/2693/987 988/2931/988 927/2932/927
f 905/2933/905 989/2934/989 942/2935/942 894/2936/894
f 942/2935/942 989/2934/989 990/2937/990 966/2938/966
f 1643/2939/1643 335/2940/335 509/2941/509 1642/2942/1642
f 1644/2943/1644 503/2944/503 335/2940/335 1643/2939/1643
f 1645/2945/1645 329/2946/329 503/2944/503 1644/2943/1644
f 2516/2947/2516 1646/2948/1646 498/2949/498 2517/2950/2517
f 2471/2951/2471 498/2949/498 1646/2948/1646 2472/2952/2472
f 2441/2953/2441 347/2954/347 1647/2955/1647 2442/2956/2442
f 1649/2957/1649 378/2958/378 383/2959/383 1648/2960/1648
f 3303/2961/3303 1651/2962/1651 391/1038/391 3304/1037/3304
f 1216/2913/1216 609/2912/609 1519/1870/1519 1217/1868/1217
f 1652/2963/1652 813/1041/813 391/1038/391 1651/2962/1651
f 1653/2964/1653 375/1042/375 813/1041/813 1652/2963/1652
f 1883/2014/1883 2279/2164/2279 2280/2162/2280 1884/1288/1884
f 1884/1288/1884 2280/2162/2280 2281/2160/2281 1885/615/1885
f 1885/615/1885 2281/2160/2281 2284/2023/2284 1886/612/1886
f 2371/1309/2371 445/1308/445 1656/1304/1656 2372/1303/2372
f 966/2938/966 990/2937/990 1225/2965/1225 967/2966/967
f 2428/1080/2428 1660/1079/1660 344/2967/344 2429/2968/2429
f 2474/1549/2474 1661/969/1661 499/2969/499 2459/2970/2459
f 2513/2971/2513 499/2969/499 1661/969/1661 2514/968/2514
f 1663/941/1663 504/2972/504 327/2973/327 1662/1560/1662
f 1664/940/1664 334/2974/334 504/2972/504 1663/941/1663
f 1665/1572/1665 510/2975/510 334/2974/334 1664/940/1664
f 1823/895/1823 1669/894/1669 351/2976/351 1822/2977/1822
f 967/2966/967 1225/2965/1225 1231/2978/1231 968/2979/968
f 968/2980/968 1231/2981/1231 1239/2982/1239 969/2983/969
f 969/2983/969 1239/2982/1239 1639/2984/1639 970/2985/970
f 1670/1144/1670 467/2986/467 351/2987/351 1669/1145/1669
f 2400/2988/2400 467/2986/467 1670/1144/1670 2401/1442/2401
f 1754/1202/1754 1672/1201/1672 407/2989/407 1755/2990/1755
f 1724/1027/1724 1673/1026/1673 406/2991/406 1725/2992/1725
f 1785/1505/1785 1674/1491/1674 486/2993/486 1786/2994/1786
f 1675/1490/1675 1224/2325/1224 486/2993/486 1674/1491/1674
f 698/2331/698 1984/2684/1984 1982/1369/1982 1676/2995/1676
f 852/2326/852 698/2331/698 1676/2995/1676 1677/2996/1677
f 1677/2996/1677 3271/2997/3271 3272/2327/3272 852/2326/852
f 2681/2998/2681 457/2999/457 1678/1417/1678 2682/1416/2682
f 2665/2012/2665 1680/1405/1680 123/3000/123 2666/3001/2666
f 1681/629/1681 244/3002/244 123/3000/123 1680/1405/1680
f 2609/3003/2609 244/3002/244 1681/629/1681 2610/628/2610
f 1683/1404/1683 1617/3004/1617 126/3005/126 1682/1401/1682
f 1684/1390/1684 125/2737/125 1617/3004/1617 1683/1404/1683
f 1181/3006/1181 1295/2738/1295 1297/1396/1297 1180/2172/1180
f 1687/1958/1687 1688/2174/1688 477/2692/477 1686/1364/1686
f 1686/1364/1686 477/2692/477 1299/2691/1299 1298/1361/1298
f 970/2985/970 1639/2984/1639 1640/3007/1640 971/857/971
f 1689/1479/1689 1232/1474/1232 477/2692/477 1688/2174/1688
f 1690/1478/1690 483/1475/483 1232/1474/1232 1689/1479/1689
f 1775/1498/1775 483/1475/483 1690/1478/1690 1776/1500/1776
f 1714/1014/1714 341/1013/341 1691/1035/1691 1715/1034/1715
f 1744/1187/1744 336/1186/336 1692/1182/1692 1745/1181/1745
f 2411/1123/2411 1694/1121/1694 460/1239/460 2412/1423/2412
f 1695/1120/1695 323/1229/323 460/1239/460 1694/1121/1694
f 1818/908/1818 323/907/323 1695/3008/1695 1833/3009/1833
f 778/858/778 971/857/971 1640/3007/1640 777/3010/777
f 972/3011/972 1641/3012/1641 1666/3013/1666 978/3014/978
f 984/2685/984 820/1568/820 507/1567/507 978/3014/978
f 1700/928/1700 332/952/332 506/1576/506 1699/856/1699
f 1701/957/1701 500/953/500 332/952/332 1700/928/1700
f 1702/956/1702 325/1564/325 500/953/500 1701/957/1701
f 2508/984/2508 1703/1542/1703 495/981/495 2509/1538/2509
f 2463/982/2463 495/981/495 1703/1542/1703 2464/1541/2464
f 2433/1085/2433 343/1084/343 1704/1070/1704 2434/1069/2434
f 1706/903/1706 381/1060/381 386/1059/386 1705/1049/1705
f 1707/902/1707 811/1061/811 381/1060/381 1706/903/1706
f 1708/921/1708 380/1047/380 811/1061/811 1707/902/1707
f 3300/1048/3300 380/1047/380 1708/921/1708 3301/920/3301
f 1217/1868/1217 1519/1870/1519 592/1772/592 1218/1801/1218
f 2890/1162/2890 2891/1165/2891 995/2350/995 1711/1159/1711
f 1712/2352/1712 365/2641/365 994/1160/994 1711/1159/1711
f 1172/2744/1172 1713/1011/1713 1303/1185/1303 1171/2745/1171
f 1714/1014/1714 336/1186/336 1303/1185/1303 1713/1011/1713
f 1715/1034/1715 1692/1182/1692 336/1186/336 1714/1014/1714
f 737/1183/737 1692/1182/1692 1715/1034/1715 728/1033/728
f 1667/2686/1667 1777/3015/1777 1767/3016/1767 985/2687/985
f 1718/1169/1718 827/1194/827 403/1193/403 1717/1166/1717
f 1719/2157/1719 374/2154/374 827/1194/827 1718/1169/1718
f 2734/1032/2734 2735/1196/2735 374/2154/374 1719/2157/1719
f 2734/1032/2734 1721/1031/1721 372/1197/372 2735/1196/2735
f 1722/2923/1722 1635/2924/1635 372/1197/372 1721/1031/1721
f 1794/1028/1794 1724/1027/1724 1672/1201/1672 1771/1200/1771
f 985/2687/985 1767/3016/1767 1753/3017/1753 986/2689/986
f 1725/2992/1725 407/2989/407 1672/1201/1672 1724/1027/1724
f 3277/1179/3277 1727/1178/1727 414/1209/414 3278/1234/3278
f 1218/1801/1218 592/1772/592 582/1771/582 1219/1798/1219
f 1728/1237/1728 1311/1210/1311 414/1209/414 1727/1178/1727
f 1159/2755/1159 1311/1210/1311 1728/1237/1728 1158/2756/1158
f 2749/1175/2749 1730/1174/1730 703/1205/703 2750/1204/2750
f 2804/2051/2804 703/1205/703 1730/1174/1730 2805/2052/2805
f 1732/1021/1732 962/1213/962 370/2319/370 1731/2316/1731
f 3157/1024/3157 3158/1214/3158 962/1213/962 1732/1021/1732
f 3157/1024/3157 1734/1171/1734 747/1216/747 3158/1214/3158
f 2936/2106/2936 747/1216/747 1734/1171/1734 2937/2107/2937
f 3001/1602/3001 368/1601/368 1735/1604/1735 3002/1603/3002
f 3086/1020/3086 1738/1015/1738 771/1219/771 3087/1218/3087
f 986/2689/986 1753/3017/1753 1746/3018/1746 987/2693/987
f 1739/1018/1739 401/1222/401 771/1219/771 1738/1015/1738
f 2835/2076/2835 1740/1163/1740 718/1191/718 2836/2077/2836
f 2889/1161/2889 718/1191/718 1740/1163/1740 2890/1162/2890
f 1741/1189/1741 994/1160/994 365/2641/365 1742/2347/1742
f 1170/2746/1170 1743/1184/1743 1304/3019/1304 1169/3020/1169
f 1744/1187/1744 389/3021/389 1304/3019/1304 1743/1184/1743
f 1745/1181/1745 1693/3022/1693 389/3021/389 1744/1187/1744
f 739/2343/739 1693/3022/1693 1745/1181/1745 738/1180/738
f 987/2693/987 1746/3018/1746 1737/3023/1737 988/2931/988
f 1748/1195/1748 826/3024/826 382/3025/382 1747/1192/1747
f 1749/2155/1749 345/3026/345 826/3024/826 1748/1195/1748
f 2736/1199/2736 2737/3027/2737 345/3026/345 1749/2155/1749
f 2736/1199/2736 1751/1198/1751 361/3028/361 2737/3027/2737
f 1752/2925/1752 1636/3029/1636 361/3028/361 1751/1198/1751
f 1763/1203/1763 1754/1202/1754 1671/3030/1671 1733/3031/1733
f 913/3032/913 1723/3033/1723 989/2934/989 905/2933/905
f 1755/2990/1755 346/3034/346 1671/3030/1671 1754/1202/1754
f 3279/1235/3279 1757/1208/1757 413/1950/413 3280/1949/3280
f 1219/1798/1219 582/1771/582 1595/1802/1595 1220/1811/1220
f 1758/1211/1758 1310/1953/1310 413/1950/413 1757/1208/1757
f 1161/1955/1161 1310/1953/1310 1758/1211/1758 1160/2754/1160
f 2751/1207/2751 1760/1206/1760 702/1435/702 2752/1434/2752
f 2802/3035/2802 702/1435/702 1760/1206/1760 2803/2050/2803
f 1762/1212/1762 963/3036/963 363/3037/363 1761/2318/1761
f 3159/1215/3159 3160/3038/3160 963/3036/963 1762/1212/1762
f 3159/1215/3159 1764/1217/1764 746/3039/746 3160/3038/3160
f 2934/3040/2934 746/3039/746 1764/1217/1764 2935/2105/2935
f 2999/3041/2999 364/3042/364 1765/1600/1765 3000/1599/3000
f 3088/1221/3088 1768/1220/1768 772/3043/772 3089/3044/3089
f 989/2934/989 1723/3033/1723 1716/3045/1716 990/2937/990
f 1769/1223/1769 376/3046/376 772/3043/772 1768/1220/1768
f 2837/2078/2837 1770/1190/1770 719/3047/719 2838/3048/2838
f 2887/3049/2887 719/3047/719 1770/1190/1770 2888/1188/2888
f 1741/1189/1741 993/2349/993 2887/3049/2887 2888/1188/2888
f 1772/1496/1772 996/1472/996 482/2355/482 1773/2353/1773
f 1174/2742/1174 1774/1497/1774 1302/1012/1302 1173/2743/1173
f 1775/1498/1775 341/1013/341 1302/1012/1302 1774/1497/1774
f 1776/1500/1776 1691/1035/1691 341/1013/341 1775/1498/1775
f 727/1036/727 1691/1035/1691 1776/1500/1776 726/1499/726
f 990/2937/990 1716/3045/1716 1698/3050/1698 1225/2965/1225
f 1779/1502/1779 828/1168/828 402/1167/402 1778/1501/1778
f 1780/2330/1780 373/2156/373 828/1168/828 1779/1502/1779
f 2732/1504/2732 2733/1029/2733 373/2156/373 1780/2330/1780
f 2732/1504/2732 1782/1503/1782 371/1030/371 2733/1029/2733
f 1783/2921/1783 1634/2922/1634 371/1030/371 1782/1503/1782
f 1842/1506/1842 1785/1505/1785 1673/1026/1673 1802/1025/1802
f 1225/2965/1225 1698/3050/1698 1697/3051/1697 1231/2978/1231
f 1786/2994/1786 406/2991/406 1673/1026/1673 1785/1505/1785
f 3275/1508/3275 1788/1507/1788 415/1177/415 3276/1176/3276
f 1220/1811/1220 1595/1802/1595 591/2904/591 1223/1818/1223
f 1789/1510/1789 1312/1236/1312 415/1177/415 1788/1507/1788
f 1157/2757/1157 1312/1236/1312 1789/1510/1789 1156/2758/1156
f 2747/1512/2747 1791/1511/1791 704/1173/704 2748/1172/2748
f 2806/2053/2806 704/1173/704 1791/1511/1791 2807/2054/2807
f 1793/1513/1793 961/1022/961 369/2317/369 1792/2315/1792
f 3155/1514/3155 3156/1023/3156 961/1022/961 1793/1513/1793
f 3155/1514/3155 1795/1515/1795 748/1170/748 3156/1023/3156
f 2938/2108/2938 748/1170/748 1795/1515/1795 2939/2109/2939
f 3003/1606/3003 367/1605/367 1796/1608/1796 3004/1607/3004
f 3084/1516/3084 1799/1464/1799 770/1016/770 3085/1019/3085
f 1231/2981/1231 1697/3052/1697 1696/3053/1696 1239/2982/1239
f 1800/1466/1800 328/1017/328 770/1016/770 1799/1464/1799
f 2833/2074/2833 1801/1495/1801 717/1164/717 2834/2075/2834
f 2891/1165/2891 717/1164/717 1801/1495/1801 2892/1494/2892
f 1772/1496/1772 995/2350/995 2891/1165/2891 2892/1494/2892
f 1239/2982/1239 1696/3053/1696 1668/3054/1668 1639/2984/1639
f 1639/2984/1639 1668/3054/1668 1803/3055/1803 1640/3007/1640
f 777/3010/777 1640/3007/1640 1803/3055/1803 776/3056/776
f 1641/3012/1641 1798/3057/1798 1784/3058/1784 1666/3013/1666
f 978/3014/978 1666/3013/1666 1667/2686/1667 984/2685/984
f 971/857/971 1699/856/1699 506/1576/506 970/2985/970
f 970/2985/970 506/1576/506 804/1575/804 969/2983/969
f 969/2983/969 804/1575/804 511/2145/511 968/2980/968
f 968/2979/968 511/1574/511 3290/1573/3290 967/2966/967
f 967/2966/967 3290/1573/3290 510/2975/510 966/2938/966
f 966/2938/966 510/2975/510 1665/1572/1665 942/2935/942
f 894/2936/894 942/2935/942 1665/1572/1665 883/1571/883
f 927/2932/927 1642/2942/1642 509/2941/509 917/2694/917
f 917/2694/917 509/2941/509 3314/1570/3314 909/2690/909
f 909/2690/909 3314/1570/3314 508/1569/508 898/2688/898
f 898/2688/898 508/1569/508 820/1568/820 984/2685/984
f 1666/3013/1666 1784/3058/1784 1777/3015/1777 1667/2686/1667
f 978/3014/978 507/1567/507 1863/1566/1863 972/3011/972
f 776/3056/776 1803/3055/1803 1817/3059/1817 775/3060/775
f 1668/3054/1668 1804/3061/1804 1817/3059/1817 1803/3055/1803
f 1696/3053/1696 1805/3062/1805 1804/3061/1804 1668/3054/1668
f 1697/3052/1697 1806/3063/1806 1805/3062/1805 1696/3053/1696
f 1223/1818/1223 591/2904/591 601/3064/601 1227/1815/1227
f 1822/2977/1822 351/2976/351 3283/910/3283 1821/909/1821
f 1698/3050/1698 1807/3065/1807 1806/3066/1806 1697/3051/1697
f 1716/3045/1716 1808/3067/1808 1807/3065/1807 1698/3050/1698
f 1723/3033/1723 1809/3068/1809 1808/3067/1808 1716/3045/1716
f 932/3069/932 1809/3068/1809 1723/3033/1723 913/3032/913
f 1227/1815/1227 601/3064/601 1430/3070/1430 1291/2796/1291
f 1746/3018/1746 1811/3071/1811 1810/3072/1810 1737/3023/1737
f 1753/3017/1753 1812/3073/1812 1811/3071/1811 1746/3018/1746
f 1767/3016/1767 1813/3074/1813 1812/3073/1812 1753/3017/1753
f 1777/3015/1777 1814/3075/1814 1813/3074/1813 1767/3016/1767
f 1784/3058/1784 1815/3076/1815 1814/3075/1814 1777/3015/1777
f 1798/3057/1798 1816/3077/1816 1815/3076/1815 1784/3058/1784
f 775/3060/775 1817/3059/1817 1833/3009/1833 743/3078/743
f 1804/3061/1804 1818/908/1818 1833/3009/1833 1817/3059/1817
f 1291/2796/1291 1430/3070/1430 606/3079/606 1358/3080/1358
f 1805/3062/1805 1819/905/1819 1818/908/1818 1804/3061/1804
f 1806/3063/1806 1820/2142/1820 1819/905/1819 1805/3062/1805
f 1807/3065/1807 1821/909/1821 1820/912/1820 1806/3066/1806
f 1808/3067/1808 1822/2977/1822 1821/909/1821 1807/3065/1807
f 1809/3068/1809 1823/895/1823 1822/2977/1822 1808/3067/1808
f 1358/3080/1358 606/3079/606 2283/3081/2283 1397/3082/1397
f 974/896/974 1823/895/1823 1809/3068/1809 932/3069/932
f 1811/3071/1811 1826/892/1826 1824/2930/1824 1810/3072/1810
f 1812/3073/1812 1827/889/1827 1826/892/1826 1811/3071/1811
f 1813/3074/1813 1828/917/1828 1827/889/1827 1812/3073/1812
f 1814/3075/1814 1829/888/1829 1828/917/1828 1813/3074/1813
f 1815/3076/1815 1830/885/1830 1829/888/1829 1814/3075/1814
f 1816/3077/1816 1832/929/1832 1830/885/1830 1815/3076/1815
f 743/3078/743 1833/3009/1833 1695/3008/1695 742/3083/742
f 2506/3084/2506 1834/3085/1834 2496/3086/2496 2495/3087/2495
f 741/1122/741 1870/2670/1870 1869/3088/1869 742/1119/742
f 2495/3087/2495 2496/3086/2496 1855/3089/1855 2503/3090/2503
f 1834/3085/1834 2506/3084/2506 2507/3091/2507 1835/3092/1835
f 1835/3093/1835 2507/3094/2507 2515/3095/2515 1836/3096/1836
f 1836/3096/1836 2515/3095/2515 2741/3097/2741 1837/3098/1837
f 1837/3098/1837 2741/3097/2741 2756/3099/2756 1839/3100/1839
f 1839/3100/1839 2756/3099/2756 2757/3101/2757 1840/3102/1840
f 1840/3102/1840 2757/3101/2757 2758/3103/2758 1841/3104/1841
f 1841/3104/1841 2758/3103/2758 2760/3105/2760 1843/3106/1843
f 742/3083/742 1869/930/1869 1832/929/1832 743/3078/743
f 1843/3106/1843 2760/3105/2760 2761/3107/2761 1845/3108/1845
f 1845/3108/1845 2761/3107/2761 2762/3109/2762 1846/3110/1846
f 1846/3110/1846 2762/3109/2762 2763/3111/2763 1847/3112/1847
f 1847/3112/1847 2763/3111/2763 2764/3113/2764 1848/3114/1848
f 1848/3114/1848 2764/3113/2764 2765/3115/2765 1849/3116/1849
f 1870/2670/1870 470/1157/470 355/1156/355 1869/3088/1869
f 2408/1446/2408 470/1157/470 1870/2670/1870 2409/2578/2409
f 1872/2341/1872 1747/1192/1747 382/3025/382 1871/2342/1871
f 1873/2340/1873 403/1193/403 1747/1192/1747 1872/2341/1872
f 1874/2339/1874 1717/1166/1717 403/1193/403 1873/2340/1873
f 1875/2338/1875 402/1167/402 1717/1166/1717 1874/2339/1874
f 1876/2337/1876 1778/1501/1778 402/1167/402 1875/2338/1875
f 1877/2336/1877 484/1483/484 1778/1501/1778 1876/2337/1876
f 1878/2333/1878 1230/1484/1230 484/1483/484 1877/2336/1877
f 1879/2332/1879 478/2176/478 1230/1484/1230 1878/2333/1878
f 1880/1355/1880 847/1349/847 478/2176/478 1879/2332/1879
f 1881/1354/1881 352/1350/352 847/1349/847 1880/1355/1880
f 1620/1298/1620 2722/1297/2722 2723/3117/2723 1619/2819/1619
f 1886/612/1886 2284/2023/2284 2285/2021/2285 2025/900/2025
f 2025/900/2025 2285/2021/2285 2286/2019/2286 2026/897/2026
f 2026/897/2026 2286/2019/2286 2287/2018/2287 2027/2914/2027
f 2027/2914/2027 2287/2018/2287 2288/2816/2288 2028/3118/2028
f 2029/2818/2029 2724/3119/2724 2725/3120/2725 2028/3118/2028
f 2378/1344/2378 454/1343/454 1887/1316/1887 2379/1315/2379
f 1849/3116/1849 2765/3115/2765 2766/3121/2766 1850/880/1850
f 1850/880/1850 2766/3121/2766 2776/3122/2776 1851/877/1851
f 1851/877/1851 2776/3122/2776 2788/3123/2788 1852/3124/1852
f 793/1543/793 1703/1542/1703 2508/984/2508 792/983/792
f 1852/3124/1852 2788/3123/2788 2789/3125/2789 1853/3126/1853
f 1853/3126/1853 2789/3125/2789 2502/3127/2502 1854/3128/1854
f 375/1042/375 1653/2964/1653 1894/3129/1894 387/1043/387
f 1895/236/1895 1002/235/1002 108/2365/108 1896/2655/1896
f 1182/3130/1182 1897/3131/1897 1295/2738/1295 1181/3006/1181
f 1898/3132/1898 125/2737/125 1295/2738/1295 1897/3131/1897
f 1899/3133/1899 1617/3004/1617 125/2737/125 1898/3132/1898
f 1900/3134/1900 126/3005/126 1617/3004/1617 1899/3133/1899
f 2608/3135/2608 1901/3136/1901 244/3002/244 2609/3003/2609
f 1902/3137/1902 123/3000/123 244/3002/244 1901/3136/1901
f 3264/3138/3264 1904/3139/1904 121/2006/121 3265/2009/3265
f 1397/2795/1397 2283/3140/2283 421/3141/421 1405/2794/1405
f 1905/3142/1905 1319/2007/1319 121/2006/121 1904/3139/1904
f 1146/2767/1146 1319/2007/1319 1905/3142/1905 1145/3143/1145
f 1907/3144/1907 233/594/233 119/593/119 1906/2593/1906
f 2902/3145/2902 233/594/233 1907/3144/1907 2903/3146/2903
f 1909/3147/1909 1530/3148/1530 117/3149/117 1908/3150/1908
f 1910/3151/1910 113/1386/113 1530/3148/1530 1909/3147/1909
f 1895/2362/1895 1001/1387/1001 113/1386/113 1910/3151/1910
f 2623/3152/2623 237/3153/237 1914/3154/1914 2624/3155/2624
f 1912/3156/1912 451/3157/451 1625/3158/1625 1911/3159/1911
f 1117/2539/1117 1096/2488/1096 1097/3160/1097 1116/2540/1116
f 1098/3161/1098 1115/2534/1115 1116/2537/1116 1097/3162/1097
f 2637/2535/2637 1115/2534/1115 1098/3161/1098 2638/3163/2638
f 1113/2527/1113 1109/2516/1109 1106/2520/1106 1112/2528/1112
f 2100/3164/2100 1941/3165/1941 1942/3166/1942 1916/3167/1916
f 1105/2505/1105 1110/3168/1110 1112/3169/1112 1106/2507/1106
f 1111/3170/1111 1110/3168/1110 1105/2505/1105 1104/2503/1104
f 1093/3171/1093 1092/3172/1092 1101/3173/1101 1095/3174/1095
f 1916/3167/1916 1942/3166/1942 2032/3175/2032 1917/3176/1917
f 1943/3177/1943 1107/2510/1107 1108/2514/1108 1945/3178/1945
f 1944/3179/1944 1102/2511/1102 1107/2510/1107 1943/3177/1943
f 1914/3154/1914 237/3153/237 443/3180/443 1915/3181/1915
f 1917/3176/1917 2032/3175/2032 2710/3182/2710 2711/3183/2711
f 1855/3089/1855 3315/3184/3315 3316/3185/3316 1854/3128/1854
f 2710/3182/2710 2035/3186/2035 1925/3187/1925 2711/3183/2711
f 1911/3159/1911 1625/3158/1625 450/3188/450 1913/3189/1913
f 1928/3190/1928 1104/2503/1104 1103/2502/1103 1927/3191/1927
f 2127/3192/2127 1911/3159/1911 1913/3189/1913 2129/3193/2129
f 2624/3155/2624 1914/3154/1914 2130/3194/2130 2625/3195/2625
f 2130/3194/2130 1914/3154/1914 1915/3181/1915 2131/3196/2131
f 1925/3187/1925 2035/3186/2035 2036/3197/2036 1926/3198/1926
f 1926/3199/1926 2036/3200/2036 2039/3201/2039 1932/3202/1932
f 2699/3203/2699 1932/3202/1932 2039/3201/2039 2700/3204/2700
f 2128/3205/2128 1912/3156/1912 1911/3159/1911 2127/3192/2127
f 1928/3190/1928 1920/3206/1920 1921/3207/1921 1929/3208/1929
f 2627/3209/2627 1922/3210/1922 1930/3211/1930 2628/3212/2628
f 1930/3211/1930 1922/3210/1922 1923/3213/1923 1931/3214/1931
f 2103/3215/2103 1933/3216/1933 1934/3217/1934 2102/3218/2102
f 1940/3219/1940 1113/2527/1113 1114/2531/1114 1941/3165/1941
f 1941/3165/1941 1114/2531/1114 1099/3220/1099 1942/3166/1942
f 1927/3191/1927 1919/3221/1919 1920/3206/1920 1928/3190/1928
f 1929/3208/1929 1111/3170/1111 1104/2503/1104 1928/3190/1928
f 2628/3212/2628 1930/3211/1930 1117/2539/1117 2629/2542/2629
f 1931/3214/1931 1096/2488/1096 1117/2539/1117 1930/3211/1930
f 1942/3166/1942 1099/3220/1099 1100/3222/1100 2032/3175/2032
f 2032/3175/2032 1100/3222/1100 1091/3223/1091 2709/3224/2709 2710/3182/2710
f 1973/3225/1973 2501/3226/2501 2402/3227/2402 1856/3228/1856
f 1935/3229/1935 1920/3206/1920 1919/3221/1919 1936/3230/1936
f 1937/3231/1937 1921/3207/1921 1920/3206/1920 1935/3229/1935
f 2626/3232/2626 1938/3233/1938 1922/3210/1922 2627/3209/2627
f 1939/3234/1939 1923/3213/1923 1922/3210/1922 1938/3233/1938
f 2709/3224/2709 1066/3235/1066 2035/3186/2035 2710/3182/2710
f 2035/3186/2035 1066/3235/1066 1067/3236/1067 2036/3197/2036
f 2036/3200/2036 1067/3237/1067 1068/2431/1068 2039/3201/2039
f 2129/3193/2129 1937/3231/1937 1935/3229/1935 2127/3192/2127
f 1129/2559/1129 451/3157/451 1912/3156/1912 1127/2560/1127
f 670/3238/670 451/3239/451 1129/3240/1129 1130/3241/1130
f 1131/3242/1131 448/3243/448 670/3238/670 1130/3241/1130
f 1947/3244/1947 1944/3179/1944 1943/3177/1943 1946/3245/1946
f 1946/3245/1946 1943/3177/1943 1945/3178/1945 1948/3246/1948
f 1946/3245/1946 1134/3247/1134 1128/3248/1128 1947/3244/1947
f 1948/3246/1948 1133/3249/1133 1134/3247/1134 1946/3245/1946
f 1919/3221/1919 1947/3244/1947 1128/3248/1128 1936/3230/1936
f 1944/3179/1944 1947/3244/1947 1919/3221/1919 1927/3191/1927
f 1102/2511/1102 1944/3179/1944 1927/3191/1927 1103/2502/1103
f 1933/3216/1933 2038/3250/2038 2037/3251/2037 1934/3217/1934
f 2700/3204/2700 2039/3201/2039 1068/2431/1068 2701/2430/2701
f 2120/3252/2120 446/3253/446 837/3254/837 2121/3255/2121
f 2121/3255/2121 837/3254/837 453/3256/453 2122/3257/2122
f 2122/3257/2122 453/3256/453 1888/3258/1888 2123/3259/2123
f 1951/1982/1951 892/750/892 919/749/919 1949/1983/1949
f 1952/2235/1952 903/2232/903 892/750/892 1951/1982/1951
f 1953/2257/1953 672/2254/672 903/2232/903 1952/2235/1952
f 2388/1979/2388 672/1978/672 1953/431/1953 2389/430/2389
f 2353/1987/2353 671/1986/671 1954/574/1954 2354/573/2354
f 2336/1991/2336 674/1990/674 1955/522/1955 2337/521/2337
f 2322/443/2322 1957/442/1957 676/1995/676 2323/1994/2323
f 2303/542/2303 1958/541/1958 677/1999/677 2304/1998/2304
f 1959/486/1959 934/2288/934 677/2287/677 1958/3260/1958
f 1960/485/1960 678/3261/678 934/2288/934 1959/486/1959
f 2815/3262/2815 1961/3263/1961 708/3264/708 2816/3265/2816
f 2673/3266/2673 708/3264/708 1961/3263/1961 2675/1414/2675
f 1149/3267/1149 1963/3268/1963 1318/3269/1318 1148/3270/1148
f 1964/2624/1964 680/2623/680 1318/3269/1318 1963/3268/1963
f 1856/3228/1856 2402/3227/2402 2410/3271/2410 1857/3272/1857
f 1857/3272/1857 2410/3271/2410 2420/3273/2420 1858/3274/1858
f 1858/3274/1858 2420/3273/2420 2427/3275/2427 1859/3276/1859
f 1859/3276/1859 2427/3275/2427 2435/3277/2435 1860/3278/1860
f 1860/3278/1860 2435/3277/2435 2443/3279/2443 1861/3280/1861
f 1861/3280/1861 2443/3279/2443 2451/3281/2451 1862/3282/1862
f 1862/3282/1862 2451/3281/2451 2473/3283/2473 1865/3284/1865
f 743/3078/743 1832/929/1832 1816/3077/1816 775/3060/775
f 1865/3284/1865 2473/3283/2473 2479/3285/2479 1866/3286/1866
f 1866/3286/1866 2479/3285/2479 2487/3287/2487 1867/3288/1867
f 1867/3288/1867 2487/3287/2487 2491/3289/2491 1868/3290/1868
f 1868/3290/1868 2491/3289/2491 2492/3291/2492 1918/3292/1918
f 1918/3292/1918 2492/3291/2492 2493/3293/2493 1965/3294/1965
f 1965/3295/1965 2493/3296/2493 2494/3297/2494 1966/3298/1966
f 1405/2794/1405 421/3141/421 2578/2791/2578 1411/2790/1411
f 2495/3087/2495 2503/3090/2503 2926/865/2926 2924/864/2924
f 2506/3084/2506 2495/3087/2495 2924/864/2924 2923/861/2923
f 775/3060/775 1816/3077/1816 1798/3057/1798 776/3056/776
f 1969/3299/1969 2497/3300/2497 2498/3301/2498 1970/3302/1970
f 1970/3302/1970 2498/3301/2498 2499/3303/2499 1971/3304/1971
f 1971/3304/1971 2499/3303/2499 2500/3305/2500 1972/3306/1972
f 1973/3225/1973 3319/878/3319 3318/3307/3318 1972/3306/1972
f 1996/788/1996 292/791/292 291/799/291 1988/785/1988
f 776/3056/776 1798/3057/1798 1641/3012/1641 777/3010/777
f 1988/784/1988 291/794/291 293/793/293 1989/782/1989
f 1989/782/1989 293/793/293 285/792/285 1990/780/1990
f 1990/780/1990 285/792/285 294/1885/294 1991/778/1991
f 1991/778/1991 294/1885/294 290/1884/290 1992/775/1992
f 1992/774/1992 290/796/290 295/798/295 1994/772/1994
f 777/3010/777 1641/3012/1641 972/3011/972 778/858/778
f 1994/772/1994 295/798/295 287/790/287 1995/789/1995
f 1996/788/1996 2004/787/2004 2005/768/2005 1995/789/1995
f 2006/771/2006 274/770/274 276/831/276 1998/773/1998
f 1416/2793/1416 2527/1757/2527 2579/1756/2579 1411/2790/1411
f 1998/776/1998 276/2267/276 278/2248/278 1999/777/1999
f 1999/777/1999 278/2248/278 280/2247/280 2000/779/2000
f 2000/779/2000 280/2247/280 281/766/281 2001/781/2001
f 2001/781/2001 281/766/281 282/765/282 2002/783/2002
f 2002/786/2002 282/762/282 284/761/284 2004/787/2004
f 2779/3308/2779 690/3309/690 2985/2030/2985 2774/3310/2774
f 2004/787/2004 284/761/284 283/769/283 2005/768/2005
f 1995/789/1995 2005/768/2005 2006/771/2006 1994/772/1994
f 2013/665/2013 260/664/260 253/668/253 2007/3311/2007
f 2007/3312/2007 253/677/253 261/676/261 2008/3313/2008
f 2008/3313/2008 261/676/261 257/672/257 2009/3314/2009
f 2009/3314/2009 257/672/257 264/671/264 2010/3315/2010
f 2010/3316/2010 264/3317/264 256/675/256 313/674/313 2011/3318/2011
f 2011/3318/2011 313/674/313 258/663/258 2012/662/2012
f 2013/665/2013 2020/659/2020 2019/666/2019 2012/662/2012
f 2007/3311/2007 2014/656/2014 2020/659/2020 2013/665/2013
f 2008/3313/2008 2015/653/2015 2014/655/2014 2007/3312/2007
f 2009/3314/2009 2016/651/2016 2015/653/2015 2008/3313/2008
f 2010/3315/2010 2017/648/2017 2016/651/2016 2009/3314/2009
f 2011/3318/2011 2018/644/2018 2017/647/2017 2010/3316/2010
f 2012/662/2012 2019/666/2019 2018/644/2018 2011/3318/2011
f 2020/659/2020 249/658/249 252/667/252 2019/666/2019
f 2045/814/2045 2052/802/2052 2053/803/2053 2021/3319/2021
f 2021/1926/2021 2053/3320/2053 2046/3321/2046 2033/1925/2033
f 1993/1882/1993 1023/2381/1023 618/3322/618 1422/1881/1422
f 2023/3323/2023 1679/3324/1679 681/3325/681 2022/3326/2022
f 2024/3327/2024 682/3328/682 1679/3324/1679 2023/3323/2023
f 1882/2917/1882 2688/3329/2688 2689/3330/2689 1655/2916/1655
f 2224/3331/2224 2223/3332/2223 2662/898/2662 2726/2915/2726
f 2663/899/2663 2662/898/2662 2223/3332/2223 2225/3333/2225
f 2262/3334/2262 2261/3335/2261 2225/3333/2225 2223/3332/2223
f 2225/3333/2225 2261/3335/2261 2260/3336/2260 2226/3337/2226
f 2226/3337/2226 2260/3336/2260 2259/3338/2259 2227/3339/2227
f 2369/3340/2369 688/3341/688 2030/3342/2030 2370/3343/2370
f 2116/3344/2116 1657/3345/1657 440/3346/440 2117/3347/2117
f 2113/3348/2113 442/3349/442 1657/3350/1657 2116/3351/2116
f 2695/3352/2695 442/3349/442 2113/3348/2113 2696/3353/2696
f 2038/3250/2038 1069/3354/1069 1094/3355/1094 2037/3251/2037
f 1094/3355/1094 1069/3354/1069 1093/3171/1093 1095/3174/1095
f 2714/3356/2714 2117/3347/2117 440/3346/440 2715/3357/2715
f 2714/3356/2714 2715/3357/2715 446/3253/446 2120/3252/2120
f 2033/1925/2033 2046/3321/2046 2047/3358/2047 2040/1927/2040
f 1091/3223/1091 1100/3222/1100 1101/3359/1101 1092/3360/1092
f 2040/1927/2040 2047/3358/2047 2048/3361/2048 2041/1929/2041
f 2041/1934/2041 2048/3362/2048 2049/3363/2049 2042/1931/2042
f 3040/3364/3040 2050/3365/2050 2043/816/2043 3041/815/3041
f 2043/816/2043 2050/3365/2050 2051/813/2051 2044/812/2044
f 2045/814/2045 312/842/312 1545/841/1545 2044/812/2044
f 2053/3320/2053 641/840/641 642/839/642 2046/3321/2046
f 2046/3321/2046 642/839/642 643/835/643 2047/3358/2047
f 2047/3358/2047 643/835/643 644/834/644 2048/3361/2048
f 2048/3362/2048 644/754/644 270/753/270 2049/3363/2049
f 3038/1970/3038 639/1969/639 2050/3365/2050 3040/3364/3040
f 2050/3365/2050 639/1969/639 1544/2900/1544 2051/813/2051
f 2051/813/2051 1544/2900/1544 640/756/640 2052/802/2052
f 2021/3319/2021 296/843/296 312/842/312 2045/814/2045
f 2061/3366/2061 621/3367/621 622/3368/622 2054/3369/2054
f 2054/3370/2054 622/3371/622 623/3372/623 2055/3373/2055
f 3027/2219/3027 626/2218/626 2056/3374/2056 3028/3375/3028
f 2056/3374/2056 626/2218/626 625/3376/625 2057/3377/2057
f 2057/3377/2057 625/3376/625 624/3378/624 2058/3379/2058
f 2058/3380/2058 624/3381/624 299/1965/299 2059/3382/2059
f 2059/3382/2059 299/1965/299 620/806/620 2060/805/2060
f 3033/3383/3033 2068/845/2068 2060/805/2060 3034/804/3034
f 2054/3369/2054 2062/1892/2062 2069/1895/2069 2061/3366/2061
f 2055/3373/2055 2063/1896/2063 2062/1899/2062 2054/3370/2054
f 3028/3375/3028 2056/3374/2056 2064/1903/2064 3029/1904/3029
f 2057/3377/2057 2065/1902/2065 2064/1903/2064 2056/3374/2056
f 2058/3379/2058 2066/1901/2066 2065/1902/2065 2057/3377/2057
f 2059/3382/2059 2067/848/2067 2066/1900/2066 2058/3380/2058
f 2060/805/2060 2068/845/2068 2067/848/2067 2059/3382/2059
f 3032/1810/3032 318/846/318 2068/845/2068 3033/3383/3033
f 2077/1918/2077 2078/1921/2078 2079/3384/2079 2070/1917/2070
f 3130/1916/3130 2070/1917/2070 2079/3384/2079 3131/3385/3131
f 3130/1916/3130 3131/3385/3131 2081/3386/2081 2072/1913/2072
f 2072/1912/2072 2081/3387/2081 2082/3388/2082 2073/1909/2073
f 3125/3389/3125 2083/3390/2083 2074/1908/2074 3126/1907/3126
f 2074/1908/2074 2083/3390/2083 2084/1922/2084 2075/1924/2075
f 2075/1924/2075 2084/1922/2084 2085/1923/2085 2076/3391/2076
f 2077/1918/2077 303/1887/303 629/1886/629 2076/1919/2076
f 2085/1920/2085 637/738/637 636/737/636 2078/1921/2078
f 2078/1921/2078 636/737/636 635/2215/635 2079/3384/2079
f 3131/3385/3131 2079/3384/2079 635/2215/635 3132/2405/3132
f 3131/3385/3131 3132/2405/3132 634/2412/634 2081/3386/2081
f 2081/3387/2081 634/2409/634 632/2408/632 2082/3388/2082
f 3124/3392/3124 633/1961/633 2083/3390/2083 3125/3389/3125
f 2083/3390/2083 633/1961/633 638/746/638 2084/1922/2084
f 2076/3391/2076 629/811/629 306/810/306 2075/1924/2075
f 2375/1973/2375 273/1976/273 911/2278/911 2086/1972/2086
f 2086/1972/2086 911/2278/911 885/2279/885 2087/759/2087
f 2087/759/2087 885/2279/885 884/2280/884 2088/758/2088
f 2088/758/2088 884/2280/884 882/2281/882 2090/1956/2090
f 2774/3310/2774 2985/2030/2985 493/2029/493 2759/3393/2759
f 2090/2226/2090 882/2283/882 886/2282/886 2091/2225/2091
f 2091/2225/2091 886/2282/886 887/2285/887 2092/2227/2092
f 2092/2227/2092 887/2285/887 881/2130/881 2093/2222/2093
f 2093/2222/2093 881/2130/881 3063/2129/3063 3062/2223/3062
f 2759/3393/2759 493/2029/493 2919/2099/2919 2504/3394/2504
f 3025/725/3025 288/724/288 2096/2217/2096 3026/2216/3026
f 2960/2126/2960 758/838/758 2097/2221/2097 2961/2220/2961
f 3133/2406/3133 2097/2221/2097 758/838/758 3134/837/3134
f 3133/2406/3133 3134/837/3134 956/2310/956 2099/2411/2099
f 2099/2410/2099 956/2270/956 289/2269/289 2108/2407/2108
f 3123/3395/3123 2119/1962/2119 633/1961/633 3124/3392/3124
f 2101/3396/2101 1940/3219/1940 1941/3165/1941 2100/3164/2100
f 2132/3397/2132 2115/3398/2115 2114/3399/2114 2133/3400/2133
f 2698/3401/2698 2104/3402/2104 1932/3202/1932 2699/3203/2699
f 2105/3403/2105 1926/3199/1926 1932/3202/1932 2104/3402/2104
f 2106/3404/2106 1925/3187/1925 1926/3198/1926 2105/3405/2105
f 2711/3183/2711 1925/3187/1925 2106/3404/2106 2712/3406/2712
f 2109/3407/2109 1917/3176/1917 2711/3183/2711 2712/3406/2712
f 3122/2272/3122 1950/2271/1950 2119/1962/2119 3123/3395/3123
f 2110/3408/2110 1916/3167/1916 1917/3176/1917 2109/3407/2109
f 2111/3409/2111 2100/3164/2100 1916/3167/1916 2110/3408/2110
f 2112/3410/2112 2101/3396/2101 2100/3164/2100 2111/3409/2111
f 2696/3353/2696 2113/3348/2113 2134/3411/2134 2697/3412/2697
f 2115/3398/2115 689/3413/689 2031/3414/2031 2114/3399/2114
f 2134/3411/2134 2113/3348/2113 2116/3351/2116 2135/3415/2135
f 2135/3416/2135 2116/3344/2116 2117/3347/2117 2136/3417/2136
f 2713/3418/2713 2136/3417/2136 2117/3347/2117 2714/3356/2714
f 2713/3418/2713 2714/3356/2714 2120/3252/2120 2139/3419/2139
f 2119/1962/2119 1950/2271/1950 673/2274/673 2138/1960/2138
f 2139/3419/2139 2120/3252/2120 2121/3255/2121 2140/3420/2140
f 2140/3420/2140 2121/3255/2121 2122/3257/2122 2141/3421/2141
f 2141/3421/2141 2122/3257/2122 2123/3259/2123 2142/3422/2142
f 2651/3423/2651 1915/3181/1915 443/3180/443 2652/3424/2652
f 2650/3425/2650 2131/3196/2131 1915/3181/1915 2651/3423/2651
f 2647/3426/2647 1931/3214/1931 1923/3213/1923 2648/3427/2648
f 2646/2489/2646 1096/2488/1096 1931/3214/1931 2647/3426/2647
f 2648/3427/2648 1923/3213/1923 1939/3234/1939 2649/3428/2649
f 1131/3242/1131 2123/3259/2123 1888/3258/1888 448/3243/448
f 2127/3192/2127 1935/3229/1935 1936/3230/1936 2128/3205/2128
f 2126/3429/2126 1133/3430/1133 1948/3431/1948 2124/3432/2124
f 2124/3432/2124 2101/3396/2101 2112/3410/2112 2126/3429/2126
f 2125/3433/2125 1940/3219/1940 2101/3396/2101 2124/3432/2124
f 2125/3433/2125 1945/3434/1945 1108/2517/1108 1109/2516/1109
f 2124/3432/2124 1948/3431/1948 1945/3434/1945 2125/3433/2125
f 1109/2516/1109 1113/2527/1113 1940/3219/1940 2125/3433/2125
f 2625/3195/2625 2130/3194/2130 1938/3233/1938 2626/3232/2626
f 2131/3196/2131 1939/3234/1939 1938/3233/1938 2130/3194/2130
f 2649/3428/2649 1939/3234/1939 2131/3196/2131 2650/3425/2650
f 2133/3400/2133 2103/3215/2103 2102/3218/2102 2132/3397/2132
f 2697/3412/2697 2134/3411/2134 2104/3402/2104 2698/3401/2698
f 2135/3415/2135 2105/3403/2105 2104/3402/2104 2134/3411/2134
f 2136/3417/2136 2106/3404/2106 2105/3405/2105 2135/3416/2135
f 2712/3406/2712 2106/3404/2106 2136/3417/2136 2713/3418/2713
f 2139/3419/2139 2109/3407/2109 2712/3406/2712 2713/3418/2713
f 2966/2016/2966 2138/1960/2138 673/2274/673 2967/2273/2967
f 2140/3420/2140 2110/3408/2110 2109/3407/2109 2139/3419/2139
f 2141/3421/2141 2111/3409/2111 2110/3408/2110 2140/3420/2140
f 2142/3422/2142 2112/3410/2112 2111/3409/2111 2141/3421/2141
f 1132/3435/1132 1133/3430/1133 2126/3429/2126 2112/3410/2112 2142/3422/2142
f 1131/3242/1131 1132/3435/1132 2142/3422/2142 2123/3259/2123
f 1127/2560/1127 1912/3156/1912 2128/3205/2128 1128/3248/1128
f 2128/3205/2128 1936/3230/1936 1128/3248/1128
f 2703/2481/2703 2143/2473/2143 1051/2438/1051 2704/2416/2704
f 2702/2433/2702 2703/2481/2703 2145/2479/2145 2153/3436/2153
f 2153/3436/2153 2145/2479/2145 2146/2480/2146 2154/3437/2154
f 2154/3438/2154 2146/2478/2146 2147/2477/2147 2155/3439/2155
f 2155/3439/2155 2147/2477/2147 2707/2476/2707 2708/3440/2708
f 2707/2476/2707 2149/2474/2149 2157/3441/2157 2708/3440/2708
f 2157/3441/2157 2149/2474/2149 2150/2475/2150 2158/3442/2158
f 2158/3443/2158 2150/2472/2150 2143/2473/2143 2151/2432/2151
f 2702/2433/2702 2151/2432/2151 2143/2473/2143 2703/2481/2703
f 2153/3436/2153 1093/3171/1093 1069/3354/1069 2701/2430/2701 2702/2433/2702
f 2154/3437/2154 1092/3172/1092 1093/3171/1093 2153/3436/2153
f 2155/3439/2155 1091/3223/1091 1092/3360/1092 2154/3438/2154
f 2708/3440/2708 2709/3224/2709 1091/3223/1091 2155/3439/2155
f 2708/3440/2708 2157/3441/2157 1066/3235/1066 2709/3224/2709
f 2158/3442/2158 1067/3236/1067 1066/3235/1066 2157/3441/2157
f 2151/2432/2151 1068/2431/1068 1067/3237/1067 2158/3443/2158
f 2643/2421/2643 1057/2420/1057 2169/2490/2169 2644/3444/2644
f 2161/3445/2161 1097/3160/1097 1096/2488/1096 2160/2487/2160
f 2162/3446/2162 1098/3161/1098 1097/3162/1097 2161/3447/2161
f 2638/3163/2638 1098/3161/1098 2162/3446/2162 2639/3448/2639
f 2164/3449/2164 1100/3222/1100 1099/3220/1099 2163/3450/2163
f 2165/3451/2165 1101/3359/1101 1100/3222/1100 2164/3449/2164
f 2166/2484/2166 1095/3174/1095 1101/3173/1101 2165/3452/2165
f 2159/2483/2159 1094/3355/1094 1095/3174/1095 2166/2484/2166
f 2167/2485/2167 1054/2448/1054 1077/2447/1077 2168/2482/2168
f 2644/3444/2644 2169/2490/2169 2160/2487/2160 2645/2486/2645
f 2170/2491/2170 2161/3445/2161 2160/2487/2160 2169/2490/2169
f 2171/2493/2171 2162/3446/2162 2161/3447/2161 2170/2492/2170
f 2639/3448/2639 2162/3446/2162 2171/2493/2171 2640/2494/2640
f 2173/2496/2173 2164/3449/2164 2163/3450/2163 2172/2495/2172
f 2174/2497/2174 2165/3451/2165 2164/3449/2164 2173/2496/2173
f 2167/2485/2167 2166/2484/2166 2165/3452/2165 2174/2498/2174
f 2184/2523/2184 1110/3168/1110 1111/3170/1111 2185/3453/2185
f 2631/3454/2631 2177/3455/2177 1058/2460/1058 2632/2459/2632
f 2178/3456/2178 1080/2461/1080 1058/2460/1058 2177/3455/2177
f 2179/3457/2179 1059/2457/1059 1080/2456/1080 2178/3458/2178
f 2634/2458/2634 1059/2457/1059 2179/3457/2179 2635/3459/2635
f 2181/3460/2181 1060/2464/1060 1084/2463/1084 2180/3461/2180
f 2182/3462/2182 1081/2465/1081 1060/2464/1060 2181/3460/2181
f 2175/2522/2175 1061/2424/1061 1081/2423/1081 2182/2524/2182
f 2183/2525/2183 1112/3169/1112 1110/3168/1110 2184/2523/2184
f 2185/3453/2185 2176/2521/2176 2175/2522/2175 2184/2523/2184
f 2630/2543/2630 2186/2538/2186 2177/3455/2177 2631/3454/2631
f 2187/2541/2187 2178/3456/2178 2177/3455/2177 2186/2538/2186
f 2188/2533/2188 2179/3457/2179 2178/3458/2178 2187/2536/2187
f 2635/3459/2635 2179/3457/2179 2188/2533/2188 2636/2532/2636
f 2190/2526/2190 2181/3460/2181 2180/3461/2180 2189/2530/2189
f 2183/2529/2183 2182/3462/2182 2181/3460/2181 2190/2526/2190
f 2191/2512/2191 1102/2511/1102 1103/2502/1103 2192/2501/2192
f 2200/2499/2200 2192/2501/2192 2193/2504/2193 2201/3463/2201
f 2201/3463/2201 2193/2504/2193 2194/2506/2194 2202/3464/2202
f 2202/3464/2202 2194/2506/2194 2195/2508/2195 2203/3465/2203
f 2203/3466/2203 2195/2519/2195 2196/2515/2196 2204/3467/2204
f 2204/3467/2204 2196/2515/2196 2197/2518/2197 2205/3468/2205
f 2205/3469/2205 2197/2513/2197 2198/2509/2198 2206/3470/2206
f 2206/3470/2206 2198/2509/2198 2191/2512/2191 2199/2500/2199
f 2199/2500/2199 2191/2512/2191 2192/2501/2192 2200/2499/2200
f 2201/3463/2201 1062/2468/1062 1085/2467/1085 2200/2499/2200
f 2202/3464/2202 1089/2469/1089 1062/2468/1062 2201/3463/2201
f 2203/3465/2203 1063/2471/1063 1089/2469/1089 2202/3464/2202
f 2204/3467/2204 1086/3471/1086 1063/3472/1063 2203/3466/2203
f 2205/3468/2205 1064/3473/1064 1086/3471/1086 2204/3467/2204
f 2206/3470/2206 1087/2429/1087 1064/2428/1064 2205/3469/2205
f 2199/2500/2199 1065/2470/1065 1087/2429/1087 2206/3470/2206
f 2222/3474/2222 2208/2558/2208 2207/2561/2207 2215/2557/2215
f 2209/2563/2209 1130/3241/1130 1129/3240/1129 2208/2564/2208
f 2210/2567/2210 1131/3242/1131 1130/3241/1130 2209/2563/2209
f 2211/2569/2211 1132/3435/1132 1131/3242/1131 2210/2567/2210
f 2212/2571/2212 1133/3430/1133 1132/3435/1132 2211/2569/2211
f 2213/2573/2213 1134/3247/1134 1133/3249/1133 2212/2574/2212
f 2214/2576/2214 1128/3248/1128 1134/3247/1134 2213/2573/2213
f 2207/2561/2207 1127/2560/1127 1128/3248/1128 2214/2576/2214
f 2215/2557/2215 2207/2561/2207 2214/2576/2214 2216/2556/2216
f 2217/2572/2217 1118/2550/1118 1122/2549/1122 2216/2556/2216
f 2218/2575/2218 1126/2551/1126 1118/2550/1118 2217/2572/2217
f 2219/2568/2219 1119/2555/1119 1126/2554/1126 2218/2570/2218
f 2220/2566/2220 1123/2545/1123 1119/2555/1119 2219/2568/2219
f 2221/2562/2221 1120/2546/1120 1123/2545/1123 2220/2566/2220
f 2222/2565/2222 1124/2547/1124 1120/2546/1120 2221/2562/2221
f 2215/2557/2215 1121/2553/1121 1124/2552/1124 2222/3474/2222
f 2227/3339/2227 2259/3338/2259 2258/3475/2258 2228/3476/2228
f 2228/3476/2228 2258/3475/2258 2257/3477/2257 2229/3478/2229
f 2229/3478/2229 2257/3477/2257 2256/3479/2256 2230/3480/2230
f 2230/3480/2230 2256/3479/2256 2255/3481/2255 2231/3482/2231
f 2231/3482/2231 2255/3481/2255 2254/3483/2254 2232/3484/2232
f 2232/3484/2232 2254/3483/2254 2253/3485/2253 2233/3486/2233
f 2233/3486/2233 2253/3485/2253 2252/3487/2252 2236/3488/2236
f 2236/3488/2236 2252/3487/2252 2251/3489/2251 2237/3490/2237
f 2237/3490/2237 2251/3489/2251 2250/3491/2250 2238/3492/2238
f 2238/3492/2238 2250/3491/2250 2247/3493/2247 2239/3494/2239
f 2239/3494/2239 2247/3493/2247 2246/3495/2246 2240/3496/2240
f 2240/3497/2240 2246/3498/2246 2245/3499/2245 2241/3500/2241
f 2235/1966/2235 271/2276/271 183/2275/183 2248/1964/2248
f 2241/3500/2241 2245/3499/2245 2266/3501/2266 2242/3502/2242
f 2242/3502/2242 2266/3501/2266 2265/3503/2265 2243/3504/2243
f 2244/3505/2244 2725/3120/2725 2724/3119/2724 2243/3504/2243
f 2242/3502/2242 2723/3117/2723 2722/1297/2722 2241/3500/2241
f 2241/3500/2241 2722/1297/2722 2721/1296/2721 2240/3497/2240
f 2240/3496/2240 2721/2158/2721 2720/1301/2720 2239/3494/2239
f 2239/3494/2239 2720/1301/2720 2719/1300/2719 2238/3492/2238
f 2238/3492/2238 2719/1300/2719 2718/1319/2718 2237/3490/2237
f 2237/3490/2237 2718/1319/2718 2692/1293/2692 2236/3488/2236
f 2236/3488/2236 2692/1293/2692 2691/1291/2691 2233/3486/2233
f 2233/3486/2233 2691/1291/2691 2690/1290/2690 2232/3484/2232
f 2232/3484/2232 2690/1290/2690 2689/3330/2689 2231/3482/2231
f 3045/1971/3045 2248/1964/2248 183/2275/183 3046/2277/3046
f 2231/3482/2231 2689/3330/2689 2688/3329/2688 2230/3480/2230
f 2230/3480/2230 2688/3329/2688 2687/2013/2687 2229/3478/2229
f 2229/3478/2229 2687/2013/2687 2686/1287/2686 2228/3476/2228
f 2228/3476/2228 2686/1287/2686 2685/614/2685 2227/3339/2227
f 2227/3339/2227 2685/614/2685 2684/613/2684 2226/3337/2226
f 2226/3337/2226 2684/613/2684 2663/899/2663 2225/3333/2225
f 2224/3331/2224 2263/3506/2263 2262/3334/2262 2223/3332/2223
f 2264/3507/2264 2263/3506/2263 2224/3331/2224 2244/3505/2244
f 2244/3505/2244 2224/3331/2224 2726/2915/2726 2725/3120/2725
f 2243/3504/2243 2265/3503/2265 2264/3507/2264 2244/3505/2244
f 2266/3508/2266 1881/1354/1881 410/1353/410 2265/3509/2265
f 1364/390/1364 2291/389/2291 2292/1943/2292 1363/2813/1363
f 1363/2813/1363 2292/1943/2292 2293/1942/2293 1362/2810/1362
f 1362/2809/1362 2293/1941/2293 2294/1940/2294 1361/2807/1361
f 1361/2807/1361 2294/1940/2294 2612/1939/2612 1360/2805/1360
f 1360/2805/1360 2612/1939/2612 2613/1938/2613 1359/2803/1359
f 1359/2803/1359 2613/1938/2613 2614/1937/2614 1357/2683/1357
f 1357/2683/1357 2614/1937/2614 2615/1936/2615 1356/2681/1356
f 1356/2681/1356 2615/1936/2615 2616/1935/2616 1355/2679/1355
f 1355/2679/1355 2616/1935/2616 2617/1622/2617 835/2677/835
f 835/2677/835 2617/1622/2617 2618/1621/2618 834/2167/834
f 834/2167/834 2618/1621/2618 2619/1620/2619 833/2165/833
f 833/2165/833 2619/1620/2619 2620/1619/2620 832/2163/832
f 832/2163/832 2620/1619/2620 2655/1618/2655 687/2161/687
f 2273/2901/2273 272/2899/272 1543/1975/1543 2282/1974/2282
f 687/2161/687 2655/1618/2655 2656/1617/2656 686/2024/686
f 686/2024/686 2656/1617/2656 2657/1616/2657 685/2022/685
f 685/2022/685 2657/1616/2657 2658/1615/2658 683/2020/683
f 683/2020/683 2658/1615/2658 2659/1963/2659 1367/2017/1367
f 1366/2817/1366 2288/2816/2288 2287/2018/2287 1367/2017/1367
f 1366/2817/1366 2660/1614/2660 2661/388/2661 1365/387/1365
f 1619/2819/1619 2723/3117/2723 2724/3119/2724 2029/2818/2029
f 664/617/664 447/1317/447 1887/1316/1887 649/618/649
f 2375/1973/2375 640/756/640 1544/2900/1544 2282/1974/2282
f 649/618/649 1887/1316/1887 454/1343/454 648/620/648
f 648/620/648 454/1343/454 836/1342/836 647/626/647
f 647/1116/647 836/2168/836 439/1313/439 646/1117/646
f 646/1117/646 439/1313/439 2717/1312/2717 645/1321/645
f 645/1321/645 2717/1312/2717 441/1305/441 533/1325/533
f 533/1325/533 441/1305/441 1656/1304/1656 532/1331/532
f 532/1331/532 1656/1304/1656 445/1308/445 531/1337/531
f 531/1337/531 445/1308/445 2693/1307/2693 530/1339/530
f 530/1339/530 2693/1307/2693 2030/3342/2030 529/1345/529
f 529/1345/529 2030/3342/2030 688/3341/688 528/1347/528
f 528/1347/528 688/3341/688 2654/2026/2654 527/1577/527
f 527/1577/527 2654/2026/2654 444/1323/444 526/1579/526
f 2504/3394/2504 2919/2099/2919 736/2098/736 2483/3510/2483
f 2483/3510/2483 736/2098/736 3175/1529/3175 2475/3511/2475
f 3012/551/3012 2298/550/2298 223/458/223 3013/457/3013
f 2947/2116/2947 2299/545/2299 753/451/753 2948/2117/2948
f 3146/452/3146 753/451/753 2299/545/2299 3147/544/3147
f 2301/2305/2301 948/446/948 3146/452/3146 3147/544/3147
f 778/858/778 972/3011/972 1863/1566/1863 779/855/779
f 3109/543/3109 2303/542/2303 1957/442/1957 3110/441/3110
f 2304/1998/2304 676/1995/676 1957/442/1957 2303/542/2303
f 2979/1996/2979 676/1995/676 2304/1998/2304 2980/1997/2980
f 2306/537/2306 230/439/230 221/585/221 2305/586/2305
f 3058/440/3058 230/439/230 2306/537/2306 3059/536/3059
f 2308/532/2308 1535/497/1535 220/2888/220 2307/2885/2307
f 2309/535/2309 219/498/219 1535/497/1535 2308/532/2308
f 2310/453/2310 653/1945/653 219/498/219 2309/535/2309
f 2311/456/2311 218/2170/218 653/1945/653 2310/453/2310
f 2295/553/2295 838/462/838 218/2170/218 2311/456/2311
f 2312/531/2312 653/1945/653 218/2170/218 2313/528/2313
f 2314/461/2314 839/3512/839 214/529/214 2313/528/2313
f 3074/464/3074 3073/3513/3073 839/3512/839 2314/461/2314
f 2475/3511/2475 3175/1529/3175 973/1528/973 2465/3514/2465
f 3014/460/3014 2317/459/2317 215/3515/215 3015/3516/3015
f 2949/2118/2949 2318/450/2318 754/3517/754 2950/3518/2950
f 3144/3519/3144 754/3517/754 2318/450/2318 3145/449/3145
f 2320/445/2320 949/3520/949 3144/3519/3144 3145/449/3145
f 2321/448/2321 216/3521/216 949/3520/949 2320/445/2320
f 3111/444/3111 2322/443/2322 1956/3522/1956 3112/3523/3112
f 2323/1994/2323 675/3524/675 1956/3522/1956 2322/443/2322
f 2977/3525/2977 675/3524/675 2323/1994/2323 2978/1993/2978
f 2325/438/2325 187/3526/187 217/3527/217 2324/584/2324
f 3056/3528/3056 187/3526/187 2325/438/2325 3057/437/3057
f 2327/496/2327 1536/3529/1536 212/3530/212 2326/2887/2326
f 2328/499/2328 213/3531/213 1536/3529/1536 2327/496/2327
f 2312/531/2312 654/530/654 213/3531/213 2328/499/2328
f 2329/555/2329 225/502/225 655/501/655 2330/554/2330
f 2331/433/2331 213/3531/213 654/530/654 2330/554/2330
f 2332/436/2332 1536/3529/1536 213/3531/213 2331/433/2331
f 2333/2890/2333 212/3530/212 1536/3529/1536 2332/436/2332
f 3055/527/3055 2334/526/2334 187/3526/187 3056/3528/3056
f 2335/583/2335 217/3527/217 187/3526/187 2334/526/2334
f 2976/1992/2976 2336/1991/2336 675/3524/675 2977/3525/2977
f 2337/521/2337 1956/3522/1956 675/3524/675 2336/1991/2336
f 3112/3523/3112 1956/3522/1956 2337/521/2337 3113/520/3113
f 2339/519/2339 949/3520/949 216/3521/216 2338/516/2338
f 3143/515/3143 3144/3519/3144 949/3520/949 2339/519/2339
f 3143/515/3143 2341/514/2341 754/3517/754 3144/3519/3144
f 2950/3518/2950 754/3517/754 2341/514/2341 2951/2119/2951
f 3015/3516/3015 215/3515/215 2342/509/2342 3016/508/3016
f 3072/504/3072 2345/507/2345 839/3512/839 3073/3513/3073
f 779/855/779 1863/1566/1863 1889/959/1889 780/927/780
f 2329/555/2329 214/529/214 839/3512/839 2345/507/2345
f 2346/503/2346 191/405/191 656/404/656 2347/500/2347
f 2348/578/2348 224/434/224 655/501/655 2347/500/2347
f 2349/581/2349 1537/435/1537 224/434/224 2348/578/2348
f 2350/2892/2350 229/2889/229 1537/435/1537 2349/581/2349
f 3053/577/3053 2351/399/2351 186/525/186 3054/524/3054
f 2352/402/2352 228/582/228 186/525/186 2351/399/2351
f 2974/1988/2974 2353/1987/2353 674/1990/674 2975/1989/2975
f 2354/573/2354 1955/522/1955 674/1990/674 2353/1987/2353
f 3114/523/3114 1955/522/1955 2354/573/2354 3115/572/3115
f 2356/571/2356 950/518/950 227/517/227 2355/568/2355
f 3141/567/3141 3142/512/3142 950/518/950 2356/571/2356
f 3141/567/3141 2358/566/2358 755/513/755 3142/512/3142
f 2952/2120/2952 755/513/755 2358/566/2358 2953/2121/2953
f 3017/511/3017 226/510/226 2359/561/2359 3018/560/3018
f 3070/556/3070 2362/559/2362 840/506/840 3071/505/3071
f 780/927/780 1889/959/1889 1890/960/1890 781/958/781
f 2346/503/2346 225/502/225 840/506/840 2362/559/2362
f 2363/1336/2363 669/1959/669 452/2015/452 2364/1333/2364
f 2365/1327/2365 1625/3532/1625 451/1334/451 2364/1333/2364
f 2366/1330/2366 450/3533/450 1625/3532/1625 2365/1327/2365
f 2622/611/2622 2367/610/2367 237/3534/237 2623/3535/2623
f 2368/1324/2368 443/3536/443 237/3534/237 2367/610/2367
f 2652/3537/2652 443/3536/443 2368/1324/2368 2653/2025/2653
f 2370/3343/2370 2031/3538/2031 689/3539/689 2369/3340/2369
f 2694/1310/2694 2371/1309/2371 442/3540/442 2695/3541/2695
f 2372/1303/2372 1657/3542/1657 442/3540/442 2371/1309/2371
f 2373/1306/2373 440/3543/440 1657/3542/1657 2372/1303/2372
f 2715/3544/2715 440/3543/440 2373/1306/2373 2716/1311/2716
f 2376/1314/2376 446/3545/446 2715/3544/2715 2716/1311/2716
f 3324/1883/3324 1422/1881/1422 618/3322/618 3325/3546/3325
f 2377/2169/2377 837/3547/837 446/3545/446 2376/1314/2376
f 2378/1344/2378 453/3548/453 837/3549/837 2377/1341/2377
f 2379/1315/2379 1888/3550/1888 453/3548/453 2378/1344/2378
f 2380/1318/2380 448/3551/448 1888/3550/1888 2379/1315/2379
f 2363/1336/2363 670/1335/670 448/3551/448 2380/1318/2380
f 2381/406/2381 190/2171/190 657/1946/657 2382/403/2382
f 2383/425/2383 188/579/188 656/404/656 2382/403/2382
f 2384/428/2384 1538/580/1538 188/579/188 2383/425/2383
f 2385/2894/2385 197/2891/197 1538/580/1538 2384/428/2384
f 3051/424/3051 2386/395/2386 185/400/185 3052/576/3052
f 2387/398/2387 195/401/195 185/400/185 2386/395/2386
f 2972/1980/2972 2388/1979/2388 671/1986/671 2973/1985/2973
f 2389/430/2389 1954/574/1954 671/1986/671 2388/1979/2388
f 3116/575/3116 1954/574/1954 2389/430/2389 3117/429/3117
f 2391/422/2391 951/570/951 198/569/198 2390/419/2390
f 3139/418/3139 3140/564/3140 951/570/951 2391/422/2391
f 3139/418/3139 2393/417/2393 756/565/756 3140/564/3140
f 2954/2122/2954 756/565/756 2393/417/2393 2955/2123/2955
f 3019/563/3019 193/562/193 2394/412/2394 3020/411/3020
f 3068/407/3068 2397/410/2397 841/558/841 3069/557/3069
f 781/958/781 1890/960/1890 1891/1556/1891 787/955/787
f 2381/406/2381 191/405/191 841/558/841 2397/410/2397
f 2401/1442/2401 1671/3030/1671 346/3034/346 2400/2988/2400
f 1733/3031/1733 1671/3030/1671 2401/1442/2401 1710/1441/1710
f 787/955/787 1891/1556/1891 2522/916/2522 792/983/792
f 2404/1444/2404 361/3028/361 1636/3029/1636 2403/2926/2403
f 2737/3027/2737 361/3028/361 2404/1444/2404 2738/1443/2738
f 2406/2153/2406 345/3026/345 2737/3027/2737 2738/1443/2738
f 2407/1445/2407 826/3024/826 345/3026/345 2406/2153/2406
f 2408/1446/2408 382/3025/382 826/3024/826 2407/1445/2407
f 2409/2578/2409 1871/2342/1871 382/3025/382 2408/1446/2408
f 740/1124/740 2411/1123/2411 1693/3022/1693 739/2343/739
f 2424/3552/2424 697/1524/697 2767/1523/2767 2416/3553/2416
f 2412/1423/2412 389/3021/389 1693/3022/1693 2411/1123/2411
f 2413/1424/2413 1304/3019/1304 389/3021/389 2412/1423/2412
f 1169/3020/1169 1304/3019/1304 2413/1424/2413 1168/2747/1168
f 2415/1425/2415 993/2349/993 377/2348/377 2414/2346/2414
f 2886/1426/2886 2887/3049/2887 993/2349/993 2415/1425/2415
f 2886/1426/2886 2417/1427/2417 719/3047/719 2887/3049/2887
f 2838/3048/2838 719/3047/719 2417/1427/2417 2839/2079/2839
f 2419/1429/2419 772/3043/772 376/3046/376 2418/1428/2418
f 3090/1430/3090 3089/3044/3089 772/3043/772 2419/1429/2419
f 2416/3553/2416 2767/1523/2767 791/2137/791 2392/3554/2392
f 2998/1598/2998 2422/1597/2422 364/3042/364 2999/3041/2999
f 2933/2104/2933 2423/1432/2423 746/3039/746 2934/3040/2934
f 3160/3038/3160 746/3039/746 2423/1432/2423 3161/1431/3161
f 2425/1433/2425 963/3036/963 3160/3038/3160 3161/1431/3161
f 2426/2321/2426 363/3037/363 963/3036/963 2425/1433/2425
f 2801/2049/2801 661/1436/661 702/1435/702 2802/3035/2802
f 2392/3555/2392 791/1521/791 492/1520/492 2357/3556/2357
f 2429/2968/2429 384/1062/384 1659/1055/1659 2428/1080/2428
f 3298/974/3298 2431/973/2431 385/1046/385 3299/1045/3299
f 1358/3080/1358 1340/3557/1340 1473/1838/1473 1291/2796/1291
f 2432/1082/2432 810/1058/810 385/1046/385 2431/973/2431
f 2433/1085/2433 386/1059/386 810/1058/810 2432/1082/2432
f 2434/1069/2434 1705/1049/1705 386/1059/386 2433/1085/2433
f 797/1050/797 1705/1049/1705 2434/1069/2434 796/1068/796
f 2357/3556/2357 492/1520/492 983/1517/983 2340/3558/2340
f 2437/1067/2437 387/1043/387 1894/3129/1894 2436/1064/2436
f 2438/1073/2438 814/1044/814 387/1043/387 2437/1067/2437
f 2439/1075/2439 392/1039/392 814/1044/814 2438/1073/2438
f 3305/1040/3305 392/1039/392 2439/1075/2439 3306/1074/3306
f 1473/1838/1473 1340/3557/1340 607/3559/607 1481/1837/1481
f 2442/2956/2442 1648/2960/1648 383/2959/383 2441/2953/2441
f 2340/3558/2340 983/1517/983 2872/998/2872 3172/3560/3172
f 2769/2135/2769 696/3561/696 2444/1099/2444 2770/1098/2770
f 2783/2044/2783 695/988/695 2444/1099/2444 2784/3562/2784
f 2446/3563/2446 975/1009/975 394/2335/394 2445/3564/2445
f 3178/1103/3178 2778/1010/2778 975/1009/975 2446/3563/2446
f 3178/1103/3178 2448/1102/2448 734/2093/734 2778/1010/2778
f 2915/2094/2915 734/2093/734 2448/1102/2448 2916/2095/2916
f 2913/2038/2913 395/2037/395 2449/2032/2449 2982/2031/2982
f 792/983/792 2522/916/2522 1892/915/1892 793/1543/793
f 793/1543/793 1892/915/1892 2466/1544/2466 794/1540/794
f 2453/926/2453 396/992/396 784/991/784 2452/923/2452
f 2856/2087/2856 2454/944/2454 731/1001/731 2857/2088/2857
f 2868/1002/2868 731/1001/731 2454/944/2454 2869/943/2869
f 2456/1093/2456 981/1091/981 2868/1002/2868 2869/943/2869
f 2457/1094/2457 393/1088/393 981/1091/981 2456/1093/2456
f 2458/1097/2458 789/1089/789 393/1088/393 2457/1094/2457
f 2770/1098/2770 2771/987/2771 789/1089/789 2458/1097/2458
f 1481/1837/1481 607/3559/607 1593/3565/1593 1487/1866/1487
f 1487/1866/1487 1593/3565/1593 608/3566/608 1505/1865/1505
f 2462/979/2462 809/3567/809 342/3568/342 2461/2150/2461
f 2463/982/2463 343/3569/343 809/3567/809 2462/979/2462
f 2464/1541/2464 1704/3570/1704 343/3569/343 2463/982/2463
f 795/3571/795 1704/3570/1704 2464/1541/2464 794/1540/794
f 3096/3572/3096 2315/3573/2315 2296/3574/2296 3172/3560/3172
f 2467/1545/2467 348/3575/348 1893/3576/1893 2466/1544/2466
f 2468/1546/2468 815/3577/815 348/3575/348 2467/1545/2467
f 2469/1548/2469 349/3578/349 815/3577/815 2468/1546/2468
f 3307/3579/3307 349/3578/349 2469/1548/2469 3308/1547/3308
f 1505/1865/1505 608/3566/608 1353/3580/1353 1513/1867/1513
f 2472/2952/2472 1647/3581/1647 347/3582/347 2471/2951/2471
f 843/1550/843 2474/1549/2474 1660/3583/1660 823/3584/823
f 3096/3572/3096 729/997/729 2853/2084/2853 2925/3585/2925
f 2459/2970/2459 344/3586/344 1660/3583/1660 2474/1549/2474
f 3175/1529/3175 736/2098/736 2476/1531/2476 3176/1530/3176
f 2917/3587/2917 735/1532/735 2476/1531/2476 2918/2097/2918
f 2983/3588/2983 339/3589/339 2477/2028/2477 2984/2027/2984
f 3105/1536/3105 2480/1535/2480 783/3590/783 3106/3591/3106
f 2925/3585/2925 2853/2084/2853 491/882/491 2880/881/2880
f 2481/1537/2481 357/3592/357 783/3590/783 2480/1535/2480
f 2854/2085/2854 2482/996/2482 730/3593/730 2855/3594/2855
f 2870/3595/2870 730/3593/730 2482/996/2482 2871/995/2871
f 2484/1518/2484 982/3596/982 2870/3595/2870 2871/995/2871
f 2485/1519/2485 337/3597/337 982/3596/982 2484/1518/2484
f 2486/1522/2486 790/3598/790 337/3597/337 2485/1519/2485
f 2768/1526/2768 2769/3599/2769 790/3600/790 2486/2136/2486
f 2768/1526/2768 2488/1525/2488 696/3601/696 2769/3599/2769
f 794/1540/794 2466/1544/2466 1893/3576/1893 795/3571/795
f 795/1071/795 1893/1065/1893 2436/1064/2436 796/1068/796
f 796/1068/796 2436/1064/2436 1894/3129/1894 797/1050/797
f 2396/3602/2396 3164/3603/3164 2987/3604/2987 2361/3605/2361
f 2501/3226/2501 3164/3603/3164 3103/3606/3103 2402/3227/2402
f 2402/3227/2402 3103/3606/3103 3102/3607/3102 2410/3271/2410
f 2410/3271/2410 3102/3607/3102 3101/3608/3101 2420/3273/2420
f 2420/3273/2420 3101/3608/3101 3100/3609/3100 2427/3275/2427
f 2427/3275/2427 3100/3609/3100 3099/3610/3099 2435/3277/2435
f 2435/3277/2435 3099/3610/3099 3098/3611/3098 2443/3279/2443
f 2443/3279/2443 3098/3611/3098 3097/3612/3097 2451/3281/2451
f 2451/3281/2451 3097/3612/3097 3095/3613/3095 2473/3283/2473
f 797/1050/797 1894/3129/1894 1653/2964/1653 798/904/798
f 2473/3283/2473 3095/3613/3095 3094/3614/3094 2479/3285/2479
f 2479/3285/2479 3094/3614/3094 3093/3615/3093 2487/3287/2487
f 2487/3287/2487 3093/3615/3093 2995/3616/2995 2491/3289/2491
f 2491/3289/2491 2995/3616/2995 2994/3617/2994 2492/3291/2492
f 2492/3291/2492 2994/3617/2994 2993/3618/2993 2493/3293/2493
f 2493/3296/2493 2993/3619/2993 2992/3620/2992 2494/3297/2494
f 1834/3085/1834 3288/3621/3288 2505/3622/2505 2496/3086/2496
f 2509/1538/2509 325/1564/325 1702/956/1702 2508/984/2508
f 2510/1539/2510 807/1565/807 325/1564/325 2509/1538/2509
f 2511/2149/2511 326/2147/326 807/1565/807 2510/1539/2510
f 3293/1563/3293 326/1562/326 2511/976/2511 3294/975/3294
f 1217/1868/1217 1513/1867/1513 1353/3580/1353 1216/2913/1216
f 2514/968/2514 1662/1560/1662 327/2973/327 2513/2971/2513
f 853/1561/853 1662/1560/1662 2514/968/2514 851/967/851
f 2496/3086/2496 2505/3622/2505 3315/3184/3315 1855/3089/1855
f 2517/2950/2517 329/2946/329 1645/2945/1645 2516/2947/2516
f 3310/966/3310 2519/965/2519 330/1559/330 3311/1558/3311
f 1519/1870/1519 609/2912/609 1029/3623/1029 1526/1869/1526
f 2520/961/2520 817/1557/817 330/1559/330 2519/965/2519
f 2521/913/2521 331/1555/331 817/1557/817 2520/961/2520
f 2522/916/2522 1891/1556/1891 331/1555/331 2521/913/2521
f 798/904/798 1653/2964/1653 1652/2963/1652 801/901/801
f 2553/2902/2553 2525/1760/2525 2524/1761/2524 2554/2801/2554
f 2526/1758/2526 579/1262/579 1591/1259/1591 2525/1760/2525
f 2527/1757/2527 1338/1263/1338 579/1262/579 2526/1758/2526
f 3242/2789/3242 1338/1263/1338 2527/1757/2527 1416/2793/1416
f 3329/1755/3329 2530/1752/2530 577/1265/577 3330/1264/3330
f 1526/1869/1526 1029/3623/1029 610/3624/610 1613/2385/1613
f 2531/1751/2531 1021/1696/1021 577/1265/577 2530/1752/2530
f 2532/2376/2532 576/2374/576 1021/1696/1021 2531/1751/2531
f 2596/691/2596 2533/690/2533 263/681/263 2597/680/2597
f 2534/1749/2534 575/1669/575 263/681/263 2533/690/2533
f 3252/1747/3252 2536/1746/2536 574/1672/574 3253/1671/3253
f 1613/2385/1613 610/3624/610 1572/3625/1572 1650/1872/1650
f 2537/1741/2537 1252/1678/1252 574/1677/574 2536/1742/2536
f 1090/2581/1090 1252/1678/1252 2537/1741/2537 1074/2580/1074
f 2539/719/2539 315/1691/315 573/1690/573 2538/1738/2538
f 2581/730/2581 315/1691/315 2539/719/2539 2582/718/2582
f 2541/1735/2541 1011/1639/1011 572/731/572 2540/1736/2540
f 2542/1731/2542 571/1724/571 1011/1639/1011 2541/1735/2541
f 3359/1725/3359 571/1724/571 2542/1731/2542 3360/1730/3360
f 1650/1872/1650 1572/3625/1572 611/3626/611 1709/1871/1709
f 3198/2709/3198 2545/1728/2545 1263/1625/1263 3199/2710/3199
f 2546/1254/2546 569/1626/569 1263/1625/1263 2545/1728/2545
f 2547/1253/2547 1570/1727/1570 569/1626/569 2546/1254/2546
f 2548/2388/2548 568/2391/568 1570/1727/1570 2547/1253/2547
f 2549/1768/2549 1031/1248/1031 568/2391/568 2548/2388/2548
f 2550/1767/2550 581/1249/581 1031/1248/1031 2549/1768/2549
f 1212/1765/1212 2551/1764/2551 1351/2196/1351 1211/2195/1211
f 2524/1761/2524 580/1258/580 1351/2196/1351 2551/1764/2551
f 2552/1759/2552 2526/1758/2526 2525/1760/2525 2553/2902/2553
f 2554/2801/2554 416/1859/416 1592/1858/1592 2553/2902/2553
f 2555/1763/2555 1352/1855/1352 416/1859/416 2554/2801/2554
f 1214/1856/1214 1352/1855/1352 2555/1763/2555 1213/1762/1213
f 1709/1871/1709 611/3626/611 1261/3627/1261 1720/1873/1720
f 3193/2705/3193 1720/1873/1720 1261/3627/1261 3194/3628/3194
f 2559/1252/2559 1571/1848/1571 418/2386/418 2558/2389/2558
f 2560/1255/2560 419/1849/419 1571/1848/1571 2559/1252/2559
f 2561/1729/2561 1262/1851/1262 419/1849/419 2560/1255/2560
f 3196/2707/3196 1262/1851/1262 2561/1729/2561 3197/2708/3197
f 3361/1733/3361 2564/1732/2564 567/3629/567 3362/3630/3362
f 3364/1846/3364 1601/1845/1601 1750/1875/1750 3365/1874/3365
f 2565/1734/2565 1012/3631/1012 567/3629/567 2564/1732/2564
f 2566/1737/2566 538/3632/538 1012/3631/1012 2565/1734/2565
f 2583/721/2583 2567/720/2567 314/716/314 2584/715/2584
f 2568/1739/2568 543/1835/543 314/716/314 2567/720/2567
f 1072/2579/1072 2569/1740/2569 1253/1820/1253 3181/1952/3181
f 2570/1743/2570 542/1821/542 1253/1820/1253 2569/1740/2569
f 3250/1826/3250 542/1825/542 2570/1745/2570 3251/1744/3251
f 1750/1875/1750 1601/1845/1601 2680/3633/2680 1756/2909/1756
f 2573/689/2573 265/693/265 541/1828/541 2572/1748/2572
f 2594/694/2594 265/693/265 2573/689/2573 2595/688/2595
f 2575/1750/2575 1022/1830/1022 426/2378/426 2574/2375/2574
f 2576/1753/2576 556/1831/556 1022/1830/1022 2575/1750/2575
f 3327/1834/3327 556/1831/556 2576/1753/2576 3328/1754/3328
f 1756/2909/1756 2680/3633/2680 613/3634/613 1781/3635/1781
f 1411/2790/1411 2579/1756/2579 1339/1862/1339 1405/2794/1405
f 2552/1759/2552 420/1863/420 1339/1862/1339 2579/1756/2579
f 2580/733/2580 875/1692/875 315/1691/315 2581/730/2581
f 2582/718/2582 2540/1736/2540 572/731/572 2581/730/2581
f 2583/721/2583 2566/1737/2566 2540/1736/2540 2582/718/2582
f 2584/715/2584 538/3632/538 2566/1737/2566 2583/721/2583
f 2543/3636/2543 538/3632/538 2584/715/2584 2535/714/2535
f 1787/713/1787 2586/708/2586 595/3637/595 1781/3635/1781
f 2587/711/2587 585/3638/585 595/3637/595 2586/708/2586
f 3188/2701/3188 2588/704/2588 1258/2906/1258 3189/3639/3189
f 2589/707/2589 602/2905/602 1258/2906/1258 2588/704/2588
f 3243/703/3243 2591/700/2591 589/2382/589 3320/2384/3320
f 1781/3635/1781 613/3634/613 2585/3640/2585 1787/713/1787
f 2592/697/2592 599/2383/599 589/2382/589 2591/700/2591
f 1978/2379/1978 599/2383/599 2592/697/2592 1967/696/1967
f 2430/695/2430 2594/694/2594 426/2378/426 2405/2377/2405
f 2595/688/2595 2574/2375/2574 426/2378/426 2594/694/2594
f 2596/691/2596 2532/2376/2532 2574/2375/2574 2595/688/2595
f 2597/680/2597 576/2374/576 2532/2376/2532 2596/691/2596
f 2598/683/2598 870/2372/870 576/2374/576 2597/680/2597
f 2599/2201/2599 550/2373/550 870/2372/870 2598/683/2598
f 2600/660/2600 1408/2371/1408 550/2373/550 2599/2201/2599
f 2601/640/2601 425/2369/425 1408/2371/1408 2600/660/2600
f 2602/643/2602 1419/2370/1419 425/2369/425 2601/640/2601
f 2603/2842/2603 423/2840/423 1419/2370/1419 2602/643/2602
f 2604/636/2604 1484/2367/1484 423/2840/423 2603/2842/2603
f 2605/639/2605 424/2368/424 1484/2367/1484 2604/636/2604
f 2606/634/2606 1516/2366/1516 424/2368/424 2605/639/2605
f 2607/632/2607 115/261/115 1516/2366/1516 2606/634/2606
f 2608/633/2608 1900/262/1900 115/261/115 2607/632/2607
f 2609/3003/2609 126/3005/126 1900/3134/1900 2608/3135/2608
f 2610/628/2610 1682/1401/1682 126/3005/126 2609/3003/2609
f 2611/631/2611 430/1402/430 1682/1401/1682 2610/628/2610
f 2025/900/2025 2663/899/2663 2684/613/2684 1886/612/1886
f 526/1579/526 444/1323/444 238/609/238 519/1581/519
f 519/1581/519 238/609/238 2621/608/2621 518/1583/518
f 518/1583/518 2621/608/2621 449/1329/449 517/1585/517
f 517/1585/517 449/1329/449 1624/1328/1624 668/1587/668
f 514/1590/514 2659/1963/2659 2658/1615/2658 513/1588/513
f 667/1589/667 452/2015/452 669/1959/669 666/1591/666
f 2028/3118/2028 2288/2816/2288 2289/2815/2289 2029/2818/2029
f 2263/1150/2263 411/1149/411 1618/1403/1618 2262/3641/2262
f 2262/3641/2262 1618/1403/1618 430/1402/430 2261/3642/2261
f 2622/611/2622 2366/1330/2366 449/1329/449 2621/608/2621
f 2623/3535/2623 450/3533/450 2366/1330/2366 2622/611/2622
f 2624/3155/2624 1913/3189/1913 450/3188/450 2623/3152/2623
f 2625/3195/2625 2129/3193/2129 1913/3189/1913 2624/3155/2624
f 2626/3232/2626 1937/3231/1937 2129/3193/2129 2625/3195/2625
f 2627/3209/2627 1921/3207/1921 1937/3231/1937 2626/3232/2626
f 2628/3212/2628 1929/3208/1929 1921/3207/1921 2627/3209/2627
f 2629/2542/2629 1111/3170/1111 1929/3208/1929 2628/3212/2628
f 2630/2543/2630 2185/3453/2185 1111/3170/1111 2629/2542/2629
f 2631/3454/2631 2176/2521/2176 2185/3453/2185 2630/2543/2630
f 2632/2459/2632 1082/2425/1082 2176/2521/2176 2631/3454/2631
f 2633/2462/2633 1083/2422/1083 1082/2425/1082 2632/2459/2632
f 2634/2458/2634 1084/2463/1084 1083/2466/1083 2633/2455/2633
f 2635/3459/2635 2180/3461/2180 1084/2463/1084 2634/2458/2634
f 2636/2532/2636 2189/2530/2189 2180/3461/2180 2635/3459/2635
f 2637/2535/2637 1114/2531/1114 2189/2530/2189 2636/2532/2636
f 2638/3163/2638 1099/3220/1099 1114/2531/1114 2637/2535/2637
f 2639/3448/2639 2163/3450/2163 1099/3220/1099 2638/3163/2638
f 2640/2494/2640 2172/2495/2172 2163/3450/2163 2639/3448/2639
f 2641/2451/2641 1079/2446/1079 2172/2495/2172 2640/2494/2640
f 2642/2454/2642 1078/2443/1078 1079/2446/1079 2641/2451/2641
f 2643/2421/2643 1077/2447/1077 1078/2450/1078 2642/2418/2642
f 2644/3444/2644 2168/2482/2168 1077/2447/1077 2643/2421/2643
f 2645/2486/2645 2159/2483/2159 2168/2482/2168 2644/3444/2644
f 2646/2489/2646 1094/3355/1094 2159/2483/2159 2645/2486/2645
f 2647/3426/2647 2037/3251/2037 1094/3355/1094 2646/2489/2646
f 2648/3427/2648 1934/3217/1934 2037/3251/2037 2647/3426/2647
f 2649/3428/2649 2102/3218/2102 1934/3217/1934 2648/3427/2648
f 2650/3425/2650 2132/3397/2132 2102/3218/2102 2649/3428/2649
f 2651/3423/2651 2115/3398/2115 2132/3397/2132 2650/3425/2650
f 2652/3424/2652 689/3413/689 2115/3398/2115 2651/3423/2651
f 2653/2025/2653 2369/3340/2369 689/3539/689 2652/3537/2652
f 2654/2026/2654 688/3341/688 2369/3340/2369 2653/2025/2653
f 1883/2014/1883 2687/2013/2687 2688/3329/2688 1882/2917/1882
f 2261/3642/2261 430/1402/430 2611/631/2611 2260/3643/2260
f 2260/3643/2260 2611/631/2611 243/630/243 2259/3644/2259
f 2259/3644/2259 243/630/243 431/1406/431 2258/3645/2258
f 2258/3645/2258 431/1406/431 2664/2011/2664 2257/3646/2257
f 2257/3646/2257 2664/2011/2664 682/3328/682 2256/3647/2256
f 2256/3647/2256 682/3328/682 2024/3327/2024 2255/3648/2255
f 2255/3648/2255 2024/3327/2024 2683/1418/2683 2254/3649/2254
f 2254/3649/2254 2683/1418/2683 433/1372/433 2253/3650/2253
f 2253/3650/2253 433/1372/433 1629/1371/1629 2252/3651/2252
f 2665/2012/2665 1679/3324/1679 682/3328/682 2664/2011/2664
f 2666/3001/2666 681/3325/681 1679/3324/1679 2665/2012/2665
f 3266/2010/3266 2668/2005/2668 680/2623/680 3267/2622/3267
f 1787/713/1787 2585/3640/2585 279/3652/279 1825/712/1825
f 2669/2008/2669 1318/3269/1318 680/2623/680 2668/2005/2668
f 1148/3270/1148 1318/3269/1318 2669/2008/2669 1147/2766/1147
f 3401/2004/3401 2671/592/2671 709/2063/709 2674/2062/2674
f 2672/595/2672 710/1408/710 709/2063/709 2671/592/2671
f 3404/2059/3404 2742/3653/2742 1961/3263/1961 2815/3262/2815
f 2812/2058/2812 707/1420/707 2742/3653/2742 3404/2059/3404
f 2675/1414/2675 1962/1413/1962 679/2596/679 2673/3266/2673
f 3403/1415/3403 2677/1419/2677 459/2600/459 2676/1412/2676
f 2742/3653/2742 707/1420/707 2677/1419/2677 3403/1415/3403
f 1150/2765/1150 2678/1379/2678 1963/3268/1963 1149/3267/1149
f 2679/1382/2679 1964/2624/1964 1963/3268/1963 2678/1379/2678
f 3268/2625/3268 1964/2624/1964 2679/1382/2679 3269/1410/3269
f 1825/712/1825 279/3652/279 614/3654/614 1831/1876/1831
f 2682/1416/2682 2023/3323/2023 2022/3326/2022 2681/2998/2681
f 2683/1418/2683 2024/3327/2024 2023/3323/2023 2682/1416/2682
f 1655/2916/1655 2689/3330/2689 2690/1290/2690 1654/1289/1654
f 2252/3651/2252 1629/1371/1629 435/2577/435 2251/3655/2251
f 2251/3655/2251 435/2577/435 2727/1365/2727 2250/3656/2250
f 2250/3656/2250 2727/1365/2727 438/1368/438 2247/3657/2247
f 2247/3657/2247 438/1368/438 831/1351/831 2246/3658/2246
f 2246/3658/2246 831/1351/831 352/1350/352 2245/3659/2245
f 2245/3659/2245 352/1350/352 1881/1354/1881 2266/3508/2266
f 2243/3504/2243 2724/3119/2724 2723/3117/2723 2242/3502/2242
f 2265/3509/2265 410/1353/410 663/1148/663 2264/1147/2264
f 2028/3118/2028 2725/3120/2725 2726/2915/2726 2027/2914/2027
f 2694/1310/2694 2370/3343/2370 2030/3342/2030 2693/1307/2693
f 2695/3541/2695 2031/3538/2031 2370/3343/2370 2694/1310/2694
f 2696/3353/2696 2114/3399/2114 2031/3414/2031 2695/3352/2695
f 2697/3412/2697 2133/3400/2133 2114/3399/2114 2696/3353/2696
f 2698/3401/2698 2103/3215/2103 2133/3400/2133 2697/3412/2697
f 2699/3203/2699 1933/3216/1933 2103/3215/2103 2698/3401/2698
f 2700/3204/2700 2038/3250/2038 1933/3216/1933 2699/3203/2699
f 2701/2430/2701 1069/3354/1069 2038/3250/2038 2700/3204/2700
f 3183/3660/3183 1254/3661/1254 1838/1878/1838 3184/2697/3184
f 1838/1878/1838 1254/3661/1254 615/3662/615 1844/1877/1844
f 3247/1879/3247 1844/1877/1844 615/3662/615 3248/3663/3248
f 1903/1880/1903 616/3664/616 266/3665/266 1924/699/1924
f 1924/699/1924 266/3665/266 2593/3666/2593 1967/696/1967
f 1967/696/1967 2593/3666/2593 617/2380/617 1978/2379/1978
f 1993/1882/1993 1024/1792/1024 599/2383/599 1978/2379/1978
f 2557/1839/2557 1030/1769/1030 2558/2389/2558 418/2386/418
f 417/1842/417 2556/1766/2556 1030/1769/1030 2557/1839/2557
f 3194/3628/3194 1261/3627/1261 2034/3667/2034 3195/3668/3195
f 2034/3667/2034 1261/3627/1261 611/3626/611 2107/3669/2107
f 2107/3669/2107 611/3626/611 1572/3625/1572 2118/3670/2118
f 2118/3670/2118 1572/3625/1572 610/3624/610 2137/3671/2137
f 2137/3671/2137 610/3624/610 1029/3623/1029 2144/3672/2144
f 2144/3672/2144 1029/3623/1029 609/2912/609 2148/2911/2148
f 1216/2913/1216 1353/3580/1353 2152/3673/2152 1215/2910/1215
f 2152/3673/2152 1353/3580/1353 608/3566/608 2156/3674/2156
f 2156/3674/2156 608/3566/608 1593/3565/1593 2234/3675/2234
f 2234/3675/2234 1593/3565/1593 607/3559/607 2249/3676/2249
f 2249/3676/2249 607/3559/607 1340/3557/1340 2272/3677/2272
f 1397/3082/1397 2272/3677/2272 1340/3557/1340 1358/3080/1358
f 3325/3546/3325 618/3322/618 2374/3678/2374 3326/3679/3326
f 2374/3678/2374 618/3322/618 1023/2381/1023 2399/3680/2399
f 2399/3680/2399 1023/2381/1023 617/2380/617 2405/3681/2405
f 2405/3681/2405 617/2380/617 2593/3666/2593 2430/3682/2430
f 2430/3682/2430 2593/3666/2593 266/3665/266 2440/3683/2440
f 2440/3683/2440 266/3665/266 616/3664/616 2460/3684/2460
f 3248/3663/3248 615/3662/615 2470/3685/2470 3249/3686/3249
f 2470/3685/2470 615/3662/615 1254/3661/1254 2512/3687/2512
f 3182/3688/3182 2512/3687/2512 1254/3661/1254 3183/3660/3183
f 2518/3689/2518 614/3654/614 279/3652/279 2529/3690/2529
f 2529/3690/2529 279/3652/279 2585/3640/2585 2535/3691/2535
f 2535/3691/2535 2585/3640/2585 613/3634/613 2543/3692/2543
f 2543/3692/2543 613/3634/613 2680/3633/2680 2563/3693/2563
f 2563/3693/2563 2680/3633/2680 1601/1845/1601 2571/1844/2571
f 3362/3630/3362 567/3629/567 2571/3694/2571 3363/3695/3363
f 3189/3639/3189 1258/2906/1258 1598/1808/1598 3190/2702/3190
f 2667/2908/2667 595/3637/595 585/3638/585 2590/2907/2590
f 1781/3635/1781 595/3637/595 2667/2908/2667 1756/2909/1756
f 2563/3696/2563 1012/3631/1012 538/3632/538 2543/3636/2543
f 3403/1415/3403 2675/1414/2675 1961/3263/1961 2742/3653/2742
f 2743/1422/2743 854/2602/854 459/2600/459 2677/1419/2677
f 2744/2182/2744 472/2604/472 854/2602/854 2743/1422/2743
f 2745/1450/2745 1221/2606/1221 472/2604/472 2744/2182/2744
f 2746/1453/2746 488/2608/488 1221/2606/1221 2745/1450/2745
f 2747/1512/2747 1790/2610/1790 488/2608/488 2746/1453/2746
f 2748/1172/2748 404/2612/404 1790/2610/1790 2747/1512/2747
f 2749/1175/2749 1729/2614/1729 404/2612/404 2748/1172/2748
f 2750/1204/2750 405/2616/405 1729/2614/1729 2749/1175/2749
f 2751/1207/2751 1759/2618/1759 405/2616/405 2750/1204/2750
f 2752/1434/2752 362/2620/362 1759/2618/1759 2751/1207/2751
f 2753/1437/2753 660/2626/660 362/2620/362 2752/1434/2752
f 2754/1139/2754 465/2628/465 660/2626/660 2753/1437/2753
f 2755/1142/2755 360/2630/360 465/2628/465 2754/1139/2754
f 2497/3300/2497 2990/3697/2990 2989/3698/2989 2498/3301/2498
f 2498/3301/2498 2989/3698/2989 2988/3699/2988 2499/3303/2499
f 2499/3303/2499 2988/3699/2988 2987/3604/2987 2500/3305/2500
f 1972/3306/1972 2500/3305/2500 2501/3226/2501 1973/3225/1973
f 2789/3125/2789 2928/2082/2928 2927/985/2927 2502/3127/2502
f 2502/3127/2502 2927/985/2927 2926/865/2926 2503/3090/2503
f 3288/3621/3288 1966/3298/1966 3289/3700/3289 2505/3622/2505
f 801/901/801 1652/2963/1652 1651/2962/1651 802/922/802
f 1969/3299/1969 3315/3184/3315 2505/3622/2505 3289/3700/3289
f 2506/3084/2506 2923/861/2923 2922/860/2922 2507/3091/2507
f 2507/3094/2507 2922/2138/2922 2921/869/2921 2515/3095/2515
f 2515/3095/2515 2921/869/2921 2920/868/2920 2741/3097/2741
f 2741/3097/2741 2920/868/2920 2883/2046/2883 2756/3099/2756
f 2756/3099/2756 2883/2046/2883 2882/2323/2882 2757/3101/2757
f 2757/3101/2757 2882/2323/2882 2881/873/2881 2758/3103/2758
f 2758/3103/2758 2881/873/2881 2879/872/2879 2760/3105/2760
f 802/922/802 1651/2962/1651 3303/2961/3303 803/919/803
f 2760/3105/2760 2879/872/2879 2878/876/2878 2761/3107/2761
f 2761/3107/2761 2878/876/2878 2877/2101/2877 2762/3109/2762
f 3368/1107/3368 2775/1106/2775 1049/3701/1049 2780/2133/2780
f 3370/2042/3370 1049/3701/1049 2863/3702/2863 3371/2041/3371
f 2863/3702/2863 1049/3701/1049 2775/1106/2775 2865/2039/2865
f 2778/1010/2778 734/2093/734 733/2092/733 2777/1007/2777
f 3369/2134/3369 2780/2133/2780 1049/3701/1049 3370/2042/3370
f 2781/2040/2781 976/1008/976 2777/1007/2777 2865/2039/2865
f 2782/2043/2782 398/2334/398 976/1008/976 2781/2040/2781
f 2783/2044/2783 394/2335/394 398/2334/398 2782/2043/2782
f 2784/3562/2784 2445/3564/2445 394/2335/394 2783/2044/2783
f 803/919/803 3303/2961/3303 1649/2957/1649 812/1057/812
f 812/1057/812 1649/2957/1649 1648/2960/1648 821/1054/821
f 821/1054/821 1648/2960/1648 2442/2956/2442 822/1081/822
f 2842/2324/2842 2882/2323/2882 2883/2046/2883 2798/2045/2798
f 2762/3109/2762 2877/2101/2877 2876/624/2876 2763/3111/2763
f 2763/3111/2763 2876/624/2876 2875/623/2875 2764/3113/2764
f 2764/3113/2764 2875/623/2875 2874/3703/2874 2765/3115/2765
f 2765/3115/2765 2874/3703/2874 2986/3704/2986 2766/3121/2766
f 2766/3121/2766 2986/3704/2986 2930/3705/2930 2776/3122/2776
f 2776/3122/2776 2930/3705/2930 2929/3706/2929 2788/3123/2788
f 1853/3126/1853 3317/3707/3317 3318/3307/3318 1852/3124/1852
f 2873/2083/2873 2841/3708/2841 721/3709/721 2790/986/2790
f 2790/986/2790 721/3709/721 2884/3710/2884 2791/866/2791
f 2791/866/2791 2884/3710/2884 991/3711/991 2793/863/2793
f 822/1081/822 2442/2956/2442 1647/2955/1647 823/1078/823
f 2800/2048/2800 464/2320/464 358/2322/358 2799/2047/2799
f 2801/2049/2801 2426/2321/2426 464/2320/464 2800/2048/2800
f 2802/3035/2802 363/3037/363 2426/2321/2426 2801/2049/2801
f 2803/2050/2803 1761/2318/1761 363/3037/363 2802/3035/2802
f 2804/2051/2804 370/2319/370 1761/2318/1761 2803/2050/2803
f 2805/2052/2805 1731/2316/1731 370/2319/370 2804/2051/2804
f 2806/2053/2806 369/2317/369 1731/2316/1731 2805/2052/2805
f 2807/2054/2807 1792/2315/1792 369/2317/369 2806/2053/2806
f 2808/2055/2808 489/2313/489 1792/2315/1792 2807/2054/2807
f 2809/2056/2809 1245/2314/1245 489/2313/489 2808/2055/2808
f 2810/2183/2810 473/2312/473 1245/2314/1245 2809/2056/2809
f 2811/2057/2811 856/2311/856 473/2312/473 2810/2183/2810
f 2812/2058/2812 209/2060/209 856/2311/856 2811/2057/2811
f 2815/3262/2815 1960/485/1960 2813/484/2813 3404/2059/3404
f 3402/2061/3402 2817/2001/2817 678/3261/678 2816/3265/2816
f 2814/487/2814 933/2302/933 209/2060/209 2813/484/2813
f 2819/2064/2819 210/589/210 2817/2001/2817 3402/2061/3402
f 2816/3265/2816 678/3261/678 1960/485/1960 2815/3262/2815
f 3401/2004/3401 2673/3266/2673 679/2596/679 2670/2003/2670
f 2818/2002/2818 934/2288/934 678/3261/678 2817/2001/2817
f 2674/2062/2674 708/3264/708 2673/3266/2673 3401/2004/3401
f 2816/3265/2816 708/3264/708 2674/2062/2674 3402/2061/3402
f 2820/2065/2820 232/590/232 210/589/210 2819/2064/2819
f 3180/2066/3180 2823/2883/2823 211/489/211 2821/488/2821
f 2822/491/2822 936/591/936 232/590/232 2821/488/2821
f 3179/1407/3179 711/2881/711 2823/2883/2823 3180/2066/3180
f 2824/1409/2824 2901/2882/2901 711/2881/711 3179/1407/3179
f 2825/2067/2825 1532/492/1532 211/489/211 2823/2883/2823
f 2826/2068/2826 206/493/206 1532/492/1532 2825/2067/2825
f 2827/2069/2827 651/466/651 206/493/206 2826/2068/2826
f 2828/2070/2828 207/467/207 651/466/651 2827/2069/2827
f 2829/2071/2829 863/1245/863 207/467/207 2828/2070/2828
f 2830/2194/2830 475/2192/475 863/1245/863 2829/2071/2829
f 2831/2072/2831 1237/1493/1237 475/2192/475 2830/2194/2830
f 2832/2073/2832 481/1465/481 1237/1493/1237 2831/2072/2831
f 2833/2074/2833 1800/1466/1800 481/1465/481 2832/2073/2832
f 2834/2075/2834 328/1017/328 1800/1466/1800 2833/2074/2833
f 2835/2076/2835 1739/1018/1739 328/1017/328 2834/2075/2834
f 2836/2077/2836 401/1222/401 1739/1018/1739 2835/2076/2835
f 2837/2078/2837 1769/1223/1769 401/1222/401 2836/2077/2836
f 2838/3048/2838 376/3046/376 1769/1223/1769 2837/2078/2837
f 2839/2079/2839 2418/1428/2418 376/3046/376 2838/3048/2838
f 2840/2080/2840 462/1128/462 2418/1428/2418 2839/2079/2839
f 2841/2081/2841 324/1129/324 462/1128/462 2840/2080/2840
f 2860/3712/2860 324/3713/324 2841/3708/2841 2873/2083/2873
f 2793/863/2793 991/3711/991 359/3714/359 2794/862/2794
f 2794/862/2794 359/3714/359 799/3715/799 2795/859/2795
f 2795/2139/2795 799/3716/799 360/3717/360 2755/3718/2755 2796/870/2796
f 2796/870/2796 2755/3718/2755 700/3719/700 2797/867/2797
f 2797/867/2797 700/3719/700 2799/3720/2799 2798/2045/2798
f 2798/2045/2798 2799/3720/2799 358/3721/358 2842/2324/2842
f 2842/2324/2842 358/3721/358 965/3722/965 2843/874/2843
f 2843/874/2843 965/3722/965 3163/3723/3163 2845/871/2845
f 823/3584/823 1647/3581/1647 2472/2952/2472 843/1550/843
f 2845/871/2845 3163/3723/3163 744/3724/744 2846/875/2846
f 2846/875/2846 744/3724/744 2931/3725/2931 2847/2100/2847
f 2854/2085/2854 2481/1537/2481 491/882/491 2853/2084/2853
f 2855/3594/2855 357/3592/357 2481/1537/2481 2854/2085/2854
f 2856/2087/2856 2453/926/2453 357/925/357 2855/2086/2855
f 2857/2088/2857 396/992/396 2453/926/2453 2856/2087/2856
f 2858/2089/2858 400/993/400 396/992/396 2857/2088/2857
f 2859/2090/2859 785/994/785 400/993/400 2858/2089/2858
f 3369/2134/3369 2861/1003/2861 785/994/785 2859/2090/2859
f 2847/2100/2847 2931/3725/2931 356/3726/356 2848/625/2848
f 2848/625/2848 356/3726/356 2996/3727/2996 2849/622/2849
f 843/1550/843 2472/2952/2472 1646/2948/1646 846/970/846
f 2849/622/2849 2996/3727/2996 520/3728/520 2850/3729/2850
f 2850/3729/2850 520/3728/520 3092/3730/3092 2851/3731/2851
f 2914/2091/2914 399/2036/399 2864/2035/2864 3371/2041/3371
f 2851/3731/2851 3092/3730/3092 774/3732/774 2852/3733/2852
f 846/970/846 1646/2948/1646 2516/2947/2516 851/967/851
f 851/967/851 2516/2947/2516 1645/2945/1645 853/1561/853
f 853/1561/853 1645/2945/1645 1644/2943/1644 857/942/857
f 857/942/857 1644/2943/1644 1643/2939/1643 861/939/861
f 861/939/861 1643/2939/1643 1642/2942/1642 883/1571/883
f 883/1571/883 1642/2942/1642 927/2932/927 894/2936/894
f 894/2936/894 927/2932/927 988/2931/988 905/2933/905
f 2852/3733/2852 774/3732/774 324/3713/324 2860/3712/2860
f 2873/2083/2873 2928/2082/2928 2929/3706/2929 2860/3712/2860
f 1850/880/1850 3165/879/3165 3166/3734/3166 1849/3116/1849
f 1849/3116/1849 3166/3734/3166 3167/3735/3167 1848/3114/1848
f 1848/3114/1848 3167/3735/3167 3168/3736/3168 1847/3112/1847
f 1847/3112/1847 3168/3736/3168 3169/3737/3169 1846/3110/1846
f 1846/3110/1846 3169/3737/3169 3170/3738/3170 1845/3108/1845
f 1845/3108/1845 3170/3738/3170 3171/3739/3171 1843/3106/1843
f 1843/3106/1843 3171/3739/3171 3173/3740/3173 1841/3104/1841
f 905/2933/905 988/2931/988 1737/3023/1737 913/3032/913
f 1841/3104/1841 3173/3740/3173 3174/3741/3174 1840/3102/1840
f 913/3032/913 1737/3023/1737 1810/3072/1810 932/3069/932
f 932/3069/932 1810/3072/1810 1824/2930/1824 974/896/974
f 974/896/974 1824/2930/1824 1638/2929/1638 1235/893/1235
f 1235/1146/1235 1638/2928/1638 1637/2927/1637 1243/1143/1243
f 1243/1143/1243 1637/2927/1637 2403/2926/2403 1710/1441/1710
f 1710/1441/1710 2403/2926/2403 1636/3029/1636 1733/3031/1733
f 1733/3031/1733 1636/3029/1636 1752/2925/1752 1763/1203/1763
f 1763/1203/1763 1752/2925/1752 1635/2924/1635 1771/1200/1771
f 1771/1200/1771 1635/2924/1635 1722/2923/1722 1794/1028/1794
f 1794/1028/1794 1722/2923/1722 1634/2922/1634 1802/1025/1802
f 1802/1025/1802 1634/2922/1634 1783/2921/1783 1842/1506/1842
f 1842/1506/1842 1783/2921/1783 1633/2920/1633 1864/1492/1864
f 1864/1492/1864 1633/2920/1633 1632/2919/1632 1968/1489/1968
f 1968/1489/1968 1632/2919/1632 1631/2918/1631 1984/2684/1984
f 1984/2684/1984 1631/2918/1631 1630/1370/1630 1982/1369/1982
f 2900/1400/2900 1530/3148/1530 113/1386/113 2899/1385/2899
f 2901/2882/2901 117/3149/117 1530/3148/1530 2900/1400/2900
f 2902/3145/2902 117/3149/117 2901/2882/2901 2824/1409/2824
f 2824/1409/2824 2672/595/2672 233/594/233 2902/3145/2902
f 2903/3146/2903 1908/3150/1908 117/3149/117 2902/3145/2902
f 2904/250/2904 116/1646/116 1908/2880/1908 2903/247/2903
f 2905/1635/2905 1508/1647/1508 116/1646/116 2904/250/2904
f 2906/1667/2906 540/1642/540 1508/1647/1508 2905/1635/2905
f 2907/1668/2907 1476/1643/1476 540/1642/540 2906/1667/2906
f 2908/2849/2908 537/2851/537 1476/1643/1476 2907/1668/2907
f 2909/1679/2909 1427/1633/1427 537/2851/537 2908/2849/2908
f 2910/1680/2910 536/1631/536 1427/1633/1427 2909/1679/2909
f 2911/1688/2911 1400/1632/1400 536/1631/536 2910/1680/2910
f 2912/2209/2912 535/2211/535 1400/1632/1400 2911/1688/2911
f 2580/733/2580 876/732/876 535/2211/535 2912/2209/2912
f 2821/488/2821 232/590/232 2820/2065/2820 3180/2066/3180
f 2913/2038/2913 692/1005/692 693/1004/693 2864/2035/2864
f 2865/2039/2865 2777/1007/2777 733/2092/733 2863/3702/2863
f 3272/2327/3272 3271/2997/3271 1985/3742/1985 471/1448/471
f 2915/2094/2915 395/2037/395 399/2036/399 2914/2091/2914
f 2916/2095/2916 2449/2032/2449 395/2037/395 2915/2094/2915
f 2917/2096/2917 339/2033/339 2449/2032/2449 2916/2095/2916
f 2918/2097/2918 2477/2028/2477 339/3589/339 2917/3587/2917
f 2919/2099/2919 493/2029/493 2477/2028/2477 2918/2097/2918
f 2848/625/2848 2876/624/2876 2877/2101/2877 2847/2100/2847
f 1840/3102/1840 3174/3741/3174 3284/3743/3284 1839/3100/1839
f 1839/3100/1839 3284/3743/3284 3285/3744/3285 1837/3098/1837
f 1837/3098/1837 3285/3744/3285 3286/3745/3286 1836/3096/1836
f 1836/3096/1836 3286/3745/3286 3287/3746/3287 1835/3093/1835
f 1835/3092/1835 3287/3747/3287 3288/3621/3288 1834/3085/1834
f 3302/3748/3302 3289/3700/3289 1966/3298/1966 2494/3297/2494
f 3289/3700/3289 3302/3748/3302 2497/3300/2497 1969/3299/1969
f 1985/3742/1985 3271/2997/3271 3270/1411/3270 458/1381/458
f 1854/3128/1854 2502/3127/2502 2503/3090/2503 1855/3089/1855
f 1854/3128/1854 3316/3185/3316 3317/3707/3317 1853/3126/1853
f 2788/3123/2788 2929/3706/2929 2928/2082/2928 2789/3125/2789
f 2932/2103/2932 463/1595/463 356/1594/356 2931/2102/2931
f 2933/2104/2933 2422/1597/2422 463/1595/463 2932/2103/2932
f 2934/3040/2934 364/3042/364 2422/1597/2422 2933/2104/2933
f 2935/2105/2935 1765/1600/1765 364/3042/364 2934/3040/2934
f 2936/2106/2936 368/1601/368 1765/1600/1765 2935/2105/2935
f 2937/2107/2937 1735/1604/1735 368/1601/368 2936/2106/2936
f 2938/2108/2938 367/1605/367 1735/1604/1735 2937/2107/2937
f 2939/2109/2939 1796/1608/1796 367/1605/367 2938/2108/2938
f 2940/2110/2940 490/1609/490 1796/1608/1796 2939/2109/2939
f 2941/2111/2941 1241/1611/1241 490/1609/490 2940/2110/2940
f 2942/2187/2942 474/2189/474 1241/1611/1241 2941/2111/2941
f 2943/2112/2943 859/1241/859 474/2189/474 2942/2187/2942
f 2944/2113/2944 208/474/208 859/1241/859 2943/2112/2943
f 2945/2114/2945 944/475/944 208/474/208 2944/2113/2944
f 2946/2301/2946 204/2298/204 944/475/944 2945/2114/2945
f 2947/2116/2947 2298/550/2298 204/549/204 2946/2115/2946
f 2948/2117/2948 223/458/223 2298/550/2298 2947/2116/2947
f 2949/2118/2949 2317/459/2317 223/458/223 2948/2117/2948
f 2950/3518/2950 215/3515/215 2317/459/2317 2949/2118/2949
f 2951/2119/2951 2342/509/2342 215/3515/215 2950/3518/2950
f 2952/2120/2952 226/510/226 2342/509/2342 2951/2119/2951
f 2953/2121/2953 2359/561/2359 226/510/226 2952/2120/2952
f 2954/2122/2954 193/562/193 2359/561/2359 2953/2121/2953
f 2955/2123/2955 2394/412/2394 193/562/193 2954/2122/2954
f 2956/2124/2956 192/413/192 2394/412/2394 2955/2123/2955
f 2957/2240/2957 907/2243/907 192/2264/192 2956/2262/2956
f 2958/2241/2958 896/2244/896 907/2243/907 2957/2240/2957
f 2959/2125/2959 915/723/915 896/2244/896 2958/2241/2958
f 2960/2126/2960 288/724/288 915/723/915 2959/2125/2959
f 2961/2220/2961 2096/2217/2096 288/724/288 2960/2126/2960
f 2962/2214/2962 626/2218/626 2096/2217/2096 2961/2220/2961
f 2963/736/2963 625/3376/625 626/2218/626 2962/2214/2962
f 2964/739/2964 624/3378/624 625/3376/625 2963/736/2963
f 2965/747/2965 299/1965/299 624/3381/624 2964/744/2964
f 2966/2016/2966 2235/1966/2235 299/1965/299 2965/747/2965
f 2967/2273/2967 271/2276/271 2235/1966/2235 2966/2016/2966
f 2968/748/2968 920/391/920 271/2276/271 2967/2273/2967
f 2969/751/2969 891/392/891 920/391/920 2968/748/2968
f 2970/2233/2970 902/2231/902 891/392/891 2969/751/2969
f 2971/2255/2971 194/2253/194 902/2231/902 2970/2233/2970
f 2972/1980/2972 2387/398/2387 194/397/194 2971/1977/2971
f 2973/1985/2973 195/401/195 2387/398/2387 2972/1980/2972
f 2974/1988/2974 2352/402/2352 195/401/195 2973/1985/2973
f 2975/1989/2975 228/582/228 2352/402/2352 2974/1988/2974
f 2976/1992/2976 2335/583/2335 228/582/228 2975/1989/2975
f 2977/3525/2977 217/3527/217 2335/583/2335 2976/1992/2976
f 2978/1993/2978 2324/584/2324 217/3527/217 2977/3525/2977
f 2979/1996/2979 221/585/221 2324/584/2324 2978/1993/2978
f 2980/1997/2980 2305/586/2305 221/585/221 2979/1996/2979
f 2981/2000/2981 202/587/202 2305/586/2305 2980/1997/2980
f 2818/2002/2818 935/588/935 202/2290/202 2981/2286/2981
f 2982/2031/2982 2450/3749/2450 692/1005/692 2913/2038/2913
f 2983/2034/2983 691/3750/691 2450/3749/2450 2982/2031/2982
f 2984/2027/2984 2478/3751/2478 691/3752/691 2983/3588/2983
f 2985/2030/2985 690/3309/690 2478/3751/2478 2984/2027/2984
f 2850/3729/2850 2874/3703/2874 2875/623/2875 2849/622/2849
f 1852/3124/1852 3318/3307/3318 3319/878/3319 1851/877/1851
f 2852/3733/2852 2930/3705/2930 2986/3704/2986 2851/3731/2851
f 2500/3305/2500 2987/3604/2987 3164/3603/3164 2501/3226/2501
f 1972/3306/1972 3318/3307/3318 3317/3707/3317 1971/3304/1971
f 1971/3304/1971 3317/3707/3317 3316/3185/3316 1970/3302/1970
f 1970/3302/1970 3316/3185/3316 3315/3184/3315 1969/3299/1969
f 2497/3300/2497 3302/3748/3302 2991/3753/2991 2990/3697/2990
f 1316/2762/1316 1315/1449/1315 471/1448/471 1985/3742/1985
f 2991/3753/2991 3302/3748/3302 2494/3297/2494 2992/3620/2992
f 1966/3298/1966 3288/3621/3288 3287/3747/3287 1965/3295/1965
f 1965/3294/1965 3287/3746/3287 3286/3745/3286 1918/3292/1918
f 2997/1596/2997 521/3754/521 520/3755/520 2996/1593/2996
f 2998/1598/2998 2421/3756/2421 521/3754/521 2997/1596/2997
f 2999/3041/2999 522/3757/522 2421/3756/2421 2998/1598/2998
f 3000/1599/3000 1766/3758/1766 522/3757/522 2999/3041/2999
f 3001/1602/3001 523/3759/523 1766/3758/1766 3000/1599/3000
f 3002/1603/3002 1736/3760/1736 523/3759/523 3001/1602/3001
f 3003/1606/3003 524/3761/524 1736/3760/1736 3002/1603/3002
f 3004/1607/3004 1797/3762/1797 524/3761/524 3003/1606/3003
f 3005/1610/3005 525/3763/525 1797/3762/1797 3004/1607/3004
f 3006/1612/3006 1240/3764/1240 525/3763/525 3005/1610/3005
f 3007/2188/3007 665/3765/665 1240/3764/1240 3006/1612/3006
f 3008/1240/3008 860/3766/860 665/3765/665 3007/2188/3007
f 3009/473/3009 684/3767/684 860/3766/860 3008/1240/3008
f 3010/476/3010 943/3768/943 684/3767/684 3009/473/3009
f 3011/2299/3011 759/3769/759 943/3768/943 3010/476/3010
f 3012/551/3012 2297/3770/2297 759/3771/759 3011/548/3011
f 3013/457/3013 760/3772/760 2297/3770/2297 3012/551/3012
f 3014/460/3014 2316/3773/2316 760/3772/760 3013/457/3013
f 3015/3516/3015 761/3774/761 2316/3773/2316 3014/460/3014
f 3016/508/3016 2343/3775/2343 761/3774/761 3015/3516/3015
f 3017/511/3017 762/3776/762 2343/3775/2343 3016/508/3016
f 3018/560/3018 2360/3777/2360 762/3776/762 3017/511/3017
f 3019/563/3019 763/3778/763 2360/3777/2360 3018/560/3018
f 3020/411/3020 2395/3779/2395 763/3778/763 3019/563/3019
f 3021/414/3021 764/3780/764 2395/3779/2395 3020/411/3020
f 3022/2242/3022 908/3781/908 764/3782/764 3021/2263/3021
f 3023/2245/3023 897/3783/897 908/3781/908 3022/2242/3022
f 3024/722/3024 916/3784/916 897/3783/897 3023/2245/3023
f 3025/725/3025 765/3785/765 916/3784/916 3024/722/3024
f 3026/2216/3026 2095/3786/2095 765/3785/765 3025/725/3025
f 3027/2219/3027 623/3372/623 2095/3786/2095 3026/2216/3026
f 3028/3375/3028 2055/3373/2055 623/3372/623 3027/2219/3027
f 3029/1904/3029 2063/1896/2063 2055/3373/2055 3028/3375/3028
f 3030/849/3030 322/1897/322 2063/1896/2063 3029/1904/3029
f 3031/852/3031 300/1898/300 322/1897/322 3030/849/3030
f 3032/1810/3032 619/1894/619 300/1893/300 3031/1809/3031
f 3033/3383/3033 2069/1895/2069 619/1894/619 3032/1810/3032
f 3034/804/3034 2061/3366/2061 2069/1895/2069 3033/3383/3033
f 3035/807/3035 621/3367/621 2061/3366/2061 3034/804/3034
f 1985/3742/1985 458/1381/458 1317/1380/1317 1316/2762/1316
f 3037/755/3037 622/3368/622 621/3367/621 3036/752/3036
f 2814/487/2814 1959/486/1959 1958/3260/1958 3108/3787/3108
f 2301/2305/2301 2302/3788/2302 222/447/222 948/446/948
f 3040/3364/3040 2049/3363/2049 270/753/270 3038/1970/3038
f 3041/815/3041 2042/1931/2042 2049/3363/2049 3040/3364/3040
f 3042/818/3042 309/1932/309 2042/1931/2042 3041/815/3041
f 3043/824/3043 298/1933/298 309/1932/309 3042/818/3042
f 3044/828/3044 310/1928/310 298/1930/298 3043/825/3043
f 3045/1971/3045 2273/2901/2273 639/1969/639 3039/1968/3039
f 3046/2277/3046 272/2899/272 2273/2901/2273 3045/1971/3045
f 3047/678/3047 922/2898/922 272/2899/272 3046/2277/3046
f 3048/679/3048 888/2897/888 922/2898/922 3047/678/3047
f 3049/2230/3049 899/2895/899 888/2897/888 3048/679/3048
f 3050/2252/3050 196/2896/196 899/2895/899 3049/2230/3049
f 3051/424/3051 2385/2894/2385 196/2893/196 3050/423/3050
f 3052/576/3052 197/2891/197 2385/2894/2385 3051/424/3051
f 3053/577/3053 2350/2892/2350 197/2891/197 3052/576/3052
f 3054/524/3054 229/2889/229 2350/2892/2350 3053/577/3053
f 3055/527/3055 2333/2890/2333 229/2889/229 3054/524/3054
f 3056/3528/3056 212/3530/212 2333/2890/2333 3055/527/3055
f 3057/437/3057 2326/2887/2326 212/3530/212 3056/3528/3056
f 3058/440/3058 220/2888/220 2326/2887/2326 3057/437/3057
f 3059/536/3059 2307/2885/2307 220/2888/220 3058/440/3058
f 3060/539/3060 200/2886/200 2307/2885/2307 3059/536/3059
f 2822/491/2822 937/490/937 200/2884/200 3060/2291/3060
f 3061/836/3061 623/3372/623 622/3371/622 3037/833/3037
f 3062/2223/3062 2095/3786/2095 623/3372/623 3061/836/3061
f 3063/2129/3063 765/3785/765 2095/3786/2095 3062/2223/3062
f 3064/2132/3064 916/3784/916 765/3785/765 3063/2129/3063
f 3065/2246/3065 897/3783/897 916/3784/916 3064/2132/3064
f 3066/2249/3066 908/3781/908 897/3783/897 3065/2246/3065
f 3067/2266/3067 764/3782/764 908/3781/908 3066/2249/3066
f 3068/407/3068 2395/3789/2395 764/3790/764 3067/408/3067
f 3069/557/3069 763/3791/763 2395/3789/2395 3068/407/3068
f 3070/556/3070 2360/3792/2360 763/3791/763 3069/557/3069
f 3071/505/3071 762/3793/762 2360/3792/2360 3070/556/3070
f 3072/504/3072 2343/3794/2343 762/3793/762 3071/505/3071
f 3073/3513/3073 761/3795/761 2343/3794/2343 3072/504/3072
f 3074/464/3074 2316/3796/2316 761/3795/761 3073/3513/3073
f 3075/463/3075 760/3797/760 2316/3796/2316 3074/464/3074
f 3076/552/3076 2297/3798/2297 760/3797/760 3075/463/3075
f 3077/2128/3077 759/3799/759 2297/3798/2297 3076/552/3076
f 3078/472/3078 943/3768/943 759/3769/759 3077/2297/3077
f 3079/471/3079 684/3767/684 943/3768/943 3078/472/3078
f 3080/1613/3080 860/3766/860 684/3767/684 3079/471/3079
f 3081/2191/3081 665/3765/665 860/3766/860 3080/1613/3080
f 3082/1460/3082 1240/3764/1240 665/3765/665 3081/2191/3081
f 3083/1463/3083 525/3763/525 1240/3764/1240 3082/1460/3082
f 3084/1516/3084 1797/3762/1797 525/3763/525 3083/1463/3083
f 3085/1019/3085 524/3761/524 1797/3762/1797 3084/1516/3084
f 3086/1020/3086 1736/3760/1736 524/3761/524 3085/1019/3085
f 3087/1218/3087 523/3759/523 1736/3760/1736 3086/1020/3086
f 3088/1221/3088 1766/3758/1766 523/3759/523 3087/1218/3087
f 3089/3044/3089 522/3757/522 1766/3758/1766 3088/1221/3088
f 3090/1430/3090 2421/3756/2421 522/3757/522 3089/3044/3089
f 3091/1131/3091 521/3754/521 2421/3756/2421 3090/1430/3090
f 3092/1132/3092 520/3755/520 521/3754/521 3091/1131/3091
f 2851/3731/2851 2986/3704/2986 2874/3703/2874 2850/3729/2850
f 1918/3292/1918 3286/3745/3286 3285/3744/3285 1868/3290/1868
f 1868/3290/1868 3285/3744/3285 3284/3743/3284 1867/3288/1867
f 1867/3288/1867 3284/3743/3284 3174/3741/3174 1866/3286/1866
f 1866/3286/1866 3174/3741/3174 3173/3740/3173 1865/3284/1865
f 1865/3284/1865 3173/3740/3173 3171/3739/3171 1862/3282/1862
f 2301/2305/2301 947/2304/947 203/3800/203 2302/3788/2302
f 1862/3282/1862 3171/3739/3171 3170/3738/3170 1861/3280/1861
f 1861/3280/1861 3170/3738/3170 3169/3737/3169 1860/3278/1860
f 1860/3278/1860 3169/3737/3169 3168/3736/3168 1859/3276/1859
f 1859/3276/1859 3168/3736/3168 3167/3735/3167 1858/3274/1858
f 1858/3274/1858 3167/3735/3167 3166/3734/3166 1857/3272/1857
f 3105/1536/3105 2478/3751/2478 690/3309/690 3104/1534/3104
f 3106/3591/3106 691/3752/691 2478/3751/2478 3105/1536/3105
f 2450/3749/2450 691/3750/691 3106/3801/3106 3107/3802/3107
f 3107/3802/3107 3106/3801/3106 783/924/783 2452/923/2452
f 3108/3787/3108 203/2303/203 933/2302/933 2814/487/2814
f 203/3800/203 3108/540/3108 3109/543/3109 2302/3788/2302
f 3110/441/3110 222/447/222 2302/3788/2302 3109/543/3109
f 3111/444/3111 2321/448/2321 222/447/222 3110/441/3110
f 3112/3523/3112 216/3521/216 2321/448/2321 3111/444/3111
f 3113/520/3113 2338/516/2338 216/3521/216 3112/3523/3112
f 3114/523/3114 227/517/227 2338/516/2338 3113/520/3113
f 3115/572/3115 2355/568/2355 227/517/227 3114/523/3114
f 3116/575/3116 198/569/198 2355/568/2355 3115/572/3115
f 3117/429/3117 2390/419/2390 198/569/198 3116/575/3116
f 3118/432/3118 199/420/199 2390/419/2390 3117/429/3117
f 3119/2234/3119 904/2237/904 199/2259/199 3118/2256/3118
f 3120/1981/3120 893/741/893 904/2237/904 3119/2234/3119
f 3121/1984/3121 918/742/918 893/741/893 3120/1981/3120
f 3122/2272/3122 289/2269/289 918/742/918 3121/1984/3121
f 3123/3395/3123 2108/2407/2108 289/2269/289 3122/2272/3122
f 3124/3392/3124 632/2408/632 2108/2407/2108 3123/3395/3123
f 3125/3389/3125 2082/3388/2082 632/2408/632 3124/3392/3124
f 3126/1907/3126 2073/1909/2073 2082/3388/2082 3125/3389/3125
f 3127/1905/3127 305/1910/305 2073/1909/2073 3126/1907/3126
f 3128/1906/3128 631/1911/631 305/1910/305 3127/1905/3127
f 3129/1891/3129 304/1915/304 631/1914/631 3128/1890/3128
f 2071/1967/2071 3036/752/3036 621/3367/621 3035/807/3035
f 3038/1970/3038 270/753/270 3036/752/3036 2071/1967/2071
f 3035/807/3035 620/806/620 3039/1968/3039 2071/1967/2071
f 2452/923/2452 784/991/784 2862/1006/2862 3107/3802/3107
f 2862/1006/2862 692/1005/692 2450/3749/2450 3107/3802/3107
f 2844/884/2844 782/883/782 3104/1534/3104 2792/3803/2792
f 2792/3803/2792 3104/1534/3104 690/3309/690 2779/3308/2779
f 696/3561/696 2098/3804/2098 2784/3562/2784 2444/1099/2444
f 2784/3562/2784 2098/3804/2098 2094/3805/2094 2445/3564/2445
f 2445/3564/2445 2094/3805/2094 2080/3806/2080 2446/3563/2446
f 2490/1527/2490 3176/1530/3176 3177/1533/3177 2080/3807/2080
f 3177/1100/3177 3178/1103/3178 2446/3563/2446 2080/3806/2080
f 2080/3807/2080 2094/3808/2094 2319/3809/2319 2490/1527/2490
f 2094/3808/2094 2098/3810/2098 2300/3811/2300 2319/3809/2319
f 2488/1525/2488 2300/3811/2300 2098/3810/2098 696/3601/696
f 2488/1525/2488 697/1524/697 2447/3812/2447 2300/3811/2300
f 2424/3552/2424 2455/3813/2455 2447/3812/2447 697/1524/697
f 2455/3813/2455 2424/3552/2424 1986/3814/1986 2786/3815/2786
f 3093/3615/3093 2786/3815/2786 1986/3814/1986 2995/3616/2995
f 2994/3617/2994 2995/3616/2995 1986/3814/1986 1987/3816/1987
f 2300/3811/2300 2447/3812/2447 2489/3817/2489 2319/3809/2319
f 3172/3560/3172 2296/3574/2296 2089/3818/2089 2340/3558/2340
f 2340/3558/2340 2089/3818/2089 2003/3819/2003 2357/3556/2357
f 2357/3556/2357 2003/3819/2003 1997/3820/1997 2392/3555/2392
f 2392/3554/2392 1997/3821/1997 1987/3816/1987 2416/3553/2416
f 2416/3553/2416 1987/3816/1987 1986/3814/1986 2424/3552/2424
f 2489/3817/2489 973/1528/973 2490/1527/2490 2319/3809/2319
f 2785/3822/2785 2489/3817/2489 2447/3812/2447 2455/3813/2455
f 2787/3823/2787 2785/3822/2785 2455/3813/2455 2786/3815/2786
f 2465/3514/2465 1983/3824/1983 1981/3825/1981 2475/3511/2475
f 2475/3511/2475 1981/3825/1981 1980/3826/1980 2483/3510/2483
f 2483/3510/2483 1980/3826/1980 1979/3827/1979 2504/3394/2504
f 2504/3394/2504 1979/3827/1979 1977/3828/1977 2759/3393/2759
f 2759/3393/2759 1977/3828/1977 1976/3829/1976 2774/3310/2774
f 2774/3310/2774 1976/3829/1976 1975/3830/1975 2779/3308/2779
f 1857/3272/1857 3166/3734/3166 3165/879/3165 1856/3228/1856
f 1974/3831/1974 3103/3606/3103 3164/3603/3164 2396/3602/2396
f 1856/3228/1856 3165/879/3165 3319/878/3319 1973/3225/1973
f 1975/3830/1975 3102/3607/3102 3103/3606/3103 1974/3831/1974
f 1976/3829/1976 3101/3608/3101 3102/3607/3102 1975/3830/1975
f 1977/3828/1977 3100/3609/3100 3101/3608/3101 1976/3829/1976
f 1979/3827/1979 3099/3610/3099 3100/3609/3100 1977/3828/1977
f 1980/3826/1980 3098/3611/3098 3099/3610/3099 1979/3827/1979
f 1981/3825/1981 3097/3612/3097 3098/3611/3098 1980/3826/1980
f 1983/3824/1983 3095/3613/3095 3097/3612/3097 1981/3825/1981
f 2779/3308/2779 1975/3830/1975 1974/3831/1974 2792/3803/2792
f 2396/3602/2396 2844/884/2844 2792/3803/2792 1974/3831/1974
f 2844/884/2844 2396/3602/2396 2361/3605/2361 2880/881/2880
f 2880/881/2880 2361/3605/2361 2344/3832/2344 2925/3585/2925
f 2925/3585/2925 2344/3832/2344 2315/3573/2315 3096/3572/3096
f 2571/3694/2571 567/3629/567 1012/3631/1012 2563/3696/2563
f 3183/3660/3183 614/3654/614 2518/3689/2518 3182/3688/3182
f 3184/2697/3184 1831/1876/1831 614/3654/614 3183/3660/3183
f 3185/2698/3185 596/1782/596 1831/1876/1831 3184/2697/3184
f 3186/2699/3186 586/1783/586 596/1782/596 3185/2698/3185
f 3187/2700/3187 275/710/275 586/1783/586 3186/2699/3186
f 3188/2701/3188 2587/711/2587 275/710/275 3187/2700/3187
f 3189/3639/3189 585/3638/585 2587/711/2587 3188/2701/3188
f 3190/2702/3190 2590/2907/2590 585/3638/585 3189/3639/3189
f 3191/2703/3191 584/3833/584 3367/1781/3367 1599/1780/1599 2590/2907/2590 3190/2702/3190
f 3192/2704/3192 594/3834/594 584/3833/584 3191/2703/3191
f 3193/2705/3193 1726/3835/1726 594/3834/594 3192/2704/3192
f 3194/3628/3194 612/3836/612 1726/3835/1726 3193/2705/3193
f 3195/3668/3195 2577/3837/2577 612/3836/612 3194/3628/3194
f 3196/2707/3196 534/3838/534 2577/3839/2577 3195/2706/3195
f 3197/2708/3197 2562/3840/2562 534/3838/534 3196/2707/3196
f 3198/2709/3198 2544/3841/2544 2562/3840/2562 3197/2708/3197
f 3199/2710/3199 570/3842/570 2544/3841/2544 3198/2709/3198
f 3200/2711/3200 878/3843/878 570/3842/570 3199/2710/3199
f 3201/2712/3201 152/2834/152 878/3843/878 3200/2711/3200
f 3202/2713/3202 151/2833/151 152/2834/152 3201/2712/3201
f 3203/2714/3203 174/2832/174 151/2833/151 3202/2713/3202
f 3204/2715/3204 39/2831/39 174/2832/174 3203/2714/3203
f 3205/2716/3205 47/2830/47 39/2831/39 3204/2715/3204
f 3206/2717/3206 31/2828/31 47/2830/47 3205/2716/3205
f 3207/2718/3207 54/2829/54 31/2828/31 3206/2717/3206
f 3208/2719/3208 1390/134/1390 54/2829/54 3207/2718/3207
f 3209/2720/3209 53/132/53 1390/134/1390 3208/2719/3208
f 3210/2721/3210 1437/133/1437 53/132/53 3209/2720/3209
f 3211/2722/3211 52/2860/52 1437/133/1437 3210/2721/3210
f 3212/2723/3212 29/2859/29 52/2860/52 3211/2722/3211
f 3213/2724/3213 45/2858/45 29/2859/29 3212/2723/3212
f 3214/2725/3214 37/2857/37 45/2858/45 3213/2724/3213
f 3215/2726/3215 1469/362/1469 37/2857/37 3214/2725/3214
f 3216/2727/3216 104/363/104 1469/362/1469 3215/2726/3215
f 3217/2728/3217 105/2878/105 104/363/104 3216/2727/3216
f 3391/2879/3391 105/2878/105 3217/2728/3217 3392/2729/3392
f 3219/2731/3219 1549/2877/1549 99/2876/99 3218/2730/3218
f 3220/2732/3220 95/2875/95 1549/2877/1549 3219/2731/3219
f 1195/2673/1195 1042/2733/1042 95/2875/95 3220/2732/3220
f 3221/2735/3221 91/2874/91 1283/2675/1283 1193/2671/1193
f 3222/2768/3222 1605/2872/1605 91/2874/91 3221/2735/3221
f 3223/2769/3223 96/2873/96 1605/2872/1605 3222/2768/3222
f 3377/2771/3377 3224/2770/3224 107/2870/107 3378/2871/3378
f 3225/2772/3225 106/371/106 107/2870/107 3224/2770/3224
f 3226/2773/3226 1459/372/1459 106/371/106 3225/2772/3225
f 3227/2774/3227 13/375/13 1459/372/1459 3226/2773/3226
f 3228/2775/3228 1/2869/1 13/375/13 3227/2774/3227
f 3229/2776/3229 4/2867/4 1/2869/1 3228/2775/3228
f 3230/2777/3230 65/2868/65 4/2867/4 3229/2776/3229
f 3231/2778/3231 1453/148/1453 65/2868/65 3230/2777/3230
f 3232/2779/3232 64/146/64 1453/148/1453 3231/2778/3231
f 3233/2780/3233 1374/147/1374 64/146/64 3232/2779/3232
f 3234/2781/3234 63/2824/63 1374/147/1374 3233/2780/3233
f 3235/2782/3235 2/2823/2 63/2824/63 3234/2781/3234
f 3236/2783/3236 19/2822/19 2/2823/2 3235/2782/3235
f 3237/2784/3237 11/2821/11 19/2822/19 3236/2783/3236
f 3238/2785/3238 169/2820/169 11/2821/11 3237/2784/3237
f 3239/2786/3239 132/274/132 169/2820/169 3238/2785/3238
f 3240/2787/3240 131/275/131 132/274/132 3239/2786/3239
f 3241/2788/3241 868/3844/868 131/275/131 3240/2787/3240
f 3242/2789/3242 578/3845/578 868/3844/868 3241/2788/3241
f 1416/2793/1416 2528/2792/2528 578/3845/578 3242/2789/3242
f 3243/703/3243 2589/707/2589 269/706/269 3244/702/3244
f 3245/1788/3245 588/1790/588 268/701/268 3244/702/3244
f 3246/1789/3246 598/1791/598 588/1790/588 3245/1788/3245
f 3247/1879/3247 1903/1880/1903 598/1791/598 3246/1789/3246
f 3248/3663/3248 616/3664/616 1903/1880/1903 3247/1879/3247
f 3249/3686/3249 2460/3684/2460 616/3664/616 3248/3663/3248
f 3250/1826/3250 541/1828/541 2460/1827/2460 3249/1823/3249
f 3251/1744/3251 2572/1748/2572 541/1828/541 3250/1826/3250
f 3252/1747/3252 2534/1749/2534 2572/1748/2572 3251/1744/3251
f 3253/1671/3253 575/1669/575 2534/1749/2534 3252/1747/3252
f 3254/1674/3254 872/1670/872 575/1669/575 3253/1671/3253
f 3255/2204/3255 422/2202/422 872/1670/872 3254/1674/3254
f 3256/1681/3256 1406/1280/1406 422/2202/422 3255/2204/3255
f 3257/1659/3257 547/1281/547 1406/1280/1406 3256/1681/3256
f 3258/1662/3258 1421/1658/1421 547/1281/547 3257/1659/3257
f 3259/2845/3259 544/2843/544 1421/1658/1421 3258/1662/3258
f 3260/1650/3260 1482/1648/1482 544/2843/544 3259/2845/3259
f 3261/1653/3261 427/1649/427 1482/1648/1482 3260/1650/3260
f 3262/1284/3262 1514/1286/1514 427/1649/427 3261/1653/3261
f 3263/255/3263 122/245/122 1514/1286/1514 3262/1284/3262
f 3264/258/3264 1902/246/1902 122/245/122 3263/255/3263
f 3265/2009/3265 123/3000/123 1902/3137/1902 3264/3138/3264
f 3266/2010/3266 2666/3001/2666 123/3000/123 3265/2009/3265
f 3267/2622/3267 681/3325/681 2666/3001/2666 3266/2010/3266
f 3268/2625/3268 2022/3326/2022 681/3325/681 3267/2622/3267
f 3269/1410/3269 2681/2998/2681 2022/3326/2022 3268/2625/3268
f 3270/1411/3270 457/2999/457 2681/2998/2681 3269/1410/3269
f 1676/2995/1676 1982/1369/1982 433/1372/433 1678/1417/1678
f 1676/2995/1676 1678/1417/1678 457/2999/457 1677/2996/1677
f 3271/2997/3271 1677/2996/1677 457/2999/457 3270/1411/3270
f 3274/1378/3274 486/2993/486 1224/2325/1224 3273/1375/3273
f 3275/1508/3275 1786/2994/1786 486/2993/486 3274/1378/3274
f 3276/1176/3276 406/2991/406 1786/2994/1786 3275/1508/3275
f 3277/1179/3277 1725/2992/1725 406/2991/406 3276/1176/3276
f 3278/1234/3278 407/2989/407 1725/2992/1725 3277/1179/3277
f 3279/1235/3279 1755/2990/1755 407/2989/407 3278/1234/3278
f 3280/1949/3280 346/3034/346 1755/2990/1755 3279/1235/3279
f 3281/1440/3281 2400/2988/2400 346/3034/346 3280/1949/3280
f 3282/1232/3282 467/2986/467 2400/2988/2400 3281/1440/3281
f 3283/1233/3283 351/2987/351 467/2986/467 3282/1232/3282
f 2785/3822/2785 2465/3514/2465 973/1528/973 2489/3817/2489
f 2785/3822/2785 2787/3823/2787 1983/3824/1983 2465/3514/2465
f 2786/3815/2786 3093/3615/3093 3094/3614/3094 2787/3823/2787
f 1983/3824/1983 2787/3823/2787 3094/3614/3094 3095/3613/3095
f 1997/3821/1997 2993/3618/2993 2994/3617/2994 1987/3816/1987
f 2003/3819/2003 2992/3620/2992 2993/3619/2993 1997/3820/1997
f 2089/3818/2089 2991/3753/2991 2992/3620/2992 2003/3819/2003
f 3291/947/3291 334/2974/334 510/2975/510 3290/1573/3290
f 3292/950/3292 504/2972/504 334/2974/334 3291/947/3291
f 3293/1563/3293 327/2973/327 504/2972/504 3292/950/3292
f 3294/975/3294 2513/2971/2513 327/2973/327 3293/1563/3293
f 3295/978/3295 499/2969/499 2513/2971/2513 3294/975/3294
f 3296/1551/3296 2459/2970/2459 499/2969/499 3295/978/3295
f 3297/1554/3297 344/3586/344 2459/2970/2459 3296/1551/3296
f 3298/974/3298 2429/2968/2429 344/2967/344 3297/971/3297
f 3299/1045/3299 384/1062/384 2429/2968/2429 3298/974/3298
f 3300/1048/3300 379/1063/379 384/1062/384 3299/1045/3299
f 3301/920/3301 1658/1056/1658 379/1063/379 3300/1048/3300
f 812/1057/812 1658/1056/1658 3301/920/3301 803/919/803
f 2089/3818/2089 2296/3574/2296 2990/3697/2990 2991/3753/2991
f 3304/1037/3304 378/2958/378 1649/2957/1649 3303/2961/3303
f 3305/1040/3305 383/2959/383 378/2958/378 3304/1037/3304
f 3306/1074/3306 2441/2953/2441 383/2959/383 3305/1040/3305
f 3307/1077/3307 347/2954/347 2441/2953/2441 3306/1074/3306
f 3308/1547/3308 2471/2951/2471 347/3582/347 3307/3579/3307
f 3309/963/3309 498/2949/498 2471/2951/2471 3308/1547/3308
f 3310/966/3310 2517/2950/2517 498/2949/498 3309/963/3309
f 3311/1558/3311 329/2946/329 2517/2950/2517 3310/966/3310
f 3312/935/3312 503/2944/503 329/2946/329 3311/1558/3311
f 3313/938/3313 335/2940/335 503/2944/503 3312/935/3312
f 3314/1570/3314 509/2941/509 335/2940/335 3313/938/3313
f 3172/3560/3172 2872/998/2872 729/997/729 3096/3572/3096
f 2315/3573/2315 2989/3698/2989 2990/3697/2990 2296/3574/2296
f 2344/3832/2344 2988/3699/2988 2989/3698/2989 2315/3573/2315
f 2361/3605/2361 2987/3604/2987 2988/3699/2988 2344/3832/2344
f 2860/3712/2860 2929/3706/2929 2930/3705/2930 2852/3733/2852
f 3320/2384/3320 602/2905/602 2589/707/2589 3243/703/3243
f 3321/1814/3321 1026/2903/1026 602/2905/602 3320/2384/3320
f 3322/1796/3322 591/2904/591 1026/2903/1026 3321/1814/3321
f 3323/1797/3323 601/3064/601 591/2904/591 3322/1796/3322
f 3324/1883/3324 1430/3070/1430 601/3064/601 3323/1797/3323
f 3325/3546/3325 606/3079/606 1430/3070/1430 3324/1883/3324
f 3326/3679/3326 2283/3081/2283 606/3079/606 3325/3546/3325
f 3327/1834/3327 421/3141/421 2283/3140/2283 3326/1833/3326
f 3328/1754/3328 2578/2791/2578 421/3141/421 3327/1834/3327
f 3329/1755/3329 2528/2792/2528 2578/2791/2578 3328/1754/3328
f 3330/1264/3330 578/3845/578 2528/2792/2528 3329/1755/3329
f 3331/1267/3331 868/3844/868 578/3845/578 3330/1264/3330
f 3332/2198/3332 131/275/131 868/3844/868 3331/1267/3331
f 3333/1685/3333 1368/276/1368 131/275/131 3332/2198/3332
f 3334/1687/3334 133/279/133 1368/276/1368 3333/1685/3333
f 3335/1693/3335 1415/280/1415 133/279/133 3334/1687/3334
f 3336/2838/3336 135/283/135 1415/280/1415 3335/1693/3335
f 3337/1697/3337 1456/284/1456 135/283/135 3336/2838/3336
f 3338/1698/3338 137/287/137 1456/284/1456 3337/1697/3337
f 3339/1699/3339 1488/288/1488 137/287/137 3338/1698/3338
f 3340/1700/3340 139/291/139 1488/288/1488 3339/1699/3339
f 3341/1701/3341 1612/292/1612 139/291/139 3340/1700/3340
f 3342/1702/3342 142/295/142 1612/292/1612 3341/1701/3341
f 3343/1703/3343 1290/296/1290 142/295/142 3342/1702/3342
f 3344/2659/3344 1186/2660/1186 1290/296/1290 3343/1703/3343
f 3345/379/3345 143/299/143 1186/2660/1186 3344/2659/3344
f 3346/382/3346 1048/300/1048 143/299/143 3345/379/3345
f 3347/1705/3347 145/303/145 1048/300/1048 3346/382/3346
f 3348/1707/3348 1525/304/1525 145/303/145 3347/1705/3347
f 3349/1708/3349 147/329/147 1525/304/1525 3348/1707/3348
f 3350/1711/3350 1504/330/1504 147/329/147 3349/1708/3349
f 3351/1712/3351 154/358/154 1504/330/1504 3350/1711/3350
f 3352/1715/3352 1472/359/1472 154/358/154 3351/1712/3351
f 3353/2853/3353 161/2855/161 1472/359/1472 3352/1715/3352
f 3354/1716/3354 1431/305/1431 161/2855/161 3353/2853/3353
f 3355/1719/3355 149/306/149 1431/305/1431 3354/1716/3354
f 3356/1721/3356 1396/310/1396 149/306/149 3355/1719/3355
f 3357/2212/3357 152/2834/152 1396/310/1396 3356/1721/3356
f 3358/1722/3358 878/3843/878 152/2834/152 3357/2212/3357
f 3359/1725/3359 570/3842/570 878/3843/878 3358/1722/3358
f 3360/1730/3360 2544/3841/2544 570/3842/570 3359/1725/3359
f 3361/1733/3361 2562/3840/2562 2544/3841/2544 3360/1730/3360
f 3362/3630/3362 534/3838/534 2562/3840/2562 3361/1733/3361
f 3363/3695/3363 2577/3839/2577 534/3838/534 3362/3630/3362
f 3364/1846/3364 612/3836/612 2577/3837/2577 3363/1843/3363
f 3365/1874/3365 1726/3835/1726 612/3836/612 3364/1846/3364
f 3366/1778/3366 594/3834/594 1726/3835/1726 3365/1874/3365
f 3367/1781/3367 584/3833/584 594/3834/594 3366/1778/3366
f 3371/2041/3371 2863/3702/2863 733/2092/733 2914/2091/2914
f 3372/129/3372 1342/128/1342 75/2799/75 3373/2797/3373
f 3374/85/3374 1603/199/1603 67/2736/67 3373/2797/3373
f 3375/88/3375 74/200/74 1603/199/1603 3374/85/3374
f 3376/156/3376 1322/201/1322 74/200/74 3375/88/3375
f 3377/2771/3377 3223/2769/3223 1322/201/1322 3376/156/3376
f 3378/2871/3378 96/2873/96 3223/2769/3223 3377/2771/3377
f 3379/232/3379 1493/204/1493 96/2873/96 3378/2871/3378
f 3380/96/3380 73/205/73 1493/204/1493 3379/232/3379
f 3381/99/3381 1607/206/1607 73/205/73 3380/96/3380
f 3382/100/3382 72/196/72 1607/206/1607 3381/99/3381
f 3383/103/3383 1285/197/1285 72/196/72 3382/100/3382
f 3384/2665/3384 1191/2666/1191 1285/197/1285 3383/103/3383
f 3385/207/3385 97/212/97 1191/2666/1191 3384/2665/3384
f 3386/210/3386 1043/213/1043 97/212/97 3385/207/3385
f 3387/2404/3387 71/2402/71 1043/213/1043 3386/210/3386
f 3388/153/3388 1520/179/1520 71/2402/71 3387/2404/3387
f 3389/108/3389 70/180/70 1520/179/1520 3388/153/3388
f 3390/111/3390 1499/181/1499 70/180/70 3389/108/3389
f 3391/2879/3391 99/2876/99 1499/181/1499 3390/111/3390
f 3392/2729/3392 3218/2730/3218 99/2876/99 3391/2879/3391
f 3393/231/3393 1279/216/1279 3218/2730/3218 3392/2729/3392
f 3394/122/3394 69/217/69 1279/216/1279 3393/231/3393
f 3395/123/3395 1551/218/1551 69/217/69 3394/122/3394
f 3396/2399/3396 68/2401/68 1551/218/1551 3395/123/3395
f 3397/223/3397 1041/220/1041 68/2401/68 3396/2399/3396
f 3398/224/3398 101/221/101 1041/220/1041 3397/223/3397
f 3399/126/3399 1198/191/1198 101/221/101 3398/224/3398
f 3372/129/3372 1321/192/1321 1198/191/1198 3399/126/3399
f 3400/2672/3400 1196/2674/1196 1282/222/1282 1197/194/1197

# 3395 faces
